order_id,awb,order_date,customer_name,phone,email,full_address,landmark,pincode,city,state,sku,product_name,quantity,order_value,payment_mode,courier,source_platform,campaign_name,utm_source,utm_medium,utm_campaign,ad_id,gross_margin,customer_type,shipment_status,ndr_reason,attempt_count,final_status
BTY-24001,SH987650000,2026-04-01T04:30:00.000Z,Aarav Sharma,9700000000,customer1@example.com,"House 18, Block A, Surat Residency, Sector 1",,395007,Surat,Gujarat,SERUM-VITC,Vitamin C Serum,2,700,Prepaid,Shiprocket,Meta,Meta Glow Offer,Meta,paid,Meta Glow Offer,MET-1000,54,repeat_delivered,RTO,Customer not available,2,RTO
BTY-24002,BL987650001,2026-04-02T05:30:00.000Z,Diya Verma,9700000001,customer2@example.com,"House 19, Block B, Delhi Residency, Sector 2",Near main market,110024,Delhi,Delhi,KIT-GLOW,Glow Routine Kit,1,1550,Prepaid,Bluedart,Instagram,Influencer Reel,Instagram,paid,Influencer Reel,INS-1001,52,first_time,RTO,Incorrect address,3,RTO
BTY-24003,DE987650002,2026-04-03T06:30:00.000Z,Kabir Khan,9700000002,customer3@example.com,"House 20, Block C, Bengaluru Residency, Sector 3",Near main market,560095,Bengaluru,Karnataka,LIP-MATTE,Matte Lip Trio,1,950,Prepaid,Delhivery,WhatsApp,Repeat CRM,WhatsApp,crm,Repeat CRM,WHA-1002,50,first_time,Delivered,,0,Delivered
BTY-24004,BL987650003,2026-04-04T07:30:00.000Z,Ananya Iyer,9700000003,customer4@example.com,"House 21, Block D, Ahmedabad Residency, Sector 4",Near main market,380015,Ahmedabad,Gujarat,CREAM-NIGHT,Repair Night Cream,1,1300,COD,Bluedart,Meta,Meta Glow Offer,Meta,paid,Meta Glow Offer,MET-1003,39,first_time,RTO,Door locked,3,RTO
BTY-24005,DT987650004,2026-04-05T08:30:00.000Z,Riya Patel,9700000004,customer5@example.com,"House 22, Block E, Jaipur Residency, Sector 5",Near main market,302001,Jaipur,Rajasthan,SERUM-VITC,Vitamin C Serum,1,700,Prepaid,DTDC,Instagram,Influencer Reel,Instagram,paid,Influencer Reel,INS-1004,49,repeat_delivered,Delivered,,0,Delivered
BTY-24006,DT987650005,2026-04-06T09:30:00.000Z,Vivaan Rao,9700000005,customer6@example.com,"House 23, Block F, Pune Residency, Sector 6",,411045,Pune,Maharashtra,KIT-GLOW,Glow Routine Kit,1,1500,Prepaid,DTDC,WhatsApp,Repeat CRM,WhatsApp,crm,Repeat CRM,WHA-1005,46,first_time,Delivered,,0,Delivered
BTY-24007,SH987650006,2026-04-07T10:30:00.000Z,Meera Singh,9700000006,customer7@example.com,"House 24, Block A, Surat Residency, Sector 7",Near main market,395007,Surat,Gujarat,LIP-MATTE,Matte Lip Trio,1,950,COD,Shiprocket,Meta,Meta Glow Offer,Meta,paid,Meta Glow Offer,MET-1006,53,first_time,Cancelled,,0,Cancelled before shipping
BTY-24008,SH987650007,2026-04-08T11:30:00.000Z,Ishaan Gupta,9700000007,customer8@example.com,"House 25, Block B, Lucknow Residency, Sector 8",Near main market,226010,Lucknow,Uttar Pradesh,CREAM-NIGHT,Repair Night Cream,1,1250,Prepaid,Shiprocket,Instagram,Influencer Reel,Instagram,paid,Influencer Reel,INS-1007,52,first_time,Delivered,,0,Delivered
BTY-24009,BL987650008,2026-04-09T12:30:00.000Z,Sara Ali,9700000008,customer9@example.com,"House 26, Block C, Indore Residency, Sector 9",Near main market,452010,Indore,Madhya Pradesh,SERUM-VITC,Vitamin C Serum,1,650,COD,Bluedart,WhatsApp,Repeat CRM,WhatsApp,crm,Repeat CRM,WHA-1008,50,repeat_delivered,Delivered,,0,Delivered
BTY-24010,BL987650009,2026-04-10T13:30:00.000Z,Nisha Nair,9700000009,customer10@example.com,"House 27, Block D, Surat Residency, Sector 10",Near main market,395007,Surat,Gujarat,KIT-GLOW,Glow Routine Kit,1,1450,COD,Bluedart,Meta,Meta Glow Offer,Meta,paid,Meta Glow Offer,MET-1009,42,first_time,RTO,No response on phone,3,RTO
BTY-24011,EK987650010,2026-04-11T14:30:00.000Z,Aarav Sharma,9700000010,customer11@example.com,"House 28, Block E, Hyderabad Residency, Sector 11",,500081,Hyderabad,Telangana,LIP-MATTE,Matte Lip Trio,1,850,COD,Ekart,Instagram,Influencer Reel,Instagram,paid,Influencer Reel,INS-1010,42,first_time,Undelivered,Door locked,1,In NDR
BTY-24012,BL987650011,2026-04-12T15:30:00.000Z,Diya Verma,9700000011,customer12@example.com,"House 29, Block F, Mumbai Residency, Sector 12",Near main market,400053,Mumbai,Maharashtra,CREAM-NIGHT,Repair Night Cream,1,1300,COD,Bluedart,WhatsApp,Repeat CRM,WhatsApp,crm,Repeat CRM,WHA-1011,49,first_time,Delivered,,0,Delivered
BTY-24013,DT987650012,2026-04-13T04:30:00.000Z,Kabir Khan,9700000012,customer13@example.com,"House 30, Block A, Chennai Residency, Sector 1",Near main market,600042,Chennai,Tamil Nadu,SERUM-VITC,Vitamin C Serum,1,750,Prepaid,DTDC,Meta,Meta Glow Offer,Meta,paid,Meta Glow Offer,MET-1012,47,repeat_delivered,Delivered,,0,Delivered
BTY-24014,SH987650013,2026-04-14T05:30:00.000Z,Ananya Iyer,9700000013,customer14@example.com,"House 31, Block B, Patna Residency, Sector 2",Near main market,800001,Patna,Bihar,KIT-GLOW,Glow Routine Kit,1,1650,Prepaid,Shiprocket,Instagram,Influencer Reel,Instagram,paid,Influencer Reel,INS-1013,45,first_time,RTO,Customer requested future delivery,3,RTO
BTY-24015,SH987650014,2026-04-15T06:30:00.000Z,Riya Patel,9700000014,customer15@example.com,"House 32, Block C, Patna Residency, Sector 3",Near main market,800001,Patna,Bihar,LIP-MATTE,Matte Lip Trio,1,950,COD,Shadowfax,WhatsApp,Repeat CRM,WhatsApp,crm,Repeat CRM,WHA-1014,39,first_time,Delivered,,0,Delivered
BTY-24016,DT987650015,2026-04-16T07:30:00.000Z,Vivaan Rao,9700000015,customer16@example.com,"House 33, Block D, Surat Residency, Sector 4",,395007,Surat,Gujarat,CREAM-NIGHT,Repair Night Cream,1,1150,COD,DTDC,Meta,Meta Glow Offer,Meta,paid,Meta Glow Offer,MET-1015,54,first_time,RTO,Incorrect address,3,RTO
BTY-24017,DE987650016,2026-04-17T08:30:00.000Z,Meera Singh,9700000016,customer17@example.com,"House 34, Block E, Delhi Residency, Sector 5",Near main market,110024,Delhi,Delhi,SERUM-VITC,Vitamin C Serum,1,750,Prepaid,Delhivery,Instagram,Influencer Reel,Instagram,paid,Influencer Reel,INS-1016,44,repeat_delivered,Undelivered,No response on phone,1,In NDR
BTY-24018,DE987650017,2026-04-18T09:30:00.000Z,Ishaan Gupta,9700000017,customer18@example.com,"House 35, Block F, Lucknow Residency, Sector 6",Near main market,226010,Lucknow,Uttar Pradesh,KIT-GLOW,Glow Routine Kit,1,1600,COD,Delhivery,WhatsApp,Repeat CRM,WhatsApp,crm,Repeat CRM,WHA-1017,48,first_time,Undelivered,Door locked,2,In NDR
BTY-24019,SH987650018,2026-04-19T10:30:00.000Z,Sara Ali,9700000018,customer19@example.com,Near temple main road Surat,,395007,Surat,Gujarat,LIP-MATTE,Matte Lip Trio,1,850,Prepaid,Shiprocket,Meta,Meta Glow Offer,Meta,paid,Meta Glow Offer,MET-1018,56,first_time,Delivered,,0,Delivered
BTY-24020,XP987650019,2026-04-20T11:30:00.000Z,Nisha Nair,9700000019,customer20@example.com,"House 37, Block B, Patna Residency, Sector 8",Near main market,800001,Patna,Bihar,CREAM-NIGHT,Repair Night Cream,1,1150,COD,Xpressbees,Instagram,Influencer Reel,Instagram,paid,Influencer Reel,INS-1019,40,first_time,RTO,Cash not ready,3,RTO
BTY-24021,DT987650020,2026-04-21T12:30:00.000Z,Aarav Sharma,9700000020,customer21@example.com,"House 38, Block C, Pune Residency, Sector 9",,411045,Pune,Maharashtra,SERUM-VITC,Vitamin C Serum,1,700,COD,DTDC,WhatsApp,Repeat CRM,WhatsApp,crm,Repeat CRM,WHA-1020,46,repeat_delivered,Delivered,,0,Delivered
BTY-24022,SH987650021,2026-04-22T13:30:00.000Z,Diya Verma,9700000021,customer22@example.com,Near temple main road Surat,,395007,Surat,Gujarat,KIT-GLOW,Glow Routine Kit,1,1550,COD,Shiprocket,Meta,Meta Glow Offer,Meta,paid,Meta Glow Offer,MET-1021,50,first_time,RTO,Customer not available,3,RTO
BTY-24023,DT987650022,2026-04-23T14:30:00.000Z,Kabir Khan,9700000022,customer23@example.com,"House 40, Block E, Lucknow Residency, Sector 11",Near main market,226010,Lucknow,Uttar Pradesh,LIP-MATTE,Matte Lip Trio,1,950,Prepaid,DTDC,Instagram,Influencer Reel,Instagram,paid,Influencer Reel,INS-1022,40,first_time,Delivered,,0,Delivered
BTY-24024,EK987650023,2026-04-24T15:30:00.000Z,Ananya Iyer,9700000023,customer24@example.com,"House 41, Block F, Indore Residency, Sector 12",Near main market,452010,Indore,Madhya Pradesh,CREAM-NIGHT,Repair Night Cream,1,1150,COD,Ekart,WhatsApp,Repeat CRM,WhatsApp,crm,Repeat CRM,WHA-1023,39,first_time,Delivered,,0,Delivered
BTY-24025,BL987650024,2026-04-25T04:30:00.000Z,Riya Patel,9700000024,customer25@example.com,"House 42, Block A, Surat Residency, Sector 1",Near main market,395007,Surat,Gujarat,SERUM-VITC,Vitamin C Serum,1,700,COD,Bluedart,Meta,Meta Glow Offer,Meta,paid,Meta Glow Offer,MET-1024,42,repeat_delivered,Delivered,,0,Delivered
BTY-24026,SH987650025,2026-04-26T05:30:00.000Z,Vivaan Rao,9700000025,customer26@example.com,"House 43, Block B, Patna Residency, Sector 2",,800001,Patna,Bihar,KIT-GLOW,Glow Routine Kit,1,1600,Prepaid,Shiprocket,Instagram,Influencer Reel,Instagram,paid,Influencer Reel,INS-1025,45,first_time,Delivered,,0,Delivered
BTY-24027,DE987650026,2026-04-27T06:30:00.000Z,Meera Singh,9700000026,customer27@example.com,Near temple main road Lucknow,,226010,Lucknow,Uttar Pradesh,LIP-MATTE,Matte Lip Trio,1,850,COD,Delhivery,WhatsApp,Repeat CRM,WhatsApp,crm,Repeat CRM,WHA-1026,49,first_time,RTO,Cash not ready,2,RTO
BTY-24028,BL987650027,2026-04-28T07:30:00.000Z,Ishaan Gupta,9700000027,customer28@example.com,"House 45, Block D, Chennai Residency, Sector 4",Near main market,600042,Chennai,Tamil Nadu,CREAM-NIGHT,Repair Night Cream,1,1200,Prepaid,Bluedart,Meta,Meta Glow Offer,Meta,paid,Meta Glow Offer,MET-1027,44,first_time,Delivered,,0,Delivered
BTY-24029,EK987650028,2026-04-29T08:30:00.000Z,Sara Ali,9700000028,customer29@example.com,"House 46, Block E, Bhubaneswar Residency, Sector 5",Near main market,751024,Bhubaneswar,Odisha,SERUM-VITC,Vitamin C Serum,1,750,COD,Ekart,Instagram,Influencer Reel,Instagram,paid,Influencer Reel,INS-1028,47,repeat_delivered,Delivered,,0,Delivered
BTY-24030,SH987650029,2026-04-30T09:30:00.000Z,Nisha Nair,9700000029,customer30@example.com,"House 47, Block F, Patna Residency, Sector 6",Near main market,800001,Patna,Bihar,KIT-GLOW,Glow Routine Kit,2,1450,Prepaid,Shiprocket,WhatsApp,Repeat CRM,WhatsApp,crm,Repeat CRM,WHA-1029,54,first_time,Delivered,,0,Delivered
BTY-24031,XP987650030,2026-04-01T10:30:00.000Z,Aarav Sharma,9700000030,customer31@example.com,"House 48, Block A, Ghaziabad Residency, Sector 7",,201001,Ghaziabad,Uttar Pradesh,LIP-MATTE,Matte Lip Trio,1,900,Prepaid,Xpressbees,Meta,Meta Glow Offer,Meta,paid,Meta Glow Offer,MET-1030,48,first_time,Undelivered,No response on phone,1,In NDR
BTY-24032,SH987650031,2026-04-02T11:30:00.000Z,Diya Verma,9700000031,customer32@example.com,"House 49, Block B, Delhi Residency, Sector 8",Near main market,110024,Delhi,Delhi,CREAM-NIGHT,Repair Night Cream,1,1150,Prepaid,Shadowfax,Instagram,Influencer Reel,Instagram,paid,Influencer Reel,INS-1031,55,first_time,Delivered,,0,Delivered
BTY-24033,BL987650032,2026-04-03T12:30:00.000Z,Kabir Khan,9700000032,customer33@example.com,"House 50, Block C, Bengaluru Residency, Sector 9",Near main market,560095,Bengaluru,Karnataka,SERUM-VITC,Vitamin C Serum,1,700,COD,Bluedart,WhatsApp,Repeat CRM,WhatsApp,crm,Repeat CRM,WHA-1032,45,repeat_delivered,Delivered,,0,Delivered
BTY-24034,EK987650033,2026-04-04T13:30:00.000Z,Ananya Iyer,9700000033,customer34@example.com,Near temple main road Surat,,395007,Surat,Gujarat,KIT-GLOW,Glow Routine Kit,1,1450,COD,Ekart,Meta,Meta Glow Offer,Meta,paid,Meta Glow Offer,MET-1033,41,first_time,RTO,Cash not ready,3,RTO
BTY-24035,EK987650034,2026-04-05T14:30:00.000Z,Riya Patel,9700000034,customer35@example.com,"House 52, Block E, Jaipur Residency, Sector 11",Near main market,302001,Jaipur,Rajasthan,LIP-MATTE,Matte Lip Trio,1,850,COD,Ekart,Instagram,Influencer Reel,Instagram,paid,Influencer Reel,INS-1034,42,first_time,Delivered,,0,Delivered
BTY-24036,EK987650035,2026-04-06T15:30:00.000Z,Vivaan Rao,9700000035,customer36@example.com,"House 53, Block F, Pune Residency, Sector 12",,411045,Pune,Maharashtra,CREAM-NIGHT,Repair Night Cream,1,1150,COD,Ekart,WhatsApp,Repeat CRM,WhatsApp,crm,Repeat CRM,WHA-1035,52,first_time,RTO,Customer not available,3,RTO
BTY-24037,SH987650036,2026-04-07T04:30:00.000Z,Meera Singh,9700000036,customer37@example.com,"House 54, Block A, Kolkata Residency, Sector 1",Near main market,700016,Kolkata,West Bengal,SERUM-VITC,Vitamin C Serum,1,750,Prepaid,Shiprocket,Meta,Meta Glow Offer,Meta,paid,Meta Glow Offer,MET-1036,48,repeat_delivered,Delivered,,0,Delivered
BTY-24038,SH987650037,2026-04-08T05:30:00.000Z,Ishaan Gupta,9700000037,customer38@example.com,"House 55, Block B, Lucknow Residency, Sector 2",Near main market,226010,Lucknow,Uttar Pradesh,KIT-GLOW,Glow Routine Kit,1,1450,COD,Shiprocket,Instagram,Influencer Reel,Instagram,paid,Influencer Reel,INS-1037,47,first_time,Delivered,,0,Delivered
BTY-24039,XP987650038,2026-04-09T06:30:00.000Z,Sara Ali,9700000038,customer39@example.com,"House 56, Block C, Indore Residency, Sector 3",Near main market,452010,Indore,Madhya Pradesh,LIP-MATTE,Matte Lip Trio,1,950,Prepaid,Xpressbees,WhatsApp,Repeat CRM,WhatsApp,crm,Repeat CRM,WHA-1038,48,first_time,Delivered,,0,Delivered
BTY-24040,DT987650039,2026-04-10T07:30:00.000Z,Nisha Nair,9700000039,customer40@example.com,"House 57, Block D, Surat Residency, Sector 4",Near main market,395007,Surat,Gujarat,CREAM-NIGHT,Repair Night Cream,1,1300,COD,DTDC,Meta,Meta Glow Offer,Meta,paid,Meta Glow Offer,MET-1039,42,first_time,RTO,Customer refused delivery,3,RTO
BTY-24041,SH987650040,2026-04-11T08:30:00.000Z,Aarav Sharma,9700000040,customer41@example.com,"House 58, Block E, Hyderabad Residency, Sector 5",,500081,Hyderabad,Telangana,SERUM-VITC,Vitamin C Serum,1,700,Prepaid,Shiprocket,Instagram,Influencer Reel,Instagram,paid,Influencer Reel,INS-1040,48,repeat_delivered,Undelivered,Cash not ready,1,In NDR
BTY-24042,DE987650041,2026-04-12T09:30:00.000Z,Diya Verma,9700000041,customer42@example.com,"House 59, Block F, Mumbai Residency, Sector 6",Near main market,400053,Mumbai,Maharashtra,KIT-GLOW,Glow Routine Kit,1,1500,COD,Delhivery,WhatsApp,Repeat CRM,WhatsApp,crm,Repeat CRM,WHA-1041,52,first_time,RTO,Customer requested future delivery,3,RTO
BTY-24043,DT987650042,2026-04-13T10:30:00.000Z,Kabir Khan,9700000042,customer43@example.com,"House 60, Block A, Surat Residency, Sector 7",Near main market,395007,Surat,Gujarat,LIP-MATTE,Matte Lip Trio,1,850,Prepaid,DTDC,Meta,Meta Glow Offer,Meta,paid,Meta Glow Offer,MET-1042,50,first_time,Delivered,,0,Delivered
BTY-24044,DE987650043,2026-04-14T11:30:00.000Z,Ananya Iyer,9700000043,customer44@example.com,"House 61, Block B, Bhubaneswar Residency, Sector 8",Near main market,751024,Bhubaneswar,Odisha,CREAM-NIGHT,Repair Night Cream,1,1100,Prepaid,Delhivery,Instagram,Influencer Reel,Instagram,paid,Influencer Reel,INS-1043,50,first_time,Delivered,,0,Delivered
BTY-24045,DT987650044,2026-04-15T12:30:00.000Z,Riya Patel,9700000044,customer45@example.com,"House 62, Block C, Patna Residency, Sector 9",Near main market,800001,Patna,Bihar,SERUM-VITC,Vitamin C Serum,1,700,Prepaid,DTDC,WhatsApp,Repeat CRM,WhatsApp,crm,Repeat CRM,WHA-1044,43,repeat_delivered,Delivered,,0,Delivered
BTY-24046,SH987650045,2026-04-16T13:30:00.000Z,Vivaan Rao,9700000045,customer46@example.com,"House 63, Block D, Ghaziabad Residency, Sector 10",,201001,Ghaziabad,Uttar Pradesh,KIT-GLOW,Glow Routine Kit,1,1600,Prepaid,Shiprocket,Meta,Meta Glow Offer,Meta,paid,Meta Glow Offer,MET-1045,48,first_time,Undelivered,Door locked,2,In NDR
BTY-24047,EK987650046,2026-04-17T14:30:00.000Z,Meera Singh,9700000046,customer47@example.com,"House 64, Block E, Delhi Residency, Sector 11",Near main market,110024,Delhi,Delhi,LIP-MATTE,Matte Lip Trio,1,950,COD,Ekart,Instagram,Influencer Reel,Instagram,paid,Influencer Reel,INS-1046,53,first_time,Delivered,,0,Delivered
BTY-24048,SH987650047,2026-04-18T15:30:00.000Z,Ishaan Gupta,9700000047,customer48@example.com,"House 65, Block F, Bengaluru Residency, Sector 12",Near main market,560095,Bengaluru,Karnataka,CREAM-NIGHT,Repair Night Cream,1,1250,Prepaid,Shadowfax,WhatsApp,Repeat CRM,WhatsApp,crm,Repeat CRM,WHA-1047,40,first_time,Delivered,,0,Delivered
BTY-24049,SH987650048,2026-04-19T04:30:00.000Z,Sara Ali,9700000048,customer49@example.com,"House 66, Block A, Surat Residency, Sector 1",Near main market,395007,Surat,Gujarat,SERUM-VITC,Vitamin C Serum,1,650,COD,Shiprocket,Meta,Meta Glow Offer,Meta,paid,Meta Glow Offer,MET-1048,47,repeat_delivered,Undelivered,Customer requested future delivery,1,In NDR
BTY-24050,SH987650049,2026-04-20T05:30:00.000Z,Nisha Nair,9700000049,customer50@example.com,Near temple main road Patna,,800001,Patna,Bihar,KIT-GLOW,Glow Routine Kit,1,1400,Prepaid,Shiprocket,Instagram,Influencer Reel,Instagram,paid,Influencer Reel,INS-1049,41,first_time,RTO,Customer not available,3,RTO
BTY-24051,DT987650050,2026-04-21T06:30:00.000Z,Aarav Sharma,9700000050,customer51@example.com,"House 68, Block C, Pune Residency, Sector 3",,411045,Pune,Maharashtra,LIP-MATTE,Matte Lip Trio,1,800,COD,DTDC,WhatsApp,Repeat CRM,WhatsApp,crm,Repeat CRM,WHA-1050,56,first_time,Delivered,,0,Delivered
BTY-24052,XP987650051,2026-04-22T07:30:00.000Z,Diya Verma,9700000051,customer52@example.com,"House 69, Block D, Surat Residency, Sector 4",Near main market,395007,Surat,Gujarat,CREAM-NIGHT,Repair Night Cream,1,1200,COD,Xpressbees,Meta,Meta Glow Offer,Meta,paid,Meta Glow Offer,MET-1051,47,first_time,RTO,No response on phone,3,RTO
BTY-24053,EK987650052,2026-04-23T08:30:00.000Z,Kabir Khan,9700000052,customer53@example.com,"House 70, Block E, Lucknow Residency, Sector 5",Near main market,226010,Lucknow,Uttar Pradesh,SERUM-VITC,Vitamin C Serum,1,750,Prepaid,Ekart,Instagram,Influencer Reel,Instagram,paid,Influencer Reel,INS-1052,45,repeat_delivered,Undelivered,Door locked,1,In NDR
BTY-24054,XP987650053,2026-04-24T09:30:00.000Z,Ananya Iyer,9700000053,customer54@example.com,Near temple main road Lucknow,,226010,Lucknow,Uttar Pradesh,KIT-GLOW,Glow Routine Kit,1,1600,COD,Xpressbees,WhatsApp,Repeat CRM,WhatsApp,crm,Repeat CRM,WHA-1053,54,first_time,RTO,Customer refused delivery,3,RTO
BTY-24055,BL987650054,2026-04-25T10:30:00.000Z,Riya Patel,9700000054,customer55@example.com,"House 72, Block A, Surat Residency, Sector 7",Near main market,395007,Surat,Gujarat,LIP-MATTE,Matte Lip Trio,1,850,COD,Bluedart,Meta,Meta Glow Offer,Meta,paid,Meta Glow Offer,MET-1054,58,first_time,Undelivered,Cash not ready,1,In NDR
BTY-24056,EK987650055,2026-04-26T11:30:00.000Z,Vivaan Rao,9700000055,customer56@example.com,"House 73, Block B, Hyderabad Residency, Sector 8",,500081,Hyderabad,Telangana,CREAM-NIGHT,Repair Night Cream,1,1300,Prepaid,Ekart,Instagram,Influencer Reel,Instagram,paid,Influencer Reel,INS-1055,49,first_time,RTO,Customer requested future delivery,3,RTO
BTY-24057,EK987650056,2026-04-27T12:30:00.000Z,Meera Singh,9700000056,customer57@example.com,"House 74, Block C, Mumbai Residency, Sector 9",Near main market,400053,Mumbai,Maharashtra,SERUM-VITC,Vitamin C Serum,1,650,Prepaid,Ekart,WhatsApp,Repeat CRM,WhatsApp,crm,Repeat CRM,WHA-1056,49,repeat_delivered,Delivered,,0,Delivered
BTY-24058,DT987650057,2026-04-28T13:30:00.000Z,Ishaan Gupta,9700000057,customer58@example.com,"House 75, Block D, Chennai Residency, Sector 10",Near main market,600042,Chennai,Tamil Nadu,KIT-GLOW,Glow Routine Kit,1,1450,COD,DTDC,Meta,Meta Glow Offer,Meta,paid,Meta Glow Offer,MET-1057,50,first_time,Delivered,,0,Delivered
BTY-24059,SH987650058,2026-04-29T14:30:00.000Z,Sara Ali,9700000058,customer59@example.com,"House 76, Block E, Bhubaneswar Residency, Sector 11",Near main market,751024,Bhubaneswar,Odisha,LIP-MATTE,Matte Lip Trio,2,850,Prepaid,Shiprocket,Instagram,Influencer Reel,Instagram,paid,Influencer Reel,INS-1058,55,first_time,Undelivered,No response on phone,1,In NDR
BTY-24060,DE987650059,2026-04-30T15:30:00.000Z,Nisha Nair,9700000059,customer60@example.com,"House 77, Block F, Patna Residency, Sector 12",Near main market,800001,Patna,Bihar,CREAM-NIGHT,Repair Night Cream,1,1200,COD,Delhivery,WhatsApp,Repeat CRM,WhatsApp,crm,Repeat CRM,WHA-1059,52,first_time,Delivered,,0,Delivered
BTY-24061,XP987650060,2026-04-01T04:30:00.000Z,Aarav Sharma,9700000060,customer61@example.com,"House 78, Block A, Surat Residency, Sector 1",,395007,Surat,Gujarat,SERUM-VITC,Vitamin C Serum,1,650,Prepaid,Xpressbees,Meta,Meta Glow Offer,Meta,paid,Meta Glow Offer,MET-1060,53,repeat_delivered,Delivered,,0,Delivered
BTY-24062,BL987650061,2026-04-02T05:30:00.000Z,Diya Verma,9700000061,customer62@example.com,"House 79, Block B, Patna Residency, Sector 2",Near main market,800001,Patna,Bihar,KIT-GLOW,Glow Routine Kit,1,1550,COD,Bluedart,Instagram,Influencer Reel,Instagram,paid,Influencer Reel,INS-1061,50,first_time,Undelivered,Cash not ready,2,In NDR
BTY-24063,SH987650062,2026-04-03T06:30:00.000Z,Kabir Khan,9700000062,customer63@example.com,"House 80, Block C, Bengaluru Residency, Sector 3",Near main market,560095,Bengaluru,Karnataka,LIP-MATTE,Matte Lip Trio,1,900,COD,Shiprocket,WhatsApp,Repeat CRM,WhatsApp,crm,Repeat CRM,WHA-1062,48,first_time,Delivered,,0,Delivered
BTY-24064,SH987650063,2026-04-04T07:30:00.000Z,Ananya Iyer,9700000063,customer64@example.com,"House 81, Block D, Surat Residency, Sector 4",Near main market,395007,Surat,Gujarat,CREAM-NIGHT,Repair Night Cream,1,1250,COD,Shiprocket,Meta,Meta Glow Offer,Meta,paid,Meta Glow Offer,MET-1063,40,first_time,RTO,Customer not available,3,RTO
BTY-24065,BL987650064,2026-04-05T08:30:00.000Z,Riya Patel,9700000064,customer65@example.com,"House 82, Block E, Jaipur Residency, Sector 5",Near main market,302001,Jaipur,Rajasthan,SERUM-VITC,Vitamin C Serum,1,650,COD,Bluedart,Instagram,Influencer Reel,Instagram,paid,Influencer Reel,INS-1064,51,repeat_delivered,Delivered,,0,Delivered
BTY-24066,XP987650065,2026-04-06T09:30:00.000Z,Vivaan Rao,9700000065,customer66@example.com,Near temple main road Lucknow,,226010,Lucknow,Uttar Pradesh,KIT-GLOW,Glow Routine Kit,1,1650,COD,Xpressbees,WhatsApp,Repeat CRM,WhatsApp,crm,Repeat CRM,WHA-1065,44,first_time,RTO,No response on phone,3,RTO
BTY-24067,EK987650066,2026-04-07T10:30:00.000Z,Meera Singh,9700000066,customer67@example.com,"House 84, Block A, Surat Residency, Sector 7",Near main market,395007,Surat,Gujarat,LIP-MATTE,Matte Lip Trio,1,800,COD,Ekart,Meta,Meta Glow Offer,Meta,paid,Meta Glow Offer,MET-1066,52,first_time,Undelivered,Door locked,1,In NDR
BTY-24068,DT987650067,2026-04-08T11:30:00.000Z,Ishaan Gupta,9700000067,customer68@example.com,Near temple main road Patna,,800001,Patna,Bihar,CREAM-NIGHT,Repair Night Cream,1,1300,Prepaid,DTDC,Instagram,Influencer Reel,Instagram,paid,Influencer Reel,INS-1067,55,first_time,Undelivered,Customer refused delivery,2,In NDR
BTY-24069,DE987650068,2026-04-09T12:30:00.000Z,Sara Ali,9700000068,customer69@example.com,"House 86, Block C, Indore Residency, Sector 9",Near main market,452010,Indore,Madhya Pradesh,SERUM-VITC,Vitamin C Serum,1,650,Prepaid,Delhivery,WhatsApp,Repeat CRM,WhatsApp,crm,Repeat CRM,WHA-1068,48,repeat_delivered,Delivered,,0,Delivered
BTY-24070,SH987650069,2026-04-10T13:30:00.000Z,Nisha Nair,9700000069,customer70@example.com,"House 87, Block D, Surat Residency, Sector 10",Near main market,395007,Surat,Gujarat,KIT-GLOW,Glow Routine Kit,1,1550,Prepaid,Shiprocket,Meta,Meta Glow Offer,Meta,paid,Meta Glow Offer,MET-1069,49,first_time,Delivered,,0,Delivered
BTY-24071,SH987650070,2026-04-11T14:30:00.000Z,Aarav Sharma,9700000070,customer71@example.com,Near temple main road Patna,,800001,Patna,Bihar,LIP-MATTE,Matte Lip Trio,1,950,COD,Shadowfax,Instagram,Influencer Reel,Instagram,paid,Influencer Reel,INS-1070,54,first_time,RTO,Customer not available,2,RTO
BTY-24072,DE987650071,2026-04-12T15:30:00.000Z,Diya Verma,9700000071,customer72@example.com,"House 89, Block F, Lucknow Residency, Sector 12",Near main market,226010,Lucknow,Uttar Pradesh,CREAM-NIGHT,Repair Night Cream,1,1100,Prepaid,Delhivery,WhatsApp,Repeat CRM,WhatsApp,crm,Repeat CRM,WHA-1071,47,first_time,Delivered,,0,Delivered
BTY-24073,DT987650072,2026-04-13T04:30:00.000Z,Kabir Khan,9700000072,customer73@example.com,"House 90, Block A, Surat Residency, Sector 1",Near main market,395007,Surat,Gujarat,SERUM-VITC,Vitamin C Serum,1,750,Prepaid,DTDC,Meta,Meta Glow Offer,Meta,paid,Meta Glow Offer,MET-1072,56,repeat_delivered,RTO,No response on phone,2,RTO
BTY-24074,XP987650073,2026-04-14T05:30:00.000Z,Ananya Iyer,9700000073,customer74@example.com,"House 91, Block B, Bhubaneswar Residency, Sector 2",Near main market,751024,Bhubaneswar,Odisha,KIT-GLOW,Glow Routine Kit,1,1450,COD,Xpressbees,Instagram,Influencer Reel,Instagram,paid,Influencer Reel,INS-1073,52,first_time,Undelivered,Door locked,2,In NDR
BTY-24075,EK987650074,2026-04-15T06:30:00.000Z,Riya Patel,9700000074,customer75@example.com,"House 92, Block C, Lucknow Residency, Sector 3",Near main market,226010,Lucknow,Uttar Pradesh,LIP-MATTE,Matte Lip Trio,1,950,Prepaid,Ekart,WhatsApp,Repeat CRM,WhatsApp,crm,Repeat CRM,WHA-1074,49,first_time,Delivered,,0,Delivered
BTY-24076,DT987650075,2026-04-16T07:30:00.000Z,Vivaan Rao,9700000075,customer76@example.com,"House 93, Block D, Ghaziabad Residency, Sector 4",,201001,Ghaziabad,Uttar Pradesh,CREAM-NIGHT,Repair Night Cream,1,1100,COD,DTDC,Meta,Meta Glow Offer,Meta,paid,Meta Glow Offer,MET-1075,45,first_time,RTO,Cash not ready,3,RTO
BTY-24077,SH987650076,2026-04-17T08:30:00.000Z,Meera Singh,9700000076,customer77@example.com,"House 94, Block E, Delhi Residency, Sector 5",Near main market,110024,Delhi,Delhi,SERUM-VITC,Vitamin C Serum,1,650,Prepaid,Shadowfax,Instagram,Influencer Reel,Instagram,paid,Influencer Reel,INS-1076,42,repeat_delivered,RTO,Customer requested future delivery,2,RTO
BTY-24078,SH987650077,2026-04-18T09:30:00.000Z,Ishaan Gupta,9700000077,customer78@example.com,"House 95, Block F, Lucknow Residency, Sector 6",Near main market,226010,Lucknow,Uttar Pradesh,KIT-GLOW,Glow Routine Kit,1,1550,COD,Shadowfax,WhatsApp,Repeat CRM,WhatsApp,crm,Repeat CRM,WHA-1077,44,first_time,Undelivered,Customer not available,2,In NDR
BTY-24079,DE987650078,2026-04-19T10:30:00.000Z,Sara Ali,9700000078,customer79@example.com,Near temple main road Surat,,395007,Surat,Gujarat,LIP-MATTE,Matte Lip Trio,1,900,COD,Delhivery,Meta,Meta Glow Offer,Meta,paid,Meta Glow Offer,MET-1078,39,first_time,RTO,Incorrect address,2,RTO
BTY-24080,DT987650079,2026-04-20T11:30:00.000Z,Nisha Nair,9700000079,customer80@example.com,"House 97, Block B, Patna Residency, Sector 8",Near main market,800001,Patna,Bihar,CREAM-NIGHT,Repair Night Cream,1,1150,COD,DTDC,Instagram,Influencer Reel,Instagram,paid,Influencer Reel,INS-1079,46,first_time,RTO,No response on phone,3,RTO
BTY-24081,DE987650080,2026-04-21T12:30:00.000Z,Aarav Sharma,9700000080,customer81@example.com,"House 98, Block C, Pune Residency, Sector 9",,411045,Pune,Maharashtra,SERUM-VITC,Vitamin C Serum,1,650,Prepaid,Delhivery,WhatsApp,Repeat CRM,WhatsApp,crm,Repeat CRM,WHA-1000,55,repeat_delivered,Delivered,,0,Delivered
BTY-24082,EK987650081,2026-04-22T13:30:00.000Z,Diya Verma,9700000081,customer82@example.com,"House 99, Block D, Kolkata Residency, Sector 10",Near main market,700016,Kolkata,West Bengal,KIT-GLOW,Glow Routine Kit,1,1450,COD,Ekart,Meta,Meta Glow Offer,Meta,paid,Meta Glow Offer,MET-1001,51,first_time,Delivered,,0,Delivered
BTY-24083,SH987650082,2026-04-23T14:30:00.000Z,Kabir Khan,9700000082,customer83@example.com,"House 100, Block E, Patna Residency, Sector 11",Near main market,800001,Patna,Bihar,LIP-MATTE,Matte Lip Trio,1,850,COD,Shiprocket,Instagram,Influencer Reel,Instagram,paid,Influencer Reel,INS-1002,58,first_time,Undelivered,Cash not ready,1,In NDR
BTY-24084,SH987650083,2026-04-24T15:30:00.000Z,Ananya Iyer,9700000083,customer84@example.com,"House 101, Block F, Indore Residency, Sector 12",Near main market,452010,Indore,Madhya Pradesh,CREAM-NIGHT,Repair Night Cream,1,1100,COD,Shadowfax,WhatsApp,Repeat CRM,WhatsApp,crm,Repeat CRM,WHA-1003,56,first_time,Delivered,,0,Delivered
BTY-24085,BL987650084,2026-04-25T04:30:00.000Z,Riya Patel,9700000084,customer85@example.com,"House 102, Block A, Surat Residency, Sector 1",Near main market,395007,Surat,Gujarat,SERUM-VITC,Vitamin C Serum,1,700,Prepaid,Bluedart,Meta,Meta Glow Offer,Meta,paid,Meta Glow Offer,MET-1004,48,repeat_delivered,Delivered,,0,Delivered
BTY-24086,DT987650085,2026-04-26T05:30:00.000Z,Vivaan Rao,9700000085,customer86@example.com,"House 103, Block B, Hyderabad Residency, Sector 2",,500081,Hyderabad,Telangana,KIT-GLOW,Glow Routine Kit,1,1650,Prepaid,DTDC,Instagram,Influencer Reel,Instagram,paid,Influencer Reel,INS-1005,45,first_time,Undelivered,Incorrect address,2,In NDR
BTY-24087,DE987650086,2026-04-27T06:30:00.000Z,Meera Singh,9700000086,customer87@example.com,"House 104, Block C, Mumbai Residency, Sector 3",Near main market,400053,Mumbai,Maharashtra,LIP-MATTE,Matte Lip Trio,1,850,COD,Delhivery,WhatsApp,Repeat CRM,WhatsApp,crm,Repeat CRM,WHA-1006,55,first_time,Delivered,,0,Delivered
BTY-24088,DE987650087,2026-04-28T07:30:00.000Z,Ishaan Gupta,9700000087,customer88@example.com,"House 105, Block D, Chennai Residency, Sector 4",Near main market,600042,Chennai,Tamil Nadu,CREAM-NIGHT,Repair Night Cream,2,1100,Prepaid,Delhivery,Meta,Meta Glow Offer,Meta,paid,Meta Glow Offer,MET-1007,47,first_time,Delivered,,0,Delivered
BTY-24089,DE987650088,2026-04-29T08:30:00.000Z,Sara Ali,9700000088,customer89@example.com,"House 106, Block E, Bhubaneswar Residency, Sector 5",Near main market,751024,Bhubaneswar,Odisha,SERUM-VITC,Vitamin C Serum,1,700,COD,Delhivery,Instagram,Influencer Reel,Instagram,paid,Influencer Reel,INS-1008,53,repeat_delivered,Undelivered,Customer refused delivery,1,In NDR
BTY-24090,SH987650089,2026-04-30T09:30:00.000Z,Nisha Nair,9700000089,customer90@example.com,"House 107, Block F, Patna Residency, Sector 6",Near main market,800001,Patna,Bihar,KIT-GLOW,Glow Routine Kit,1,1500,COD,Shiprocket,WhatsApp,Repeat CRM,WhatsApp,crm,Repeat CRM,WHA-1009,56,first_time,Undelivered,Cash not ready,2,In NDR
BTY-24091,SH987650090,2026-04-01T10:30:00.000Z,Aarav Sharma,9700000090,customer91@example.com,"House 18, Block A, Ghaziabad Residency, Sector 7",,201001,Ghaziabad,Uttar Pradesh,LIP-MATTE,Matte Lip Trio,1,950,COD,Shadowfax,Meta,Meta Glow Offer,Meta,paid,Meta Glow Offer,MET-1010,45,first_time,RTO,Customer requested future delivery,2,RTO
BTY-24092,EK987650091,2026-04-02T11:30:00.000Z,Diya Verma,9700000091,customer92@example.com,"House 19, Block B, Patna Residency, Sector 8",Near main market,800001,Patna,Bihar,CREAM-NIGHT,Repair Night Cream,1,1100,Prepaid,Ekart,Instagram,Influencer Reel,Instagram,paid,Influencer Reel,INS-1011,52,first_time,Undelivered,Customer not available,2,In NDR
BTY-24093,XP987650092,2026-04-03T12:30:00.000Z,Kabir Khan,9700000092,customer93@example.com,"House 20, Block C, Bengaluru Residency, Sector 9",Near main market,560095,Bengaluru,Karnataka,SERUM-VITC,Vitamin C Serum,1,750,COD,Xpressbees,WhatsApp,Repeat CRM,WhatsApp,crm,Repeat CRM,WHA-1012,53,repeat_delivered,Undelivered,Incorrect address,1,In NDR
BTY-24094,XP987650093,2026-04-04T13:30:00.000Z,Ananya Iyer,9700000093,customer94@example.com,Near temple main road Surat,,395007,Surat,Gujarat,KIT-GLOW,Glow Routine Kit,1,1400,COD,Xpressbees,Meta,Meta Glow Offer,Meta,paid,Meta Glow Offer,MET-1013,47,first_time,RTO,No response on phone,3,RTO
BTY-24095,DT987650094,2026-04-05T14:30:00.000Z,Riya Patel,9700000094,customer95@example.com,"House 22, Block E, Jaipur Residency, Sector 11",Near main market,302001,Jaipur,Rajasthan,LIP-MATTE,Matte Lip Trio,1,950,COD,DTDC,Instagram,Influencer Reel,Instagram,paid,Influencer Reel,INS-1014,51,first_time,Delivered,,0,Delivered
BTY-24096,BL987650095,2026-04-06T15:30:00.000Z,Vivaan Rao,9700000095,customer96@example.com,"House 23, Block F, Pune Residency, Sector 12",,411045,Pune,Maharashtra,CREAM-NIGHT,Repair Night Cream,1,1100,Prepaid,Bluedart,WhatsApp,Repeat CRM,WhatsApp,crm,Repeat CRM,WHA-1015,48,first_time,Delivered,,0,Delivered
BTY-24097,EK987650096,2026-04-07T04:30:00.000Z,Meera Singh,9700000096,customer97@example.com,"House 24, Block A, Kolkata Residency, Sector 1",Near main market,700016,Kolkata,West Bengal,SERUM-VITC,Vitamin C Serum,1,700,Prepaid,Ekart,Meta,Meta Glow Offer,Meta,paid,Meta Glow Offer,MET-1016,55,repeat_delivered,RTO,Cash not ready,2,RTO
BTY-24098,EK987650097,2026-04-08T05:30:00.000Z,Ishaan Gupta,9700000097,customer98@example.com,"House 25, Block B, Lucknow Residency, Sector 2",Near main market,226010,Lucknow,Uttar Pradesh,KIT-GLOW,Glow Routine Kit,1,1400,COD,Ekart,Instagram,Influencer Reel,Instagram,paid,Influencer Reel,INS-1017,44,first_time,Delivered,,0,Delivered
BTY-24099,SH987650098,2026-04-09T06:30:00.000Z,Sara Ali,9700000098,customer99@example.com,"House 26, Block C, Indore Residency, Sector 3",Near main market,452010,Indore,Madhya Pradesh,LIP-MATTE,Matte Lip Trio,1,950,COD,Shiprocket,WhatsApp,Repeat CRM,WhatsApp,crm,Repeat CRM,WHA-1018,44,first_time,Delivered,,0,Delivered
BTY-24100,DT987650099,2026-04-10T07:30:00.000Z,Nisha Nair,9700000099,customer100@example.com,"House 27, Block D, Surat Residency, Sector 4",Near main market,395007,Surat,Gujarat,CREAM-NIGHT,Repair Night Cream,1,1250,COD,DTDC,Meta,Meta Glow Offer,Meta,paid,Meta Glow Offer,MET-1019,52,first_time,Delivered,,0,Delivered
BTY-24101,DT987650100,2026-04-11T08:30:00.000Z,Aarav Sharma,9700000100,customer101@example.com,"House 28, Block E, Hyderabad Residency, Sector 5",,500081,Hyderabad,Telangana,SERUM-VITC,Vitamin C Serum,1,700,COD,DTDC,Instagram,Influencer Reel,Instagram,paid,Influencer Reel,INS-1020,55,repeat_delivered,RTO,No response on phone,2,RTO
BTY-24102,EK987650101,2026-04-12T09:30:00.000Z,Diya Verma,9700000101,customer102@example.com,"House 29, Block F, Lucknow Residency, Sector 6",Near main market,226010,Lucknow,Uttar Pradesh,KIT-GLOW,Glow Routine Kit,1,1400,COD,Ekart,WhatsApp,Repeat CRM,WhatsApp,crm,Repeat CRM,WHA-1021,53,first_time,Cancelled,,0,Cancelled before shipping
BTY-24103,DE987650102,2026-04-13T10:30:00.000Z,Kabir Khan,9700000102,customer103@example.com,"House 30, Block A, Chennai Residency, Sector 7",Near main market,600042,Chennai,Tamil Nadu,LIP-MATTE,Matte Lip Trio,1,950,COD,Delhivery,Meta,Meta Glow Offer,Meta,paid,Meta Glow Offer,MET-1022,48,first_time,Delivered,,0,Delivered
BTY-24104,DT987650103,2026-04-14T11:30:00.000Z,Ananya Iyer,9700000103,customer104@example.com,Near temple main road Patna,,800001,Patna,Bihar,CREAM-NIGHT,Repair Night Cream,1,1300,COD,DTDC,Instagram,Influencer Reel,Instagram,paid,Influencer Reel,INS-1023,51,first_time,Undelivered,Cash not ready,2,In NDR
BTY-24105,SH987650104,2026-04-15T12:30:00.000Z,Riya Patel,9700000104,customer105@example.com,"House 32, Block C, Patna Residency, Sector 9",Near main market,800001,Patna,Bihar,SERUM-VITC,Vitamin C Serum,1,650,COD,Shiprocket,WhatsApp,Repeat CRM,WhatsApp,crm,Repeat CRM,WHA-1024,52,repeat_delivered,Delivered,,0,Delivered
BTY-24106,EK987650105,2026-04-16T13:30:00.000Z,Vivaan Rao,9700000105,customer106@example.com,"House 33, Block D, Ghaziabad Residency, Sector 10",,201001,Ghaziabad,Uttar Pradesh,KIT-GLOW,Glow Routine Kit,1,1500,COD,Ekart,Meta,Meta Glow Offer,Meta,paid,Meta Glow Offer,MET-1025,51,first_time,Delivered,,0,Delivered
BTY-24107,SH987650106,2026-04-17T14:30:00.000Z,Meera Singh,9700000106,customer107@example.com,"House 34, Block E, Delhi Residency, Sector 11",Near main market,110024,Delhi,Delhi,LIP-MATTE,Matte Lip Trio,1,900,COD,Shiprocket,Instagram,Influencer Reel,Instagram,paid,Influencer Reel,INS-1026,52,first_time,Delivered,,0,Delivered
BTY-24108,BL987650107,2026-04-18T15:30:00.000Z,Ishaan Gupta,9700000107,customer108@example.com,Near temple main road Lucknow,,226010,Lucknow,Uttar Pradesh,CREAM-NIGHT,Repair Night Cream,1,1100,Prepaid,Bluedart,WhatsApp,Repeat CRM,WhatsApp,crm,Repeat CRM,WHA-1027,45,first_time,Delivered,,0,Delivered
BTY-24109,EK987650108,2026-04-19T04:30:00.000Z,Sara Ali,9700000108,customer109@example.com,"House 36, Block A, Ahmedabad Residency, Sector 1",Near main market,380015,Ahmedabad,Gujarat,SERUM-VITC,Vitamin C Serum,1,700,Prepaid,Ekart,Meta,Meta Glow Offer,Meta,paid,Meta Glow Offer,MET-1028,56,repeat_delivered,RTO,Door locked,2,RTO
BTY-24110,EK987650109,2026-04-20T05:30:00.000Z,Nisha Nair,9700000109,customer110@example.com,Near temple main road Patna,,800001,Patna,Bihar,KIT-GLOW,Glow Routine Kit,1,1450,Prepaid,Ekart,Instagram,Influencer Reel,Instagram,paid,Influencer Reel,INS-1029,58,first_time,Undelivered,Customer refused delivery,2,In NDR
BTY-24111,BL987650110,2026-04-21T06:30:00.000Z,Aarav Sharma,9700000110,customer111@example.com,"House 38, Block C, Lucknow Residency, Sector 3",,226010,Lucknow,Uttar Pradesh,LIP-MATTE,Matte Lip Trio,1,900,COD,Bluedart,WhatsApp,Repeat CRM,WhatsApp,crm,Repeat CRM,WHA-1030,58,first_time,Undelivered,Cash not ready,1,In NDR
BTY-24112,EK987650111,2026-04-22T07:30:00.000Z,Diya Verma,9700000111,customer112@example.com,"House 39, Block D, Kolkata Residency, Sector 4",Near main market,700016,Kolkata,West Bengal,CREAM-NIGHT,Repair Night Cream,1,1150,Prepaid,Ekart,Meta,Meta Glow Offer,Meta,paid,Meta Glow Offer,MET-1031,51,first_time,Delivered,,0,Delivered
BTY-24113,SH987650112,2026-04-23T08:30:00.000Z,Kabir Khan,9700000112,customer113@example.com,"House 40, Block E, Lucknow Residency, Sector 5",Near main market,226010,Lucknow,Uttar Pradesh,SERUM-VITC,Vitamin C Serum,1,700,COD,Shadowfax,Instagram,Influencer Reel,Instagram,paid,Influencer Reel,INS-1032,49,repeat_delivered,Delivered,,0,Delivered
BTY-24114,DT987650113,2026-04-24T09:30:00.000Z,Ananya Iyer,9700000113,customer114@example.com,"House 41, Block F, Indore Residency, Sector 6",Near main market,452010,Indore,Madhya Pradesh,KIT-GLOW,Glow Routine Kit,1,1500,Prepaid,DTDC,WhatsApp,Repeat CRM,WhatsApp,crm,Repeat CRM,WHA-1033,42,first_time,Delivered,,0,Delivered
BTY-24115,SH987650114,2026-04-25T10:30:00.000Z,Riya Patel,9700000114,customer115@example.com,"House 42, Block A, Surat Residency, Sector 7",Near main market,395007,Surat,Gujarat,LIP-MATTE,Matte Lip Trio,1,950,COD,Shadowfax,Meta,Meta Glow Offer,Meta,paid,Meta Glow Offer,MET-1034,54,first_time,Delivered,,0,Delivered
BTY-24116,BL987650115,2026-04-26T11:30:00.000Z,Vivaan Rao,9700000115,customer116@example.com,"House 43, Block B, Hyderabad Residency, Sector 8",,500081,Hyderabad,Telangana,CREAM-NIGHT,Repair Night Cream,1,1200,Prepaid,Bluedart,Instagram,Influencer Reel,Instagram,paid,Influencer Reel,INS-1035,47,first_time,Delivered,,0,Delivered
BTY-24117,EK987650116,2026-04-27T12:30:00.000Z,Meera Singh,9700000116,customer117@example.com,"House 44, Block C, Mumbai Residency, Sector 9",Near main market,400053,Mumbai,Maharashtra,SERUM-VITC,Vitamin C Serum,2,700,Prepaid,Ekart,WhatsApp,Repeat CRM,WhatsApp,crm,Repeat CRM,WHA-1036,43,repeat_delivered,Delivered,,0,Delivered
BTY-24118,XP987650117,2026-04-28T13:30:00.000Z,Ishaan Gupta,9700000117,customer118@example.com,"House 45, Block D, Chennai Residency, Sector 10",Near main market,600042,Chennai,Tamil Nadu,KIT-GLOW,Glow Routine Kit,1,1450,Prepaid,Xpressbees,Meta,Meta Glow Offer,Meta,paid,Meta Glow Offer,MET-1037,39,first_time,Delivered,,0,Delivered
BTY-24119,SH987650118,2026-04-29T14:30:00.000Z,Sara Ali,9700000118,customer119@example.com,"House 46, Block E, Bhubaneswar Residency, Sector 11",Near main market,751024,Bhubaneswar,Odisha,LIP-MATTE,Matte Lip Trio,1,850,COD,Shiprocket,Instagram,Influencer Reel,Instagram,paid,Influencer Reel,INS-1038,55,first_time,Cancelled,,0,Cancelled before shipping
BTY-24120,SH987650119,2026-04-30T15:30:00.000Z,Nisha Nair,9700000119,customer120@example.com,"House 47, Block F, Patna Residency, Sector 12",Near main market,800001,Patna,Bihar,CREAM-NIGHT,Repair Night Cream,1,1300,COD,Shadowfax,WhatsApp,Repeat CRM,WhatsApp,crm,Repeat CRM,WHA-1039,56,first_time,Delivered,,0,Delivered
BTY-24121,DE987650120,2026-04-01T04:30:00.000Z,Aarav Sharma,9700000120,customer121@example.com,"House 48, Block A, Ghaziabad Residency, Sector 1",,201001,Ghaziabad,Uttar Pradesh,SERUM-VITC,Vitamin C Serum,1,650,Prepaid,Delhivery,Meta,Meta Glow Offer,Meta,paid,Meta Glow Offer,MET-1040,52,repeat_delivered,RTO,Incorrect address,2,RTO
BTY-24122,DT987650121,2026-04-02T05:30:00.000Z,Diya Verma,9700000121,customer122@example.com,"House 49, Block B, Patna Residency, Sector 2",Near main market,800001,Patna,Bihar,KIT-GLOW,Glow Routine Kit,1,1600,Prepaid,DTDC,Instagram,Influencer Reel,Instagram,paid,Influencer Reel,INS-1041,55,first_time,RTO,No response on phone,3,RTO
BTY-24123,XP987650122,2026-04-03T06:30:00.000Z,Kabir Khan,9700000122,customer123@example.com,"House 50, Block C, Bengaluru Residency, Sector 3",Near main market,560095,Bengaluru,Karnataka,LIP-MATTE,Matte Lip Trio,1,900,Prepaid,Xpressbees,WhatsApp,Repeat CRM,WhatsApp,crm,Repeat CRM,WHA-1042,54,first_time,Undelivered,Door locked,1,In NDR
BTY-24124,XP987650123,2026-04-04T07:30:00.000Z,Ananya Iyer,9700000123,customer124@example.com,"House 51, Block D, Surat Residency, Sector 4",Near main market,395007,Surat,Gujarat,CREAM-NIGHT,Repair Night Cream,1,1100,COD,Xpressbees,Meta,Meta Glow Offer,Meta,paid,Meta Glow Offer,MET-1043,48,first_time,Undelivered,Customer refused delivery,2,In NDR
BTY-24125,DE987650124,2026-04-05T08:30:00.000Z,Riya Patel,9700000124,customer125@example.com,Near temple main road Patna,,800001,Patna,Bihar,SERUM-VITC,Vitamin C Serum,1,650,COD,Delhivery,Instagram,Influencer Reel,Instagram,paid,Influencer Reel,INS-1044,57,repeat_delivered,RTO,Cash not ready,2,RTO
BTY-24126,EK987650125,2026-04-06T09:30:00.000Z,Vivaan Rao,9700000125,customer126@example.com,"House 53, Block F, Pune Residency, Sector 6",,411045,Pune,Maharashtra,KIT-GLOW,Glow Routine Kit,1,1400,COD,Ekart,WhatsApp,Repeat CRM,WhatsApp,crm,Repeat CRM,WHA-1045,53,first_time,Delivered,,0,Delivered
BTY-24127,DT987650126,2026-04-07T10:30:00.000Z,Meera Singh,9700000126,customer127@example.com,"House 54, Block A, Kolkata Residency, Sector 7",Near main market,700016,Kolkata,West Bengal,LIP-MATTE,Matte Lip Trio,1,800,Prepaid,DTDC,Meta,Meta Glow Offer,Meta,paid,Meta Glow Offer,MET-1046,44,first_time,Delivered,,0,Delivered
BTY-24128,DT987650127,2026-04-08T11:30:00.000Z,Ishaan Gupta,9700000127,customer128@example.com,"House 55, Block B, Lucknow Residency, Sector 8",Near main market,226010,Lucknow,Uttar Pradesh,CREAM-NIGHT,Repair Night Cream,1,1250,Prepaid,DTDC,Instagram,Influencer Reel,Instagram,paid,Influencer Reel,INS-1047,55,first_time,Delivered,,0,Delivered
BTY-24129,DT987650128,2026-04-09T12:30:00.000Z,Sara Ali,9700000128,customer129@example.com,"House 56, Block C, Indore Residency, Sector 9",Near main market,452010,Indore,Madhya Pradesh,SERUM-VITC,Vitamin C Serum,1,700,Prepaid,DTDC,WhatsApp,Repeat CRM,WhatsApp,crm,Repeat CRM,WHA-1048,42,repeat_delivered,Delivered,,0,Delivered
BTY-24130,SH987650129,2026-04-10T13:30:00.000Z,Nisha Nair,9700000129,customer130@example.com,Near temple main road Surat,,395007,Surat,Gujarat,KIT-GLOW,Glow Routine Kit,1,1600,COD,Shiprocket,Meta,Meta Glow Offer,Meta,paid,Meta Glow Offer,MET-1049,41,first_time,Undelivered,Door locked,2,In NDR
BTY-24131,DE987650130,2026-04-11T14:30:00.000Z,Aarav Sharma,9700000130,customer131@example.com,"House 58, Block E, Patna Residency, Sector 11",,800001,Patna,Bihar,LIP-MATTE,Matte Lip Trio,1,900,Prepaid,Delhivery,Instagram,Influencer Reel,Instagram,paid,Influencer Reel,INS-1050,55,first_time,Undelivered,Customer refused delivery,1,In NDR
BTY-24132,SH987650131,2026-04-12T15:30:00.000Z,Diya Verma,9700000131,customer132@example.com,"House 59, Block F, Mumbai Residency, Sector 12",Near main market,400053,Mumbai,Maharashtra,CREAM-NIGHT,Repair Night Cream,1,1250,COD,Shadowfax,WhatsApp,Repeat CRM,WhatsApp,crm,Repeat CRM,WHA-1051,57,first_time,Delivered,,0,Delivered
BTY-24133,BL987650132,2026-04-13T04:30:00.000Z,Kabir Khan,9700000132,customer133@example.com,Near temple main road Surat,,395007,Surat,Gujarat,SERUM-VITC,Vitamin C Serum,1,650,Prepaid,Bluedart,Meta,Meta Glow Offer,Meta,paid,Meta Glow Offer,MET-1052,50,repeat_delivered,RTO,Customer requested future delivery,2,RTO
BTY-24134,EK987650133,2026-04-14T05:30:00.000Z,Ananya Iyer,9700000133,customer134@example.com,"House 61, Block B, Bhubaneswar Residency, Sector 2",Near main market,751024,Bhubaneswar,Odisha,KIT-GLOW,Glow Routine Kit,1,1600,COD,Ekart,Instagram,Influencer Reel,Instagram,paid,Influencer Reel,INS-1053,44,first_time,Undelivered,Customer not available,2,In NDR
BTY-24135,EK987650134,2026-04-15T06:30:00.000Z,Riya Patel,9700000134,customer135@example.com,"House 62, Block C, Patna Residency, Sector 3",Near main market,800001,Patna,Bihar,LIP-MATTE,Matte Lip Trio,1,900,Prepaid,Ekart,WhatsApp,Repeat CRM,WhatsApp,crm,Repeat CRM,WHA-1054,48,first_time,Delivered,,0,Delivered
BTY-24136,BL987650135,2026-04-16T07:30:00.000Z,Vivaan Rao,9700000135,customer136@example.com,"House 63, Block D, Ghaziabad Residency, Sector 4",,201001,Ghaziabad,Uttar Pradesh,CREAM-NIGHT,Repair Night Cream,1,1300,COD,Bluedart,Meta,Meta Glow Offer,Meta,paid,Meta Glow Offer,MET-1055,42,first_time,RTO,No response on phone,3,RTO
BTY-24137,XP987650136,2026-04-17T08:30:00.000Z,Meera Singh,9700000136,customer137@example.com,"House 64, Block E, Patna Residency, Sector 5",Near main market,800001,Patna,Bihar,SERUM-VITC,Vitamin C Serum,1,750,Prepaid,Xpressbees,Instagram,Influencer Reel,Instagram,paid,Influencer Reel,INS-1056,55,repeat_delivered,Delivered,,0,Delivered
BTY-24138,DE987650137,2026-04-18T09:30:00.000Z,Ishaan Gupta,9700000137,customer138@example.com,"House 65, Block F, Bengaluru Residency, Sector 6",Near main market,560095,Bengaluru,Karnataka,KIT-GLOW,Glow Routine Kit,1,1450,COD,Delhivery,WhatsApp,Repeat CRM,WhatsApp,crm,Repeat CRM,WHA-1057,58,first_time,Delivered,,0,Delivered
BTY-24139,SH987650138,2026-04-19T10:30:00.000Z,Sara Ali,9700000138,customer139@example.com,"House 66, Block A, Ahmedabad Residency, Sector 7",Near main market,380015,Ahmedabad,Gujarat,LIP-MATTE,Matte Lip Trio,1,950,COD,Shadowfax,Meta,Meta Glow Offer,Meta,paid,Meta Glow Offer,MET-1058,56,first_time,Undelivered,Cash not ready,1,In NDR
BTY-24140,EK987650139,2026-04-20T11:30:00.000Z,Nisha Nair,9700000139,customer140@example.com,Near temple main road Patna,,800001,Patna,Bihar,CREAM-NIGHT,Repair Night Cream,1,1150,COD,Ekart,Instagram,Influencer Reel,Instagram,paid,Influencer Reel,INS-1059,50,first_time,Undelivered,Customer requested future delivery,2,In NDR
BTY-24141,SH987650140,2026-04-21T12:30:00.000Z,Aarav Sharma,9700000140,customer141@example.com,"House 68, Block C, Lucknow Residency, Sector 9",,226010,Lucknow,Uttar Pradesh,SERUM-VITC,Vitamin C Serum,1,750,COD,Shiprocket,WhatsApp,Repeat CRM,WhatsApp,crm,Repeat CRM,WHA-1060,50,repeat_delivered,Undelivered,Customer not available,1,In NDR
BTY-24142,BL987650141,2026-04-22T13:30:00.000Z,Diya Verma,9700000141,customer142@example.com,"House 69, Block D, Kolkata Residency, Sector 10",Near main market,700016,Kolkata,West Bengal,KIT-GLOW,Glow Routine Kit,1,1500,Prepaid,Bluedart,Meta,Meta Glow Offer,Meta,paid,Meta Glow Offer,MET-1061,45,first_time,Delivered,,0,Delivered
BTY-24143,BL987650142,2026-04-23T14:30:00.000Z,Kabir Khan,9700000142,customer143@example.com,"House 70, Block E, Lucknow Residency, Sector 11",Near main market,226010,Lucknow,Uttar Pradesh,LIP-MATTE,Matte Lip Trio,1,950,COD,Bluedart,Instagram,Influencer Reel,Instagram,paid,Influencer Reel,INS-1062,48,first_time,Delivered,,0,Delivered
BTY-24144,EK987650143,2026-04-24T15:30:00.000Z,Ananya Iyer,9700000143,customer144@example.com,"House 71, Block F, Indore Residency, Sector 12",Near main market,452010,Indore,Madhya Pradesh,CREAM-NIGHT,Repair Night Cream,1,1250,COD,Ekart,WhatsApp,Repeat CRM,WhatsApp,crm,Repeat CRM,WHA-1063,47,first_time,Delivered,,0,Delivered
BTY-24145,DE987650144,2026-04-25T04:30:00.000Z,Riya Patel,9700000144,customer145@example.com,"House 72, Block A, Surat Residency, Sector 1",Near main market,395007,Surat,Gujarat,SERUM-VITC,Vitamin C Serum,1,650,COD,Delhivery,Meta,Meta Glow Offer,Meta,paid,Meta Glow Offer,MET-1064,38,repeat_delivered,Delivered,,0,Delivered
BTY-24146,XP987650145,2026-04-26T05:30:00.000Z,Vivaan Rao,9700000145,customer146@example.com,"House 73, Block B, Hyderabad Residency, Sector 2",,500081,Hyderabad,Telangana,KIT-GLOW,Glow Routine Kit,2,1600,Prepaid,Xpressbees,Instagram,Influencer Reel,Instagram,paid,Influencer Reel,INS-1065,42,first_time,RTO,Cash not ready,3,RTO
BTY-24147,EK987650146,2026-04-27T06:30:00.000Z,Meera Singh,9700000146,customer147@example.com,"House 74, Block C, Mumbai Residency, Sector 3",Near main market,400053,Mumbai,Maharashtra,LIP-MATTE,Matte Lip Trio,1,850,COD,Ekart,WhatsApp,Repeat CRM,WhatsApp,crm,Repeat CRM,WHA-1066,43,first_time,RTO,Customer requested future delivery,2,RTO
BTY-24148,XP987650147,2026-04-28T07:30:00.000Z,Ishaan Gupta,9700000147,customer148@example.com,"House 75, Block D, Surat Residency, Sector 4",Near main market,395007,Surat,Gujarat,CREAM-NIGHT,Repair Night Cream,1,1250,COD,Xpressbees,Meta,Meta Glow Offer,Meta,paid,Meta Glow Offer,MET-1067,55,first_time,Undelivered,Customer not available,2,In NDR
BTY-24149,BL987650148,2026-04-29T08:30:00.000Z,Sara Ali,9700000148,customer149@example.com,"House 76, Block E, Patna Residency, Sector 5",Near main market,800001,Patna,Bihar,SERUM-VITC,Vitamin C Serum,1,650,COD,Bluedart,Instagram,Influencer Reel,Instagram,paid,Influencer Reel,INS-1068,58,repeat_delivered,Undelivered,Incorrect address,1,In NDR
BTY-24150,BL987650149,2026-04-30T09:30:00.000Z,Nisha Nair,9700000149,customer150@example.com,"House 77, Block F, Patna Residency, Sector 6",Near main market,800001,Patna,Bihar,KIT-GLOW,Glow Routine Kit,1,1500,COD,Bluedart,WhatsApp,Repeat CRM,WhatsApp,crm,Repeat CRM,WHA-1069,56,first_time,RTO,No response on phone,3,RTO
BTY-24151,DE987650150,2026-04-01T10:30:00.000Z,Aarav Sharma,9700000150,customer151@example.com,"House 78, Block A, Ghaziabad Residency, Sector 7",,201001,Ghaziabad,Uttar Pradesh,LIP-MATTE,Matte Lip Trio,1,900,Prepaid,Delhivery,Meta,Meta Glow Offer,Meta,paid,Meta Glow Offer,MET-1070,55,first_time,Delivered,,0,Delivered
BTY-24152,SH987650151,2026-04-02T11:30:00.000Z,Diya Verma,9700000151,customer152@example.com,Near temple main road Patna,,800001,Patna,Bihar,CREAM-NIGHT,Repair Night Cream,1,1200,Prepaid,Shadowfax,Instagram,Influencer Reel,Instagram,paid,Influencer Reel,INS-1071,44,first_time,Delivered,,0,Delivered
BTY-24153,DE987650152,2026-04-03T12:30:00.000Z,Kabir Khan,9700000152,customer153@example.com,"House 80, Block C, Bengaluru Residency, Sector 9",Near main market,560095,Bengaluru,Karnataka,SERUM-VITC,Vitamin C Serum,1,700,COD,Delhivery,WhatsApp,Repeat CRM,WhatsApp,crm,Repeat CRM,WHA-1072,42,repeat_delivered,Delivered,,0,Delivered
BTY-24154,XP987650153,2026-04-04T13:30:00.000Z,Ananya Iyer,9700000153,customer154@example.com,"House 81, Block D, Ahmedabad Residency, Sector 10",Near main market,380015,Ahmedabad,Gujarat,KIT-GLOW,Glow Routine Kit,1,1400,Prepaid,Xpressbees,Meta,Meta Glow Offer,Meta,paid,Meta Glow Offer,MET-1073,41,first_time,RTO,Customer requested future delivery,3,RTO
BTY-24155,BL987650154,2026-04-05T14:30:00.000Z,Riya Patel,9700000154,customer155@example.com,"House 82, Block E, Jaipur Residency, Sector 11",Near main market,302001,Jaipur,Rajasthan,LIP-MATTE,Matte Lip Trio,1,950,COD,Bluedart,Instagram,Influencer Reel,Instagram,paid,Influencer Reel,INS-1074,40,first_time,RTO,Customer not available,2,RTO
BTY-24156,DE987650155,2026-04-06T15:30:00.000Z,Vivaan Rao,9700000155,customer156@example.com,"House 83, Block F, Pune Residency, Sector 12",,411045,Pune,Maharashtra,CREAM-NIGHT,Repair Night Cream,1,1150,COD,Delhivery,WhatsApp,Repeat CRM,WhatsApp,crm,Repeat CRM,WHA-1075,46,first_time,Delivered,,0,Delivered
BTY-24157,BL987650156,2026-04-07T04:30:00.000Z,Meera Singh,9700000156,customer157@example.com,"House 84, Block A, Kolkata Residency, Sector 1",Near main market,700016,Kolkata,West Bengal,SERUM-VITC,Vitamin C Serum,1,700,Prepaid,Bluedart,Meta,Meta Glow Offer,Meta,paid,Meta Glow Offer,MET-1076,48,repeat_delivered,Delivered,,0,Delivered
BTY-24158,DT987650157,2026-04-08T05:30:00.000Z,Ishaan Gupta,9700000157,customer158@example.com,"House 85, Block B, Lucknow Residency, Sector 2",Near main market,226010,Lucknow,Uttar Pradesh,KIT-GLOW,Glow Routine Kit,1,1600,Prepaid,DTDC,Instagram,Influencer Reel,Instagram,paid,Influencer Reel,INS-1077,44,first_time,Undelivered,Door locked,2,In NDR
BTY-24159,DT987650158,2026-04-09T06:30:00.000Z,Sara Ali,9700000158,customer159@example.com,"House 86, Block C, Indore Residency, Sector 3",Near main market,452010,Indore,Madhya Pradesh,LIP-MATTE,Matte Lip Trio,1,950,COD,DTDC,WhatsApp,Repeat CRM,WhatsApp,crm,Repeat CRM,WHA-1078,42,first_time,Delivered,,0,Delivered
BTY-24160,SH987650159,2026-04-10T07:30:00.000Z,Nisha Nair,9700000159,customer160@example.com,"House 87, Block D, Surat Residency, Sector 4",Near main market,395007,Surat,Gujarat,CREAM-NIGHT,Repair Night Cream,1,1150,Prepaid,Shadowfax,Meta,Meta Glow Offer,Meta,paid,Meta Glow Offer,MET-1079,46,first_time,Delivered,,0,Delivered
BTY-24161,BL987650160,2026-04-11T08:30:00.000Z,Aarav Sharma,9700000160,customer161@example.com,"House 88, Block E, Hyderabad Residency, Sector 5",,500081,Hyderabad,Telangana,SERUM-VITC,Vitamin C Serum,1,700,COD,Bluedart,Instagram,Influencer Reel,Instagram,paid,Influencer Reel,INS-1000,52,repeat_delivered,RTO,Customer requested future delivery,2,RTO
BTY-24162,EK987650161,2026-04-12T09:30:00.000Z,Diya Verma,9700000161,customer162@example.com,"House 89, Block F, Lucknow Residency, Sector 6",Near main market,226010,Lucknow,Uttar Pradesh,KIT-GLOW,Glow Routine Kit,1,1450,COD,Ekart,WhatsApp,Repeat CRM,WhatsApp,crm,Repeat CRM,WHA-1001,51,first_time,Undelivered,Customer not available,2,In NDR
BTY-24163,SH987650162,2026-04-13T10:30:00.000Z,Kabir Khan,9700000162,customer163@example.com,"House 90, Block A, Chennai Residency, Sector 7",Near main market,600042,Chennai,Tamil Nadu,LIP-MATTE,Matte Lip Trio,1,900,Prepaid,Shadowfax,Meta,Meta Glow Offer,Meta,paid,Meta Glow Offer,MET-1002,48,first_time,Delivered,,0,Delivered
BTY-24164,XP987650163,2026-04-14T11:30:00.000Z,Ananya Iyer,9700000163,customer164@example.com,"House 91, Block B, Patna Residency, Sector 8",Near main market,800001,Patna,Bihar,CREAM-NIGHT,Repair Night Cream,1,1250,COD,Xpressbees,Instagram,Influencer Reel,Instagram,paid,Influencer Reel,INS-1003,55,first_time,Delivered,,0,Delivered
BTY-24165,SH987650164,2026-04-15T12:30:00.000Z,Riya Patel,9700000164,customer165@example.com,"House 92, Block C, Patna Residency, Sector 9",Near main market,800001,Patna,Bihar,SERUM-VITC,Vitamin C Serum,1,750,Prepaid,Shadowfax,WhatsApp,Repeat CRM,WhatsApp,crm,Repeat CRM,WHA-1004,47,repeat_delivered,Delivered,,0,Delivered
BTY-24166,SH987650165,2026-04-16T13:30:00.000Z,Vivaan Rao,9700000165,customer166@example.com,"House 93, Block D, Ghaziabad Residency, Sector 10",,201001,Ghaziabad,Uttar Pradesh,KIT-GLOW,Glow Routine Kit,1,1450,Prepaid,Shadowfax,Meta,Meta Glow Offer,Meta,paid,Meta Glow Offer,MET-1005,44,first_time,Delivered,,0,Delivered
BTY-24167,BL987650166,2026-04-17T14:30:00.000Z,Meera Singh,9700000166,customer167@example.com,"House 94, Block E, Delhi Residency, Sector 11",Near main market,110024,Delhi,Delhi,LIP-MATTE,Matte Lip Trio,1,950,Prepaid,Bluedart,Instagram,Influencer Reel,Instagram,paid,Influencer Reel,INS-1006,57,first_time,Delivered,,0,Delivered
BTY-24168,SH987650167,2026-04-18T15:30:00.000Z,Ishaan Gupta,9700000167,customer168@example.com,"House 95, Block F, Lucknow Residency, Sector 12",Near main market,226010,Lucknow,Uttar Pradesh,CREAM-NIGHT,Repair Night Cream,1,1150,COD,Shiprocket,WhatsApp,Repeat CRM,WhatsApp,crm,Repeat CRM,WHA-1007,53,first_time,RTO,Customer requested future delivery,3,RTO
BTY-24169,XP987650168,2026-04-19T04:30:00.000Z,Sara Ali,9700000168,customer169@example.com,"House 96, Block A, Ahmedabad Residency, Sector 1",Near main market,380015,Ahmedabad,Gujarat,SERUM-VITC,Vitamin C Serum,1,650,COD,Xpressbees,Meta,Meta Glow Offer,Meta,paid,Meta Glow Offer,MET-1008,40,repeat_delivered,RTO,Customer not available,2,RTO
BTY-24170,EK987650169,2026-04-20T05:30:00.000Z,Nisha Nair,9700000169,customer170@example.com,"House 97, Block B, Jaipur Residency, Sector 2",Near main market,302001,Jaipur,Rajasthan,KIT-GLOW,Glow Routine Kit,1,1600,COD,Ekart,Instagram,Influencer Reel,Instagram,paid,Influencer Reel,INS-1009,53,first_time,Delivered,,0,Delivered
BTY-24171,EK987650170,2026-04-21T06:30:00.000Z,Aarav Sharma,9700000170,customer171@example.com,"House 98, Block C, Lucknow Residency, Sector 3",,226010,Lucknow,Uttar Pradesh,LIP-MATTE,Matte Lip Trio,1,850,Prepaid,Ekart,WhatsApp,Repeat CRM,WhatsApp,crm,Repeat CRM,WHA-1010,46,first_time,Delivered,,0,Delivered
BTY-24172,EK987650171,2026-04-22T07:30:00.000Z,Diya Verma,9700000171,customer172@example.com,Near temple main road Surat,,395007,Surat,Gujarat,CREAM-NIGHT,Repair Night Cream,1,1100,COD,Ekart,Meta,Meta Glow Offer,Meta,paid,Meta Glow Offer,MET-1011,46,first_time,Undelivered,Door locked,2,In NDR
BTY-24173,XP987650172,2026-04-23T08:30:00.000Z,Kabir Khan,9700000172,customer173@example.com,"House 100, Block E, Lucknow Residency, Sector 5",Near main market,226010,Lucknow,Uttar Pradesh,SERUM-VITC,Vitamin C Serum,1,650,COD,Xpressbees,Instagram,Influencer Reel,Instagram,paid,Influencer Reel,INS-1012,56,repeat_delivered,Delivered,,0,Delivered
BTY-24174,XP987650173,2026-04-24T09:30:00.000Z,Ananya Iyer,9700000173,customer174@example.com,"House 101, Block F, Indore Residency, Sector 6",Near main market,452010,Indore,Madhya Pradesh,KIT-GLOW,Glow Routine Kit,1,1450,Prepaid,Xpressbees,WhatsApp,Repeat CRM,WhatsApp,crm,Repeat CRM,WHA-1013,58,first_time,Delivered,,0,Delivered
BTY-24175,DE987650174,2026-04-25T10:30:00.000Z,Riya Patel,9700000174,customer175@example.com,"House 102, Block A, Surat Residency, Sector 7",Near main market,395007,Surat,Gujarat,LIP-MATTE,Matte Lip Trio,2,950,COD,Delhivery,Meta,Meta Glow Offer,Meta,paid,Meta Glow Offer,MET-1014,50,first_time,RTO,Customer requested future delivery,2,RTO
BTY-24176,BL987650175,2026-04-26T11:30:00.000Z,Vivaan Rao,9700000175,customer176@example.com,"House 103, Block B, Hyderabad Residency, Sector 8",,500081,Hyderabad,Telangana,CREAM-NIGHT,Repair Night Cream,1,1150,COD,Bluedart,Instagram,Influencer Reel,Instagram,paid,Influencer Reel,INS-1015,54,first_time,RTO,Customer not available,3,RTO
BTY-24177,DT987650176,2026-04-27T12:30:00.000Z,Meera Singh,9700000176,customer177@example.com,"House 104, Block C, Mumbai Residency, Sector 9",Near main market,400053,Mumbai,Maharashtra,SERUM-VITC,Vitamin C Serum,1,700,COD,DTDC,WhatsApp,Repeat CRM,WhatsApp,crm,Repeat CRM,WHA-1016,40,repeat_delivered,Delivered,,0,Delivered
BTY-24178,BL987650177,2026-04-28T13:30:00.000Z,Ishaan Gupta,9700000177,customer178@example.com,"House 105, Block D, Surat Residency, Sector 10",Near main market,395007,Surat,Gujarat,KIT-GLOW,Glow Routine Kit,1,1600,COD,Bluedart,Meta,Meta Glow Offer,Meta,paid,Meta Glow Offer,MET-1017,49,first_time,Undelivered,No response on phone,2,In NDR
BTY-24179,EK987650178,2026-04-29T14:30:00.000Z,Sara Ali,9700000178,customer179@example.com,"House 106, Block E, Patna Residency, Sector 11",Near main market,800001,Patna,Bihar,LIP-MATTE,Matte Lip Trio,1,900,Prepaid,Ekart,Instagram,Influencer Reel,Instagram,paid,Influencer Reel,INS-1018,42,first_time,RTO,Door locked,2,RTO
BTY-24180,DE987650179,2026-04-30T15:30:00.000Z,Nisha Nair,9700000179,customer180@example.com,Near temple main road Lucknow,,226010,Lucknow,Uttar Pradesh,CREAM-NIGHT,Repair Night Cream,1,1250,COD,Delhivery,WhatsApp,Repeat CRM,WhatsApp,crm,Repeat CRM,WHA-1019,40,first_time,Delivered,,0,Delivered
BTY-24181,DT987650180,2026-04-01T04:30:00.000Z,Aarav Sharma,9700000000,customer181@example.com,"House 18, Block A, Ghaziabad Residency, Sector 1",,201001,Ghaziabad,Uttar Pradesh,SERUM-VITC,Vitamin C Serum,1,700,Prepaid,DTDC,Meta,Meta Glow Offer,Meta,paid,Meta Glow Offer,MET-1020,41,repeat_delivered,Undelivered,Cash not ready,1,In NDR
BTY-24182,SH987650181,2026-04-02T05:30:00.000Z,Diya Verma,9700000001,customer182@example.com,"House 19, Block B, Patna Residency, Sector 2",Near main market,800001,Patna,Bihar,KIT-GLOW,Glow Routine Kit,1,1450,COD,Shadowfax,Instagram,Influencer Reel,Instagram,paid,Influencer Reel,INS-1021,46,first_time,Undelivered,Customer requested future delivery,2,In NDR
BTY-24183,EK987650182,2026-04-03T06:30:00.000Z,Kabir Khan,9700000002,customer183@example.com,"House 20, Block C, Bengaluru Residency, Sector 3",Near main market,560095,Bengaluru,Karnataka,LIP-MATTE,Matte Lip Trio,1,900,COD,Ekart,WhatsApp,Repeat CRM,WhatsApp,crm,Repeat CRM,WHA-1022,47,first_time,Delivered,,0,Delivered
BTY-24184,EK987650183,2026-04-04T07:30:00.000Z,Ananya Iyer,9700000003,customer184@example.com,"House 21, Block D, Ahmedabad Residency, Sector 4",Near main market,380015,Ahmedabad,Gujarat,CREAM-NIGHT,Repair Night Cream,1,1300,COD,Ekart,Meta,Meta Glow Offer,Meta,paid,Meta Glow Offer,MET-1023,40,first_time,Undelivered,Incorrect address,2,In NDR
BTY-24185,DE987650184,2026-04-05T08:30:00.000Z,Riya Patel,9700000004,customer185@example.com,"House 22, Block E, Jaipur Residency, Sector 5",Near main market,302001,Jaipur,Rajasthan,SERUM-VITC,Vitamin C Serum,1,700,COD,Delhivery,Instagram,Influencer Reel,Instagram,paid,Influencer Reel,INS-1024,49,repeat_delivered,Delivered,,0,Delivered
BTY-24186,XP987650185,2026-04-06T09:30:00.000Z,Vivaan Rao,9700000005,customer186@example.com,"House 23, Block F, Pune Residency, Sector 6",,411045,Pune,Maharashtra,KIT-GLOW,Glow Routine Kit,1,1500,Prepaid,Xpressbees,WhatsApp,Repeat CRM,WhatsApp,crm,Repeat CRM,WHA-1025,54,first_time,Delivered,,0,Delivered
BTY-24187,SH987650186,2026-04-07T10:30:00.000Z,Meera Singh,9700000006,customer187@example.com,"House 24, Block A, Surat Residency, Sector 7",Near main market,395007,Surat,Gujarat,LIP-MATTE,Matte Lip Trio,1,950,COD,Shiprocket,Meta,Meta Glow Offer,Meta,paid,Meta Glow Offer,MET-1026,51,first_time,Delivered,,0,Delivered
BTY-24188,EK987650187,2026-04-08T11:30:00.000Z,Ishaan Gupta,9700000007,customer188@example.com,"House 25, Block B, Lucknow Residency, Sector 8",Near main market,226010,Lucknow,Uttar Pradesh,CREAM-NIGHT,Repair Night Cream,1,1300,Prepaid,Ekart,Instagram,Influencer Reel,Instagram,paid,Influencer Reel,INS-1027,46,first_time,Delivered,,0,Delivered
BTY-24189,SH987650188,2026-04-09T12:30:00.000Z,Sara Ali,9700000008,customer189@example.com,"House 26, Block C, Indore Residency, Sector 9",Near main market,452010,Indore,Madhya Pradesh,SERUM-VITC,Vitamin C Serum,1,700,Prepaid,Shiprocket,WhatsApp,Repeat CRM,WhatsApp,crm,Repeat CRM,WHA-1028,41,repeat_delivered,Delivered,,0,Delivered
BTY-24190,SH987650189,2026-04-10T13:30:00.000Z,Nisha Nair,9700000009,customer190@example.com,"House 27, Block D, Surat Residency, Sector 10",Near main market,395007,Surat,Gujarat,KIT-GLOW,Glow Routine Kit,1,1650,Prepaid,Shadowfax,Meta,Meta Glow Offer,Meta,paid,Meta Glow Offer,MET-1029,48,first_time,Undelivered,Customer not available,2,In NDR
BTY-24191,SH987650190,2026-04-11T14:30:00.000Z,Aarav Sharma,9700000010,customer191@example.com,"House 28, Block E, Hyderabad Residency, Sector 11",,500081,Hyderabad,Telangana,LIP-MATTE,Matte Lip Trio,1,850,Prepaid,Shiprocket,Instagram,Influencer Reel,Instagram,paid,Influencer Reel,INS-1030,56,first_time,Undelivered,Incorrect address,1,In NDR
BTY-24192,DT987650191,2026-04-12T15:30:00.000Z,Diya Verma,9700000011,customer192@example.com,"House 29, Block F, Mumbai Residency, Sector 12",Near main market,400053,Mumbai,Maharashtra,CREAM-NIGHT,Repair Night Cream,1,1300,Prepaid,DTDC,WhatsApp,Repeat CRM,WhatsApp,crm,Repeat CRM,WHA-1031,43,first_time,Delivered,,0,Delivered
BTY-24193,DT987650192,2026-04-13T04:30:00.000Z,Kabir Khan,9700000012,customer193@example.com,"House 30, Block A, Surat Residency, Sector 1",Near main market,395007,Surat,Gujarat,SERUM-VITC,Vitamin C Serum,1,750,Prepaid,DTDC,Meta,Meta Glow Offer,Meta,paid,Meta Glow Offer,MET-1032,51,repeat_delivered,Delivered,,0,Delivered
BTY-24194,EK987650193,2026-04-14T05:30:00.000Z,Ananya Iyer,9700000013,customer194@example.com,Near temple main road Patna,,800001,Patna,Bihar,KIT-GLOW,Glow Routine Kit,1,1550,Prepaid,Ekart,Instagram,Influencer Reel,Instagram,paid,Influencer Reel,INS-1033,46,first_time,Delivered,,0,Delivered
BTY-24195,DT987650194,2026-04-15T06:30:00.000Z,Riya Patel,9700000014,customer195@example.com,"House 32, Block C, Lucknow Residency, Sector 3",Near main market,226010,Lucknow,Uttar Pradesh,LIP-MATTE,Matte Lip Trio,1,900,COD,DTDC,WhatsApp,Repeat CRM,WhatsApp,crm,Repeat CRM,WHA-1034,50,first_time,Delivered,,0,Delivered
BTY-24196,XP987650195,2026-04-16T07:30:00.000Z,Vivaan Rao,9700000015,customer196@example.com,"House 33, Block D, Ghaziabad Residency, Sector 4",,201001,Ghaziabad,Uttar Pradesh,CREAM-NIGHT,Repair Night Cream,1,1100,Prepaid,Xpressbees,Meta,Meta Glow Offer,Meta,paid,Meta Glow Offer,MET-1035,42,first_time,Delivered,,0,Delivered
BTY-24197,XP987650196,2026-04-17T08:30:00.000Z,Meera Singh,9700000016,customer197@example.com,"House 34, Block E, Delhi Residency, Sector 5",Near main market,110024,Delhi,Delhi,SERUM-VITC,Vitamin C Serum,1,700,COD,Xpressbees,Instagram,Influencer Reel,Instagram,paid,Influencer Reel,INS-1036,42,repeat_delivered,RTO,Customer not available,2,RTO
BTY-24198,XP987650197,2026-04-18T09:30:00.000Z,Ishaan Gupta,9700000017,customer198@example.com,"House 35, Block F, Bengaluru Residency, Sector 6",Near main market,560095,Bengaluru,Karnataka,KIT-GLOW,Glow Routine Kit,1,1600,Prepaid,Xpressbees,WhatsApp,Repeat CRM,WhatsApp,crm,Repeat CRM,WHA-1037,53,first_time,Delivered,,0,Delivered
BTY-24199,BL987650198,2026-04-19T10:30:00.000Z,Sara Ali,9700000018,customer199@example.com,"House 36, Block A, Ahmedabad Residency, Sector 7",Near main market,380015,Ahmedabad,Gujarat,LIP-MATTE,Matte Lip Trio,1,950,COD,Bluedart,Meta,Meta Glow Offer,Meta,paid,Meta Glow Offer,MET-1038,48,first_time,Cancelled,,0,Cancelled before shipping
BTY-24200,DE987650199,2026-04-20T11:30:00.000Z,Nisha Nair,9700000019,customer200@example.com,Near temple main road Patna,,800001,Patna,Bihar,CREAM-NIGHT,Repair Night Cream,1,1250,COD,Delhivery,Instagram,Influencer Reel,Instagram,paid,Influencer Reel,INS-1039,53,first_time,Undelivered,Door locked,2,In NDR
BTY-24201,SH987650200,2026-04-21T12:30:00.000Z,Aarav Sharma,9700000020,customer201@example.com,"House 38, Block C, Lucknow Residency, Sector 9",,226010,Lucknow,Uttar Pradesh,SERUM-VITC,Vitamin C Serum,1,750,Prepaid,Shiprocket,WhatsApp,Repeat CRM,WhatsApp,crm,Repeat CRM,WHA-1040,47,repeat_delivered,Delivered,,0,Delivered
BTY-24202,EK987650201,2026-04-22T13:30:00.000Z,Diya Verma,9700000021,customer202@example.com,"House 39, Block D, Kolkata Residency, Sector 10",Near main market,700016,Kolkata,West Bengal,KIT-GLOW,Glow Routine Kit,1,1500,COD,Ekart,Meta,Meta Glow Offer,Meta,paid,Meta Glow Offer,MET-1041,51,first_time,Undelivered,Cash not ready,2,In NDR
BTY-24203,BL987650202,2026-04-23T14:30:00.000Z,Kabir Khan,9700000022,customer203@example.com,"House 40, Block E, Lucknow Residency, Sector 11",Near main market,226010,Lucknow,Uttar Pradesh,LIP-MATTE,Matte Lip Trio,1,900,Prepaid,Bluedart,Instagram,Influencer Reel,Instagram,paid,Influencer Reel,INS-1042,42,first_time,RTO,Customer requested future delivery,2,RTO
BTY-24204,BL987650203,2026-04-24T15:30:00.000Z,Ananya Iyer,9700000023,customer204@example.com,"House 41, Block F, Indore Residency, Sector 12",Near main market,452010,Indore,Madhya Pradesh,CREAM-NIGHT,Repair Night Cream,2,1300,COD,Bluedart,WhatsApp,Repeat CRM,WhatsApp,crm,Repeat CRM,WHA-1043,49,first_time,Delivered,,0,Delivered
BTY-24205,SH987650204,2026-04-25T04:30:00.000Z,Riya Patel,9700000024,customer205@example.com,"House 42, Block A, Surat Residency, Sector 1",Near main market,395007,Surat,Gujarat,SERUM-VITC,Vitamin C Serum,1,750,Prepaid,Shadowfax,Meta,Meta Glow Offer,Meta,paid,Meta Glow Offer,MET-1044,51,repeat_delivered,Delivered,,0,Delivered
BTY-24206,SH987650205,2026-04-26T05:30:00.000Z,Vivaan Rao,9700000025,customer206@example.com,"House 43, Block B, Hyderabad Residency, Sector 2",,500081,Hyderabad,Telangana,KIT-GLOW,Glow Routine Kit,1,1550,Prepaid,Shiprocket,Instagram,Influencer Reel,Instagram,paid,Influencer Reel,INS-1045,57,first_time,Delivered,,0,Delivered
BTY-24207,EK987650206,2026-04-27T06:30:00.000Z,Meera Singh,9700000026,customer207@example.com,"House 44, Block C, Lucknow Residency, Sector 3",Near main market,226010,Lucknow,Uttar Pradesh,LIP-MATTE,Matte Lip Trio,1,850,COD,Ekart,WhatsApp,Repeat CRM,WhatsApp,crm,Repeat CRM,WHA-1046,44,first_time,Delivered,,0,Delivered
BTY-24208,SH987650207,2026-04-28T07:30:00.000Z,Ishaan Gupta,9700000027,customer208@example.com,"House 45, Block D, Chennai Residency, Sector 4",Near main market,600042,Chennai,Tamil Nadu,CREAM-NIGHT,Repair Night Cream,1,1250,COD,Shiprocket,Meta,Meta Glow Offer,Meta,paid,Meta Glow Offer,MET-1047,43,first_time,Delivered,,0,Delivered
BTY-24209,XP987650208,2026-04-29T08:30:00.000Z,Sara Ali,9700000028,customer209@example.com,"House 46, Block E, Bhubaneswar Residency, Sector 5",Near main market,751024,Bhubaneswar,Odisha,SERUM-VITC,Vitamin C Serum,1,750,COD,Xpressbees,Instagram,Influencer Reel,Instagram,paid,Influencer Reel,INS-1048,49,repeat_delivered,Delivered,,0,Delivered
BTY-24210,SH987650209,2026-04-30T09:30:00.000Z,Nisha Nair,9700000029,customer210@example.com,"House 47, Block F, Lucknow Residency, Sector 6",Near main market,226010,Lucknow,Uttar Pradesh,KIT-GLOW,Glow Routine Kit,1,1350,COD,Shadowfax,WhatsApp,Repeat CRM,WhatsApp,crm,Repeat CRM,WHA-1049,39,first_time,Delivered,,0,Delivered
BTY-24211,BL987650210,2026-04-01T10:30:00.000Z,Aarav Sharma,9700000030,customer211@example.com,"House 48, Block A, Ghaziabad Residency, Sector 7",,201001,Ghaziabad,Uttar Pradesh,LIP-MATTE,Matte Lip Trio,1,850,COD,Bluedart,Meta,Meta Glow Offer,Meta,paid,Meta Glow Offer,MET-1050,39,first_time,Delivered,,0,Delivered
BTY-24212,SH987650211,2026-04-02T11:30:00.000Z,Diya Verma,9700000031,customer212@example.com,"House 49, Block B, Delhi Residency, Sector 8",Near main market,110024,Delhi,Delhi,CREAM-NIGHT,Repair Night Cream,1,1150,Prepaid,Shiprocket,Instagram,Influencer Reel,Instagram,paid,Influencer Reel,INS-1051,50,first_time,Delivered,,0,Delivered
BTY-24213,BL987650212,2026-04-03T12:30:00.000Z,Kabir Khan,9700000032,customer213@example.com,"House 50, Block C, Bengaluru Residency, Sector 9",Near main market,560095,Bengaluru,Karnataka,SERUM-VITC,Vitamin C Serum,1,750,COD,Bluedart,WhatsApp,Repeat CRM,WhatsApp,crm,Repeat CRM,WHA-1052,57,repeat_delivered,RTO,No response on phone,2,RTO
BTY-24214,DT987650213,2026-04-04T13:30:00.000Z,Ananya Iyer,9700000033,customer214@example.com,"House 51, Block D, Ahmedabad Residency, Sector 10",Near main market,380015,Ahmedabad,Gujarat,KIT-GLOW,Glow Routine Kit,1,1500,Prepaid,DTDC,Meta,Meta Glow Offer,Meta,paid,Meta Glow Offer,MET-1053,50,first_time,RTO,Door locked,3,RTO
BTY-24215,SH987650214,2026-04-05T14:30:00.000Z,Riya Patel,9700000034,customer215@example.com,"House 52, Block E, Jaipur Residency, Sector 11",Near main market,302001,Jaipur,Rajasthan,LIP-MATTE,Matte Lip Trio,1,900,COD,Shiprocket,Instagram,Influencer Reel,Instagram,paid,Influencer Reel,INS-1054,55,first_time,Undelivered,Customer refused delivery,1,In NDR
BTY-24216,BL987650215,2026-04-06T15:30:00.000Z,Vivaan Rao,9700000035,customer216@example.com,"House 53, Block F, Pune Residency, Sector 12",,411045,Pune,Maharashtra,CREAM-NIGHT,Repair Night Cream,1,1200,COD,Bluedart,WhatsApp,Repeat CRM,WhatsApp,crm,Repeat CRM,WHA-1055,44,first_time,RTO,Cash not ready,3,RTO
BTY-24217,EK987650216,2026-04-07T04:30:00.000Z,Meera Singh,9700000036,customer217@example.com,"House 54, Block A, Surat Residency, Sector 1",Near main market,395007,Surat,Gujarat,SERUM-VITC,Vitamin C Serum,1,650,Prepaid,Ekart,Meta,Meta Glow Offer,Meta,paid,Meta Glow Offer,MET-1056,40,repeat_delivered,Undelivered,Customer requested future delivery,1,In NDR
BTY-24218,SH987650217,2026-04-08T05:30:00.000Z,Ishaan Gupta,9700000037,customer218@example.com,"House 55, Block B, Lucknow Residency, Sector 2",Near main market,226010,Lucknow,Uttar Pradesh,KIT-GLOW,Glow Routine Kit,1,1400,COD,Shiprocket,Instagram,Influencer Reel,Instagram,paid,Influencer Reel,INS-1057,50,first_time,Delivered,,0,Delivered
BTY-24219,XP987650218,2026-04-09T06:30:00.000Z,Sara Ali,9700000038,customer219@example.com,"House 56, Block C, Lucknow Residency, Sector 3",Near main market,226010,Lucknow,Uttar Pradesh,LIP-MATTE,Matte Lip Trio,1,850,Prepaid,Xpressbees,WhatsApp,Repeat CRM,WhatsApp,crm,Repeat CRM,WHA-1058,42,first_time,Delivered,,0,Delivered
BTY-24220,SH987650219,2026-04-10T07:30:00.000Z,Nisha Nair,9700000039,customer220@example.com,"House 57, Block D, Surat Residency, Sector 4",Near main market,395007,Surat,Gujarat,CREAM-NIGHT,Repair Night Cream,1,1250,COD,Shadowfax,Meta,Meta Glow Offer,Meta,paid,Meta Glow Offer,MET-1059,42,first_time,Undelivered,No response on phone,2,In NDR
BTY-24221,SH987650220,2026-04-11T08:30:00.000Z,Aarav Sharma,9700000040,customer221@example.com,"House 58, Block E, Hyderabad Residency, Sector 5",,500081,Hyderabad,Telangana,SERUM-VITC,Vitamin C Serum,1,750,Prepaid,Shiprocket,Instagram,Influencer Reel,Instagram,paid,Influencer Reel,INS-1060,52,repeat_delivered,Delivered,,0,Delivered
BTY-24222,DT987650221,2026-04-12T09:30:00.000Z,Diya Verma,9700000041,customer222@example.com,Near temple main road Lucknow,,226010,Lucknow,Uttar Pradesh,KIT-GLOW,Glow Routine Kit,1,1600,COD,DTDC,WhatsApp,Repeat CRM,WhatsApp,crm,Repeat CRM,WHA-1061,57,first_time,Undelivered,Customer refused delivery,2,In NDR
BTY-24223,DT987650222,2026-04-13T10:30:00.000Z,Kabir Khan,9700000042,customer223@example.com,"House 60, Block A, Surat Residency, Sector 7",Near main market,395007,Surat,Gujarat,LIP-MATTE,Matte Lip Trio,1,850,COD,DTDC,Meta,Meta Glow Offer,Meta,paid,Meta Glow Offer,MET-1062,46,first_time,Undelivered,Cash not ready,1,In NDR
BTY-24224,DT987650223,2026-04-14T11:30:00.000Z,Ananya Iyer,9700000043,customer224@example.com,"House 61, Block B, Bhubaneswar Residency, Sector 8",Near main market,751024,Bhubaneswar,Odisha,CREAM-NIGHT,Repair Night Cream,1,1200,COD,DTDC,Instagram,Influencer Reel,Instagram,paid,Influencer Reel,INS-1063,52,first_time,RTO,Customer requested future delivery,3,RTO
BTY-24225,SH987650224,2026-04-15T12:30:00.000Z,Riya Patel,9700000044,customer225@example.com,"House 62, Block C, Patna Residency, Sector 9",Near main market,800001,Patna,Bihar,SERUM-VITC,Vitamin C Serum,1,700,Prepaid,Shadowfax,WhatsApp,Repeat CRM,WhatsApp,crm,Repeat CRM,WHA-1064,56,repeat_delivered,Delivered,,0,Delivered
BTY-24226,DE987650225,2026-04-16T13:30:00.000Z,Vivaan Rao,9700000045,customer226@example.com,"House 63, Block D, Ghaziabad Residency, Sector 10",,201001,Ghaziabad,Uttar Pradesh,KIT-GLOW,Glow Routine Kit,1,1550,Prepaid,Delhivery,Meta,Meta Glow Offer,Meta,paid,Meta Glow Offer,MET-1065,44,first_time,RTO,Incorrect address,3,RTO
BTY-24227,DT987650226,2026-04-17T14:30:00.000Z,Meera Singh,9700000046,customer227@example.com,"House 64, Block E, Patna Residency, Sector 11",Near main market,800001,Patna,Bihar,LIP-MATTE,Matte Lip Trio,1,950,Prepaid,DTDC,Instagram,Influencer Reel,Instagram,paid,Influencer Reel,INS-1066,56,first_time,Undelivered,No response on phone,1,In NDR
BTY-24228,DT987650227,2026-04-18T15:30:00.000Z,Ishaan Gupta,9700000047,customer228@example.com,"House 65, Block F, Bengaluru Residency, Sector 12",Near main market,560095,Bengaluru,Karnataka,CREAM-NIGHT,Repair Night Cream,1,1250,COD,DTDC,WhatsApp,Repeat CRM,WhatsApp,crm,Repeat CRM,WHA-1067,43,first_time,Delivered,,0,Delivered
BTY-24229,DT987650228,2026-04-19T04:30:00.000Z,Sara Ali,9700000048,customer229@example.com,"House 66, Block A, Ahmedabad Residency, Sector 1",Near main market,380015,Ahmedabad,Gujarat,SERUM-VITC,Vitamin C Serum,1,650,Prepaid,DTDC,Meta,Meta Glow Offer,Meta,paid,Meta Glow Offer,MET-1068,54,repeat_delivered,Delivered,,0,Delivered
BTY-24230,EK987650229,2026-04-20T05:30:00.000Z,Nisha Nair,9700000049,customer230@example.com,"House 67, Block B, Jaipur Residency, Sector 2",Near main market,302001,Jaipur,Rajasthan,KIT-GLOW,Glow Routine Kit,1,1500,Prepaid,Ekart,Instagram,Influencer Reel,Instagram,paid,Influencer Reel,INS-1069,53,first_time,RTO,Cash not ready,3,RTO
BTY-24231,EK987650230,2026-04-21T06:30:00.000Z,Aarav Sharma,9700000050,customer231@example.com,Near temple main road Lucknow,,226010,Lucknow,Uttar Pradesh,LIP-MATTE,Matte Lip Trio,1,950,Prepaid,Ekart,WhatsApp,Repeat CRM,WhatsApp,crm,Repeat CRM,WHA-1070,55,first_time,Delivered,,0,Delivered
BTY-24232,EK987650231,2026-04-22T07:30:00.000Z,Diya Verma,9700000051,customer232@example.com,"House 69, Block D, Kolkata Residency, Sector 4",Near main market,700016,Kolkata,West Bengal,CREAM-NIGHT,Repair Night Cream,1,1100,Prepaid,Ekart,Meta,Meta Glow Offer,Meta,paid,Meta Glow Offer,MET-1071,43,first_time,Delivered,,0,Delivered
BTY-24233,SH987650232,2026-04-23T08:30:00.000Z,Kabir Khan,9700000052,customer233@example.com,"House 70, Block E, Lucknow Residency, Sector 5",Near main market,226010,Lucknow,Uttar Pradesh,SERUM-VITC,Vitamin C Serum,2,700,Prepaid,Shiprocket,Instagram,Influencer Reel,Instagram,paid,Influencer Reel,INS-1072,58,repeat_delivered,Delivered,,0,Delivered
BTY-24234,BL987650233,2026-04-24T09:30:00.000Z,Ananya Iyer,9700000053,customer234@example.com,"House 71, Block F, Indore Residency, Sector 6",Near main market,452010,Indore,Madhya Pradesh,KIT-GLOW,Glow Routine Kit,1,1450,COD,Bluedart,WhatsApp,Repeat CRM,WhatsApp,crm,Repeat CRM,WHA-1073,38,first_time,Delivered,,0,Delivered
BTY-24235,DT987650234,2026-04-25T10:30:00.000Z,Riya Patel,9700000054,customer235@example.com,"House 72, Block A, Surat Residency, Sector 7",Near main market,395007,Surat,Gujarat,LIP-MATTE,Matte Lip Trio,1,850,COD,DTDC,Meta,Meta Glow Offer,Meta,paid,Meta Glow Offer,MET-1074,54,first_time,Delivered,,0,Delivered
BTY-24236,DT987650235,2026-04-26T11:30:00.000Z,Vivaan Rao,9700000055,customer236@example.com,"House 73, Block B, Hyderabad Residency, Sector 8",,500081,Hyderabad,Telangana,CREAM-NIGHT,Repair Night Cream,1,1300,COD,DTDC,Instagram,Influencer Reel,Instagram,paid,Influencer Reel,INS-1075,46,first_time,Delivered,,0,Delivered
BTY-24237,EK987650236,2026-04-27T12:30:00.000Z,Meera Singh,9700000056,customer237@example.com,"House 74, Block C, Mumbai Residency, Sector 9",Near main market,400053,Mumbai,Maharashtra,SERUM-VITC,Vitamin C Serum,1,750,COD,Ekart,WhatsApp,Repeat CRM,WhatsApp,crm,Repeat CRM,WHA-1076,43,repeat_delivered,Delivered,,0,Delivered
BTY-24238,EK987650237,2026-04-28T13:30:00.000Z,Ishaan Gupta,9700000057,customer238@example.com,"House 75, Block D, Chennai Residency, Sector 10",Near main market,600042,Chennai,Tamil Nadu,KIT-GLOW,Glow Routine Kit,1,1400,COD,Ekart,Meta,Meta Glow Offer,Meta,paid,Meta Glow Offer,MET-1077,42,first_time,Delivered,,0,Delivered
BTY-24239,DT987650238,2026-04-29T14:30:00.000Z,Sara Ali,9700000058,customer239@example.com,"House 76, Block E, Bhubaneswar Residency, Sector 11",Near main market,751024,Bhubaneswar,Odisha,LIP-MATTE,Matte Lip Trio,1,950,COD,DTDC,Instagram,Influencer Reel,Instagram,paid,Influencer Reel,INS-1078,46,first_time,Delivered,,0,Delivered
BTY-24240,SH987650239,2026-04-30T15:30:00.000Z,Nisha Nair,9700000059,customer240@example.com,"House 77, Block F, Patna Residency, Sector 12",Near main market,800001,Patna,Bihar,CREAM-NIGHT,Repair Night Cream,1,1300,Prepaid,Shadowfax,WhatsApp,Repeat CRM,WhatsApp,crm,Repeat CRM,WHA-1079,39,first_time,Delivered,,0,Delivered
BTY-24241,SH987650240,2026-04-01T04:30:00.000Z,Aarav Sharma,9700000060,customer241@example.com,"House 78, Block A, Ghaziabad Residency, Sector 1",,201001,Ghaziabad,Uttar Pradesh,SERUM-VITC,Vitamin C Serum,1,650,COD,Shiprocket,Meta,Meta Glow Offer,Meta,paid,Meta Glow Offer,MET-1000,42,repeat_delivered,Delivered,,0,Delivered
BTY-24242,EK987650241,2026-04-02T05:30:00.000Z,Diya Verma,9700000061,customer242@example.com,"House 79, Block B, Patna Residency, Sector 2",Near main market,800001,Patna,Bihar,KIT-GLOW,Glow Routine Kit,1,1600,Prepaid,Ekart,Instagram,Influencer Reel,Instagram,paid,Influencer Reel,INS-1001,47,first_time,Delivered,,0,Delivered
BTY-24243,DT987650242,2026-04-03T06:30:00.000Z,Kabir Khan,9700000062,customer243@example.com,"House 80, Block C, Lucknow Residency, Sector 3",Near main market,226010,Lucknow,Uttar Pradesh,LIP-MATTE,Matte Lip Trio,1,950,COD,DTDC,WhatsApp,Repeat CRM,WhatsApp,crm,Repeat CRM,WHA-1002,57,first_time,Delivered,,0,Delivered
BTY-24244,SH987650243,2026-04-04T07:30:00.000Z,Ananya Iyer,9700000063,customer244@example.com,"House 81, Block D, Ahmedabad Residency, Sector 4",Near main market,380015,Ahmedabad,Gujarat,CREAM-NIGHT,Repair Night Cream,1,1100,COD,Shiprocket,Meta,Meta Glow Offer,Meta,paid,Meta Glow Offer,MET-1003,47,first_time,RTO,Cash not ready,3,RTO
BTY-24245,BL987650244,2026-04-05T08:30:00.000Z,Riya Patel,9700000064,customer245@example.com,"House 82, Block E, Jaipur Residency, Sector 5",Near main market,302001,Jaipur,Rajasthan,SERUM-VITC,Vitamin C Serum,1,700,COD,Bluedart,Instagram,Influencer Reel,Instagram,paid,Influencer Reel,INS-1004,55,repeat_delivered,Delivered,,0,Delivered
BTY-24246,DT987650245,2026-04-06T09:30:00.000Z,Vivaan Rao,9700000065,customer246@example.com,"House 83, Block F, Lucknow Residency, Sector 6",,226010,Lucknow,Uttar Pradesh,KIT-GLOW,Glow Routine Kit,1,1550,COD,DTDC,WhatsApp,Repeat CRM,WhatsApp,crm,Repeat CRM,WHA-1005,48,first_time,Delivered,,0,Delivered
BTY-24247,XP987650246,2026-04-07T10:30:00.000Z,Meera Singh,9700000066,customer247@example.com,"House 84, Block A, Surat Residency, Sector 7",Near main market,395007,Surat,Gujarat,LIP-MATTE,Matte Lip Trio,1,1000,Prepaid,Xpressbees,Meta,Meta Glow Offer,Meta,paid,Meta Glow Offer,MET-1006,40,first_time,RTO,Incorrect address,2,RTO
BTY-24248,XP987650247,2026-04-08T11:30:00.000Z,Ishaan Gupta,9700000067,customer248@example.com,"House 85, Block B, Patna Residency, Sector 8",Near main market,800001,Patna,Bihar,CREAM-NIGHT,Repair Night Cream,1,1100,COD,Xpressbees,Instagram,Influencer Reel,Instagram,paid,Influencer Reel,INS-1007,40,first_time,RTO,No response on phone,3,RTO
BTY-24249,DT987650248,2026-04-09T12:30:00.000Z,Sara Ali,9700000068,customer249@example.com,"House 86, Block C, Indore Residency, Sector 9",Near main market,452010,Indore,Madhya Pradesh,SERUM-VITC,Vitamin C Serum,1,750,Prepaid,DTDC,WhatsApp,Repeat CRM,WhatsApp,crm,Repeat CRM,WHA-1008,54,repeat_delivered,Delivered,,0,Delivered
BTY-24250,SH987650249,2026-04-10T13:30:00.000Z,Nisha Nair,9700000069,customer250@example.com,"House 87, Block D, Surat Residency, Sector 10",Near main market,395007,Surat,Gujarat,KIT-GLOW,Glow Routine Kit,1,1450,Prepaid,Shadowfax,Meta,Meta Glow Offer,Meta,paid,Meta Glow Offer,MET-1009,45,first_time,Undelivered,Customer refused delivery,2,In NDR
BTY-24251,EK987650250,2026-04-11T14:30:00.000Z,Aarav Sharma,9700000070,customer251@example.com,"House 88, Block E, Patna Residency, Sector 11",,800001,Patna,Bihar,LIP-MATTE,Matte Lip Trio,1,950,Prepaid,Ekart,Instagram,Influencer Reel,Instagram,paid,Influencer Reel,INS-1010,40,first_time,Undelivered,Cash not ready,1,In NDR
BTY-24252,SH987650251,2026-04-12T15:30:00.000Z,Diya Verma,9700000071,customer252@example.com,"House 89, Block F, Lucknow Residency, Sector 12",Near main market,226010,Lucknow,Uttar Pradesh,CREAM-NIGHT,Repair Night Cream,1,1300,Prepaid,Shadowfax,WhatsApp,Repeat CRM,WhatsApp,crm,Repeat CRM,WHA-1011,42,first_time,Undelivered,Customer requested future delivery,2,In NDR
BTY-24253,SH987650252,2026-04-13T04:30:00.000Z,Kabir Khan,9700000072,customer253@example.com,"House 90, Block A, Chennai Residency, Sector 1",Near main market,600042,Chennai,Tamil Nadu,SERUM-VITC,Vitamin C Serum,1,650,Prepaid,Shadowfax,Meta,Meta Glow Offer,Meta,paid,Meta Glow Offer,MET-1012,39,repeat_delivered,Delivered,,0,Delivered
BTY-24254,SH987650253,2026-04-14T05:30:00.000Z,Ananya Iyer,9700000073,customer254@example.com,"House 91, Block B, Bhubaneswar Residency, Sector 2",Near main market,751024,Bhubaneswar,Odisha,KIT-GLOW,Glow Routine Kit,1,1400,Prepaid,Shiprocket,Instagram,Influencer Reel,Instagram,paid,Influencer Reel,INS-1013,57,first_time,Undelivered,Incorrect address,2,In NDR
BTY-24255,EK987650254,2026-04-15T06:30:00.000Z,Riya Patel,9700000074,customer255@example.com,"House 92, Block C, Lucknow Residency, Sector 3",Near main market,226010,Lucknow,Uttar Pradesh,LIP-MATTE,Matte Lip Trio,1,850,COD,Ekart,WhatsApp,Repeat CRM,WhatsApp,crm,Repeat CRM,WHA-1014,57,first_time,RTO,No response on phone,2,RTO
BTY-24256,DE987650255,2026-04-16T07:30:00.000Z,Vivaan Rao,9700000075,customer256@example.com,Near temple main road Surat,,395007,Surat,Gujarat,CREAM-NIGHT,Repair Night Cream,1,1300,COD,Delhivery,Meta,Meta Glow Offer,Meta,paid,Meta Glow Offer,MET-1015,53,first_time,RTO,Door locked,3,RTO
BTY-24257,DT987650256,2026-04-17T08:30:00.000Z,Meera Singh,9700000076,customer257@example.com,Near temple main road Patna,,800001,Patna,Bihar,SERUM-VITC,Vitamin C Serum,1,650,Prepaid,DTDC,Instagram,Influencer Reel,Instagram,paid,Influencer Reel,INS-1016,41,repeat_delivered,RTO,Customer refused delivery,2,RTO
BTY-24258,XP987650257,2026-04-18T09:30:00.000Z,Ishaan Gupta,9700000077,customer258@example.com,Near temple main road Lucknow,,226010,Lucknow,Uttar Pradesh,KIT-GLOW,Glow Routine Kit,1,1500,Prepaid,Xpressbees,WhatsApp,Repeat CRM,WhatsApp,crm,Repeat CRM,WHA-1017,44,first_time,Undelivered,Cash not ready,2,In NDR
BTY-24259,EK987650258,2026-04-19T10:30:00.000Z,Sara Ali,9700000078,customer259@example.com,"House 96, Block A, Ahmedabad Residency, Sector 7",Near main market,380015,Ahmedabad,Gujarat,LIP-MATTE,Matte Lip Trio,1,850,COD,Ekart,Meta,Meta Glow Offer,Meta,paid,Meta Glow Offer,MET-1018,41,first_time,Undelivered,Customer requested future delivery,1,In NDR
BTY-24260,BL987650259,2026-04-20T11:30:00.000Z,Nisha Nair,9700000079,customer260@example.com,"House 97, Block B, Patna Residency, Sector 8",Near main market,800001,Patna,Bihar,CREAM-NIGHT,Repair Night Cream,1,1150,COD,Bluedart,Instagram,Influencer Reel,Instagram,paid,Influencer Reel,INS-1019,55,first_time,Undelivered,Customer not available,2,In NDR
BTY-24261,DT987650260,2026-04-21T12:30:00.000Z,Aarav Sharma,9700000080,customer261@example.com,"House 98, Block C, Pune Residency, Sector 9",,411045,Pune,Maharashtra,SERUM-VITC,Vitamin C Serum,1,700,Prepaid,DTDC,WhatsApp,Repeat CRM,WhatsApp,crm,Repeat CRM,WHA-1020,49,repeat_delivered,Delivered,,0,Delivered
BTY-24262,DT987650261,2026-04-22T13:30:00.000Z,Diya Verma,9700000081,customer262@example.com,"House 99, Block D, Surat Residency, Sector 10",Near main market,395007,Surat,Gujarat,KIT-GLOW,Glow Routine Kit,2,1500,COD,DTDC,Meta,Meta Glow Offer,Meta,paid,Meta Glow Offer,MET-1021,47,first_time,Delivered,,0,Delivered
BTY-24263,SH987650262,2026-04-23T14:30:00.000Z,Kabir Khan,9700000082,customer263@example.com,"House 100, Block E, Lucknow Residency, Sector 11",Near main market,226010,Lucknow,Uttar Pradesh,LIP-MATTE,Matte Lip Trio,1,850,COD,Shiprocket,Instagram,Influencer Reel,Instagram,paid,Influencer Reel,INS-1022,44,first_time,Delivered,,0,Delivered
BTY-24264,XP987650263,2026-04-24T15:30:00.000Z,Ananya Iyer,9700000083,customer264@example.com,"House 101, Block F, Indore Residency, Sector 12",Near main market,452010,Indore,Madhya Pradesh,CREAM-NIGHT,Repair Night Cream,1,1150,COD,Xpressbees,WhatsApp,Repeat CRM,WhatsApp,crm,Repeat CRM,WHA-1023,47,first_time,Delivered,,0,Delivered
BTY-24265,XP987650264,2026-04-25T04:30:00.000Z,Riya Patel,9700000084,customer265@example.com,Near temple main road Surat,,395007,Surat,Gujarat,SERUM-VITC,Vitamin C Serum,1,700,Prepaid,Xpressbees,Meta,Meta Glow Offer,Meta,paid,Meta Glow Offer,MET-1024,52,repeat_delivered,Undelivered,Cash not ready,1,In NDR
BTY-24266,XP987650265,2026-04-26T05:30:00.000Z,Vivaan Rao,9700000085,customer266@example.com,"House 103, Block B, Patna Residency, Sector 2",,800001,Patna,Bihar,KIT-GLOW,Glow Routine Kit,1,1400,COD,Xpressbees,Instagram,Influencer Reel,Instagram,paid,Influencer Reel,INS-1025,48,first_time,RTO,Customer requested future delivery,3,RTO
BTY-24267,DT987650266,2026-04-27T06:30:00.000Z,Meera Singh,9700000086,customer267@example.com,"House 104, Block C, Lucknow Residency, Sector 3",Near main market,226010,Lucknow,Uttar Pradesh,LIP-MATTE,Matte Lip Trio,1,900,Prepaid,DTDC,WhatsApp,Repeat CRM,WhatsApp,crm,Repeat CRM,WHA-1026,58,first_time,Delivered,,0,Delivered
BTY-24268,DE987650267,2026-04-28T07:30:00.000Z,Ishaan Gupta,9700000087,customer268@example.com,"House 105, Block D, Chennai Residency, Sector 4",Near main market,600042,Chennai,Tamil Nadu,CREAM-NIGHT,Repair Night Cream,1,1150,Prepaid,Delhivery,Meta,Meta Glow Offer,Meta,paid,Meta Glow Offer,MET-1027,44,first_time,Delivered,,0,Delivered
BTY-24269,BL987650268,2026-04-29T08:30:00.000Z,Sara Ali,9700000088,customer269@example.com,Near temple main road Patna,,800001,Patna,Bihar,SERUM-VITC,Vitamin C Serum,1,650,Prepaid,Bluedart,Instagram,Influencer Reel,Instagram,paid,Influencer Reel,INS-1028,42,repeat_delivered,Delivered,,0,Delivered
BTY-24270,EK987650269,2026-04-30T09:30:00.000Z,Nisha Nair,9700000089,customer270@example.com,"House 107, Block F, Lucknow Residency, Sector 6",Near main market,226010,Lucknow,Uttar Pradesh,KIT-GLOW,Glow Routine Kit,1,1400,COD,Ekart,WhatsApp,Repeat CRM,WhatsApp,crm,Repeat CRM,WHA-1029,51,first_time,Delivered,,0,Delivered
BTY-24271,EK987650270,2026-04-01T10:30:00.000Z,Aarav Sharma,9700000090,customer271@example.com,"House 18, Block A, Ghaziabad Residency, Sector 7",,201001,Ghaziabad,Uttar Pradesh,LIP-MATTE,Matte Lip Trio,1,850,COD,Ekart,Meta,Meta Glow Offer,Meta,paid,Meta Glow Offer,MET-1030,41,first_time,Delivered,,0,Delivered
BTY-24272,DE987650271,2026-04-02T11:30:00.000Z,Diya Verma,9700000091,customer272@example.com,"House 19, Block B, Delhi Residency, Sector 8",Near main market,110024,Delhi,Delhi,CREAM-NIGHT,Repair Night Cream,1,1200,Prepaid,Delhivery,Instagram,Influencer Reel,Instagram,paid,Influencer Reel,INS-1031,52,first_time,Delivered,,0,Delivered
BTY-24273,BL987650272,2026-04-03T12:30:00.000Z,Kabir Khan,9700000092,customer273@example.com,"House 20, Block C, Bengaluru Residency, Sector 9",Near main market,560095,Bengaluru,Karnataka,SERUM-VITC,Vitamin C Serum,1,650,Prepaid,Bluedart,WhatsApp,Repeat CRM,WhatsApp,crm,Repeat CRM,WHA-1032,57,repeat_delivered,Delivered,,0,Delivered
BTY-24274,BL987650273,2026-04-04T13:30:00.000Z,Ananya Iyer,9700000093,customer274@example.com,"House 21, Block D, Ahmedabad Residency, Sector 10",Near main market,380015,Ahmedabad,Gujarat,KIT-GLOW,Glow Routine Kit,1,1350,Prepaid,Bluedart,Meta,Meta Glow Offer,Meta,paid,Meta Glow Offer,MET-1033,57,first_time,Undelivered,Customer not available,2,In NDR
BTY-24275,EK987650274,2026-04-05T14:30:00.000Z,Riya Patel,9700000094,customer275@example.com,"House 22, Block E, Jaipur Residency, Sector 11",Near main market,302001,Jaipur,Rajasthan,LIP-MATTE,Matte Lip Trio,1,850,Prepaid,Ekart,Instagram,Influencer Reel,Instagram,paid,Influencer Reel,INS-1034,49,first_time,Delivered,,0,Delivered
BTY-24276,DE987650275,2026-04-06T15:30:00.000Z,Vivaan Rao,9700000095,customer276@example.com,Near temple main road Lucknow,,226010,Lucknow,Uttar Pradesh,CREAM-NIGHT,Repair Night Cream,1,1150,COD,Delhivery,WhatsApp,Repeat CRM,WhatsApp,crm,Repeat CRM,WHA-1035,41,first_time,Undelivered,No response on phone,2,In NDR
BTY-24277,SH987650276,2026-04-07T04:30:00.000Z,Meera Singh,9700000096,customer277@example.com,"House 24, Block A, Surat Residency, Sector 1",Near main market,395007,Surat,Gujarat,SERUM-VITC,Vitamin C Serum,1,750,COD,Shiprocket,Meta,Meta Glow Offer,Meta,paid,Meta Glow Offer,MET-1036,52,repeat_delivered,Delivered,,0,Delivered
BTY-24278,DT987650277,2026-04-08T05:30:00.000Z,Ishaan Gupta,9700000097,customer278@example.com,"House 25, Block B, Lucknow Residency, Sector 2",Near main market,226010,Lucknow,Uttar Pradesh,KIT-GLOW,Glow Routine Kit,1,1450,COD,DTDC,Instagram,Influencer Reel,Instagram,paid,Influencer Reel,INS-1037,45,first_time,Delivered,,0,Delivered
BTY-24279,DT987650278,2026-04-09T06:30:00.000Z,Sara Ali,9700000098,customer279@example.com,"House 26, Block C, Indore Residency, Sector 3",Near main market,452010,Indore,Madhya Pradesh,LIP-MATTE,Matte Lip Trio,1,850,Prepaid,DTDC,WhatsApp,Repeat CRM,WhatsApp,crm,Repeat CRM,WHA-1038,55,first_time,Delivered,,0,Delivered
BTY-24280,DE987650279,2026-04-10T07:30:00.000Z,Nisha Nair,9700000099,customer280@example.com,Near temple main road Surat,,395007,Surat,Gujarat,CREAM-NIGHT,Repair Night Cream,1,1250,COD,Delhivery,Meta,Meta Glow Offer,Meta,paid,Meta Glow Offer,MET-1039,46,first_time,RTO,Customer requested future delivery,3,RTO
BTY-24281,EK987650280,2026-04-11T08:30:00.000Z,Aarav Sharma,9700000100,customer281@example.com,"House 28, Block E, Hyderabad Residency, Sector 5",,500081,Hyderabad,Telangana,SERUM-VITC,Vitamin C Serum,1,700,Prepaid,Ekart,Instagram,Influencer Reel,Instagram,paid,Influencer Reel,INS-1040,41,repeat_delivered,Delivered,,0,Delivered
BTY-24282,BL987650281,2026-04-12T09:30:00.000Z,Diya Verma,9700000101,customer282@example.com,"House 29, Block F, Mumbai Residency, Sector 6",Near main market,400053,Mumbai,Maharashtra,KIT-GLOW,Glow Routine Kit,1,1400,Prepaid,Bluedart,WhatsApp,Repeat CRM,WhatsApp,crm,Repeat CRM,WHA-1041,49,first_time,Delivered,,0,Delivered
BTY-24283,XP987650282,2026-04-13T10:30:00.000Z,Kabir Khan,9700000102,customer283@example.com,"House 30, Block A, Chennai Residency, Sector 7",Near main market,600042,Chennai,Tamil Nadu,LIP-MATTE,Matte Lip Trio,1,850,COD,Xpressbees,Meta,Meta Glow Offer,Meta,paid,Meta Glow Offer,MET-1042,54,first_time,RTO,No response on phone,2,RTO
BTY-24284,DE987650283,2026-04-14T11:30:00.000Z,Ananya Iyer,9700000103,customer284@example.com,"House 31, Block B, Bhubaneswar Residency, Sector 8",Near main market,751024,Bhubaneswar,Odisha,CREAM-NIGHT,Repair Night Cream,1,1200,COD,Delhivery,Instagram,Influencer Reel,Instagram,paid,Influencer Reel,INS-1043,54,first_time,RTO,Door locked,3,RTO
BTY-24285,DT987650284,2026-04-15T12:30:00.000Z,Riya Patel,9700000104,customer285@example.com,"House 32, Block C, Patna Residency, Sector 9",Near main market,800001,Patna,Bihar,SERUM-VITC,Vitamin C Serum,1,700,COD,DTDC,WhatsApp,Repeat CRM,WhatsApp,crm,Repeat CRM,WHA-1044,46,repeat_delivered,Delivered,,0,Delivered
BTY-24286,BL987650285,2026-04-16T13:30:00.000Z,Vivaan Rao,9700000105,customer286@example.com,"House 33, Block D, Ghaziabad Residency, Sector 10",,201001,Ghaziabad,Uttar Pradesh,KIT-GLOW,Glow Routine Kit,1,1400,COD,Bluedart,Meta,Meta Glow Offer,Meta,paid,Meta Glow Offer,MET-1045,43,first_time,Undelivered,Cash not ready,2,In NDR
BTY-24287,SH987650286,2026-04-17T14:30:00.000Z,Meera Singh,9700000106,customer287@example.com,"House 34, Block E, Delhi Residency, Sector 11",Near main market,110024,Delhi,Delhi,LIP-MATTE,Matte Lip Trio,1,900,Prepaid,Shiprocket,Instagram,Influencer Reel,Instagram,paid,Influencer Reel,INS-1046,55,first_time,Delivered,,0,Delivered
BTY-24288,DE987650287,2026-04-18T15:30:00.000Z,Ishaan Gupta,9700000107,customer288@example.com,"House 35, Block F, Bengaluru Residency, Sector 12",Near main market,560095,Bengaluru,Karnataka,CREAM-NIGHT,Repair Night Cream,1,1250,Prepaid,Delhivery,WhatsApp,Repeat CRM,WhatsApp,crm,Repeat CRM,WHA-1047,46,first_time,Delivered,,0,Delivered
BTY-24289,SH987650288,2026-04-19T04:30:00.000Z,Sara Ali,9700000108,customer289@example.com,"House 36, Block A, Ahmedabad Residency, Sector 1",Near main market,380015,Ahmedabad,Gujarat,SERUM-VITC,Vitamin C Serum,1,650,COD,Shadowfax,Meta,Meta Glow Offer,Meta,paid,Meta Glow Offer,MET-1048,53,repeat_delivered,RTO,Incorrect address,2,RTO
BTY-24290,EK987650289,2026-04-20T05:30:00.000Z,Nisha Nair,9700000109,customer290@example.com,"House 37, Block B, Patna Residency, Sector 2",Near main market,800001,Patna,Bihar,KIT-GLOW,Glow Routine Kit,1,1600,Prepaid,Ekart,Instagram,Influencer Reel,Instagram,paid,Influencer Reel,INS-1049,47,first_time,Undelivered,No response on phone,2,In NDR
BTY-24291,EK987650290,2026-04-21T06:30:00.000Z,Aarav Sharma,9700000110,customer291@example.com,"House 38, Block C, Pune Residency, Sector 3",,411045,Pune,Maharashtra,LIP-MATTE,Matte Lip Trio,2,950,Prepaid,Ekart,WhatsApp,Repeat CRM,WhatsApp,crm,Repeat CRM,WHA-1050,58,first_time,Delivered,,0,Delivered
BTY-24292,SH987650291,2026-04-22T07:30:00.000Z,Diya Verma,9700000111,customer292@example.com,Near temple main road Surat,,395007,Surat,Gujarat,CREAM-NIGHT,Repair Night Cream,1,1200,Prepaid,Shadowfax,Meta,Meta Glow Offer,Meta,paid,Meta Glow Offer,MET-1051,53,first_time,Delivered,,0,Delivered
BTY-24293,SH987650292,2026-04-23T08:30:00.000Z,Kabir Khan,9700000112,customer293@example.com,"House 40, Block E, Lucknow Residency, Sector 5",Near main market,226010,Lucknow,Uttar Pradesh,SERUM-VITC,Vitamin C Serum,1,750,COD,Shiprocket,Instagram,Influencer Reel,Instagram,paid,Influencer Reel,INS-1052,56,repeat_delivered,RTO,Cash not ready,2,RTO
BTY-24294,XP987650293,2026-04-24T09:30:00.000Z,Ananya Iyer,9700000113,customer294@example.com,"House 41, Block F, Indore Residency, Sector 6",Near main market,452010,Indore,Madhya Pradesh,KIT-GLOW,Glow Routine Kit,1,1600,Prepaid,Xpressbees,WhatsApp,Repeat CRM,WhatsApp,crm,Repeat CRM,WHA-1053,48,first_time,RTO,Customer requested future delivery,3,RTO
BTY-24295,DE987650294,2026-04-25T10:30:00.000Z,Riya Patel,9700000114,customer295@example.com,"House 42, Block A, Surat Residency, Sector 7",Near main market,395007,Surat,Gujarat,LIP-MATTE,Matte Lip Trio,1,950,COD,Delhivery,Meta,Meta Glow Offer,Meta,paid,Meta Glow Offer,MET-1054,55,first_time,RTO,Customer not available,2,RTO
BTY-24296,DT987650295,2026-04-26T11:30:00.000Z,Vivaan Rao,9700000115,customer296@example.com,"House 43, Block B, Hyderabad Residency, Sector 8",,500081,Hyderabad,Telangana,CREAM-NIGHT,Repair Night Cream,1,1250,COD,DTDC,Instagram,Influencer Reel,Instagram,paid,Influencer Reel,INS-1055,38,first_time,Delivered,,0,Delivered
BTY-24297,EK987650296,2026-04-27T12:30:00.000Z,Meera Singh,9700000116,customer297@example.com,"House 44, Block C, Mumbai Residency, Sector 9",Near main market,400053,Mumbai,Maharashtra,SERUM-VITC,Vitamin C Serum,1,700,COD,Ekart,WhatsApp,Repeat CRM,WhatsApp,crm,Repeat CRM,WHA-1056,43,repeat_delivered,Delivered,,0,Delivered
BTY-24298,DE987650297,2026-04-28T13:30:00.000Z,Ishaan Gupta,9700000117,customer298@example.com,Near temple main road Surat,,395007,Surat,Gujarat,KIT-GLOW,Glow Routine Kit,1,1550,COD,Delhivery,Meta,Meta Glow Offer,Meta,paid,Meta Glow Offer,MET-1057,39,first_time,RTO,Door locked,3,RTO
BTY-24299,SH987650298,2026-04-29T14:30:00.000Z,Sara Ali,9700000118,customer299@example.com,"House 46, Block E, Bhubaneswar Residency, Sector 11",Near main market,751024,Bhubaneswar,Odisha,LIP-MATTE,Matte Lip Trio,1,950,COD,Shiprocket,Instagram,Influencer Reel,Instagram,paid,Influencer Reel,INS-1058,58,first_time,Delivered,,0,Delivered
BTY-24300,SH987650299,2026-04-30T15:30:00.000Z,Nisha Nair,9700000119,customer300@example.com,"House 47, Block F, Lucknow Residency, Sector 12",Near main market,226010,Lucknow,Uttar Pradesh,CREAM-NIGHT,Repair Night Cream,1,1150,Prepaid,Shiprocket,WhatsApp,Repeat CRM,WhatsApp,crm,Repeat CRM,WHA-1059,52,first_time,Undelivered,Cash not ready,2,In NDR
BTY-24301,XP987650300,2026-04-01T04:30:00.000Z,Aarav Sharma,9700000120,customer301@example.com,"House 48, Block A, Surat Residency, Sector 1",,395007,Surat,Gujarat,SERUM-VITC,Vitamin C Serum,1,750,COD,Xpressbees,Meta,Meta Glow Offer,Meta,paid,Meta Glow Offer,MET-1060,52,repeat_delivered,Undelivered,Customer requested future delivery,1,In NDR
BTY-24302,SH987650301,2026-04-02T05:30:00.000Z,Diya Verma,9700000121,customer302@example.com,"House 49, Block B, Delhi Residency, Sector 2",Near main market,110024,Delhi,Delhi,KIT-GLOW,Glow Routine Kit,1,1600,COD,Shadowfax,Instagram,Influencer Reel,Instagram,paid,Influencer Reel,INS-1061,47,first_time,Delivered,,0,Delivered
BTY-24303,DE987650302,2026-04-03T06:30:00.000Z,Kabir Khan,9700000122,customer303@example.com,"House 50, Block C, Lucknow Residency, Sector 3",Near main market,226010,Lucknow,Uttar Pradesh,LIP-MATTE,Matte Lip Trio,1,850,COD,Delhivery,WhatsApp,Repeat CRM,WhatsApp,crm,Repeat CRM,WHA-1062,47,first_time,Delivered,,0,Delivered
BTY-24304,EK987650303,2026-04-04T07:30:00.000Z,Ananya Iyer,9700000123,customer304@example.com,"House 51, Block D, Surat Residency, Sector 4",Near main market,395007,Surat,Gujarat,CREAM-NIGHT,Repair Night Cream,1,1200,COD,Ekart,Meta,Meta Glow Offer,Meta,paid,Meta Glow Offer,MET-1063,38,first_time,Undelivered,No response on phone,2,In NDR
BTY-24305,SH987650304,2026-04-05T08:30:00.000Z,Riya Patel,9700000124,customer305@example.com,"House 52, Block E, Jaipur Residency, Sector 5",Near main market,302001,Jaipur,Rajasthan,SERUM-VITC,Vitamin C Serum,1,750,COD,Shiprocket,Instagram,Influencer Reel,Instagram,paid,Influencer Reel,INS-1064,52,repeat_delivered,Delivered,,0,Delivered
BTY-24306,DE987650305,2026-04-06T09:30:00.000Z,Vivaan Rao,9700000125,customer306@example.com,"House 53, Block F, Pune Residency, Sector 6",,411045,Pune,Maharashtra,KIT-GLOW,Glow Routine Kit,1,1550,COD,Delhivery,WhatsApp,Repeat CRM,WhatsApp,crm,Repeat CRM,WHA-1065,54,first_time,Delivered,,0,Delivered
BTY-24307,EK987650306,2026-04-07T10:30:00.000Z,Meera Singh,9700000126,customer307@example.com,"House 54, Block A, Kolkata Residency, Sector 7",Near main market,700016,Kolkata,West Bengal,LIP-MATTE,Matte Lip Trio,1,850,Prepaid,Ekart,Meta,Meta Glow Offer,Meta,paid,Meta Glow Offer,MET-1066,41,first_time,Delivered,,0,Delivered
BTY-24308,SH987650307,2026-04-08T11:30:00.000Z,Ishaan Gupta,9700000127,customer308@example.com,"House 55, Block B, Lucknow Residency, Sector 8",Near main market,226010,Lucknow,Uttar Pradesh,CREAM-NIGHT,Repair Night Cream,1,1200,COD,Shiprocket,Instagram,Influencer Reel,Instagram,paid,Influencer Reel,INS-1067,42,first_time,Undelivered,Customer requested future delivery,2,In NDR
BTY-24309,BL987650308,2026-04-09T12:30:00.000Z,Sara Ali,9700000128,customer309@example.com,"House 56, Block C, Lucknow Residency, Sector 9",Near main market,226010,Lucknow,Uttar Pradesh,SERUM-VITC,Vitamin C Serum,1,700,Prepaid,Bluedart,WhatsApp,Repeat CRM,WhatsApp,crm,Repeat CRM,WHA-1068,53,repeat_delivered,RTO,Customer not available,2,RTO
BTY-24310,SH987650309,2026-04-10T13:30:00.000Z,Nisha Nair,9700000129,customer310@example.com,"House 57, Block D, Surat Residency, Sector 10",Near main market,395007,Surat,Gujarat,KIT-GLOW,Glow Routine Kit,1,1450,COD,Shiprocket,Meta,Meta Glow Offer,Meta,paid,Meta Glow Offer,MET-1069,57,first_time,RTO,Incorrect address,3,RTO
BTY-24311,XP987650310,2026-04-11T14:30:00.000Z,Aarav Sharma,9700000130,customer311@example.com,"House 58, Block E, Patna Residency, Sector 11",,800001,Patna,Bihar,LIP-MATTE,Matte Lip Trio,1,800,COD,Xpressbees,Instagram,Influencer Reel,Instagram,paid,Influencer Reel,INS-1070,44,first_time,Delivered,,0,Delivered
BTY-24312,XP987650311,2026-04-12T15:30:00.000Z,Diya Verma,9700000131,customer312@example.com,Near temple main road Lucknow,,226010,Lucknow,Uttar Pradesh,CREAM-NIGHT,Repair Night Cream,1,1300,COD,Xpressbees,WhatsApp,Repeat CRM,WhatsApp,crm,Repeat CRM,WHA-1071,42,first_time,Delivered,,0,Delivered
BTY-24313,BL987650312,2026-04-13T04:30:00.000Z,Kabir Khan,9700000132,customer313@example.com,Near temple main road Surat,,395007,Surat,Gujarat,SERUM-VITC,Vitamin C Serum,1,650,COD,Bluedart,Meta,Meta Glow Offer,Meta,paid,Meta Glow Offer,MET-1072,56,repeat_delivered,RTO,Customer refused delivery,2,RTO
BTY-24314,SH987650313,2026-04-14T05:30:00.000Z,Ananya Iyer,9700000133,customer314@example.com,"House 61, Block B, Patna Residency, Sector 2",Near main market,800001,Patna,Bihar,KIT-GLOW,Glow Routine Kit,1,1450,COD,Shiprocket,Instagram,Influencer Reel,Instagram,paid,Influencer Reel,INS-1073,47,first_time,Undelivered,Cash not ready,2,In NDR
BTY-24315,DT987650314,2026-04-15T06:30:00.000Z,Riya Patel,9700000134,customer315@example.com,"House 62, Block C, Lucknow Residency, Sector 3",Near main market,226010,Lucknow,Uttar Pradesh,LIP-MATTE,Matte Lip Trio,1,800,COD,DTDC,WhatsApp,Repeat CRM,WhatsApp,crm,Repeat CRM,WHA-1074,42,first_time,RTO,Customer requested future delivery,2,RTO
BTY-24316,BL987650315,2026-04-16T07:30:00.000Z,Vivaan Rao,9700000135,customer316@example.com,Near temple main road Surat,,395007,Surat,Gujarat,CREAM-NIGHT,Repair Night Cream,1,1150,COD,Bluedart,Meta,Meta Glow Offer,Meta,paid,Meta Glow Offer,MET-1075,42,first_time,RTO,Customer not available,3,RTO
BTY-24317,BL987650316,2026-04-17T08:30:00.000Z,Meera Singh,9700000136,customer317@example.com,"House 64, Block E, Delhi Residency, Sector 5",Near main market,110024,Delhi,Delhi,SERUM-VITC,Vitamin C Serum,1,650,COD,Bluedart,Instagram,Influencer Reel,Instagram,paid,Influencer Reel,INS-1076,52,repeat_delivered,Undelivered,Incorrect address,1,In NDR
BTY-24318,DT987650317,2026-04-18T09:30:00.000Z,Ishaan Gupta,9700000137,customer318@example.com,"House 65, Block F, Bengaluru Residency, Sector 6",Near main market,560095,Bengaluru,Karnataka,KIT-GLOW,Glow Routine Kit,1,1550,Prepaid,DTDC,WhatsApp,Repeat CRM,WhatsApp,crm,Repeat CRM,WHA-1077,39,first_time,Delivered,,0,Delivered
BTY-24319,SH987650318,2026-04-19T10:30:00.000Z,Sara Ali,9700000138,customer319@example.com,Near temple main road Surat,,395007,Surat,Gujarat,LIP-MATTE,Matte Lip Trio,1,900,COD,Shadowfax,Meta,Meta Glow Offer,Meta,paid,Meta Glow Offer,MET-1078,38,first_time,Undelivered,Door locked,1,In NDR
BTY-24320,SH987650319,2026-04-20T11:30:00.000Z,Nisha Nair,9700000139,customer320@example.com,"House 67, Block B, Jaipur Residency, Sector 8",Near main market,302001,Jaipur,Rajasthan,CREAM-NIGHT,Repair Night Cream,2,1300,Prepaid,Shadowfax,Instagram,Influencer Reel,Instagram,paid,Influencer Reel,INS-1079,44,first_time,Undelivered,Customer refused delivery,2,In NDR
BTY-24321,SH987650320,2026-04-21T12:30:00.000Z,Aarav Sharma,9700000140,customer321@example.com,"House 68, Block C, Lucknow Residency, Sector 9",,226010,Lucknow,Uttar Pradesh,SERUM-VITC,Vitamin C Serum,1,700,Prepaid,Shiprocket,WhatsApp,Repeat CRM,WhatsApp,crm,Repeat CRM,WHA-1000,51,repeat_delivered,RTO,Cash not ready,2,RTO
BTY-24322,DT987650321,2026-04-22T13:30:00.000Z,Diya Verma,9700000141,customer322@example.com,"House 69, Block D, Surat Residency, Sector 10",Near main market,395007,Surat,Gujarat,KIT-GLOW,Glow Routine Kit,1,1600,Prepaid,DTDC,Meta,Meta Glow Offer,Meta,paid,Meta Glow Offer,MET-1001,49,first_time,Delivered,,0,Delivered
BTY-24323,BL987650322,2026-04-23T14:30:00.000Z,Kabir Khan,9700000142,customer323@example.com,"House 70, Block E, Lucknow Residency, Sector 11",Near main market,226010,Lucknow,Uttar Pradesh,LIP-MATTE,Matte Lip Trio,1,900,Prepaid,Bluedart,Instagram,Influencer Reel,Instagram,paid,Influencer Reel,INS-1002,51,first_time,Delivered,,0,Delivered
BTY-24324,DE987650323,2026-04-24T15:30:00.000Z,Ananya Iyer,9700000143,customer324@example.com,"House 71, Block F, Indore Residency, Sector 12",Near main market,452010,Indore,Madhya Pradesh,CREAM-NIGHT,Repair Night Cream,1,1100,Prepaid,Delhivery,WhatsApp,Repeat CRM,WhatsApp,crm,Repeat CRM,WHA-1003,40,first_time,Delivered,,0,Delivered
BTY-24325,SH987650324,2026-04-25T04:30:00.000Z,Riya Patel,9700000144,customer325@example.com,"House 72, Block A, Surat Residency, Sector 1",Near main market,395007,Surat,Gujarat,SERUM-VITC,Vitamin C Serum,1,700,COD,Shadowfax,Meta,Meta Glow Offer,Meta,paid,Meta Glow Offer,MET-1004,55,repeat_delivered,Undelivered,No response on phone,1,In NDR
BTY-24326,BL987650325,2026-04-26T05:30:00.000Z,Vivaan Rao,9700000145,customer326@example.com,"House 73, Block B, Hyderabad Residency, Sector 2",,500081,Hyderabad,Telangana,KIT-GLOW,Glow Routine Kit,1,1500,COD,Bluedart,Instagram,Influencer Reel,Instagram,paid,Influencer Reel,INS-1005,47,first_time,RTO,Door locked,3,RTO
BTY-24327,SH987650326,2026-04-27T06:30:00.000Z,Meera Singh,9700000146,customer327@example.com,Near temple main road Lucknow,,226010,Lucknow,Uttar Pradesh,LIP-MATTE,Matte Lip Trio,1,900,COD,Shadowfax,WhatsApp,Repeat CRM,WhatsApp,crm,Repeat CRM,WHA-1006,50,first_time,Undelivered,Customer refused delivery,1,In NDR
BTY-24328,BL987650327,2026-04-28T07:30:00.000Z,Ishaan Gupta,9700000147,customer328@example.com,"House 75, Block D, Surat Residency, Sector 4",Near main market,395007,Surat,Gujarat,CREAM-NIGHT,Repair Night Cream,1,1150,Prepaid,Bluedart,Meta,Meta Glow Offer,Meta,paid,Meta Glow Offer,MET-1007,55,first_time,RTO,Cash not ready,3,RTO
BTY-24329,EK987650328,2026-04-29T08:30:00.000Z,Sara Ali,9700000148,customer329@example.com,"House 76, Block E, Bhubaneswar Residency, Sector 5",Near main market,751024,Bhubaneswar,Odisha,SERUM-VITC,Vitamin C Serum,1,750,Prepaid,Ekart,Instagram,Influencer Reel,Instagram,paid,Influencer Reel,INS-1008,39,repeat_delivered,Delivered,,0,Delivered
BTY-24330,SH987650329,2026-04-30T09:30:00.000Z,Nisha Nair,9700000149,customer330@example.com,"House 77, Block F, Patna Residency, Sector 6",Near main market,800001,Patna,Bihar,KIT-GLOW,Glow Routine Kit,1,1450,Prepaid,Shadowfax,WhatsApp,Repeat CRM,WhatsApp,crm,Repeat CRM,WHA-1009,55,first_time,RTO,Customer not available,3,RTO
BTY-24331,XP987650330,2026-04-01T10:30:00.000Z,Aarav Sharma,9700000150,customer331@example.com,"House 78, Block A, Ghaziabad Residency, Sector 7",,201001,Ghaziabad,Uttar Pradesh,LIP-MATTE,Matte Lip Trio,1,900,COD,Xpressbees,Meta,Meta Glow Offer,Meta,paid,Meta Glow Offer,MET-1010,49,first_time,RTO,Incorrect address,2,RTO
BTY-24332,XP987650331,2026-04-02T11:30:00.000Z,Diya Verma,9700000151,customer332@example.com,"House 79, Block B, Delhi Residency, Sector 8",Near main market,110024,Delhi,Delhi,CREAM-NIGHT,Repair Night Cream,1,1100,Prepaid,Xpressbees,Instagram,Influencer Reel,Instagram,paid,Influencer Reel,INS-1011,53,first_time,Delivered,,0,Delivered
BTY-24333,SH987650332,2026-04-03T12:30:00.000Z,Kabir Khan,9700000152,customer333@example.com,"House 80, Block C, Bengaluru Residency, Sector 9",Near main market,560095,Bengaluru,Karnataka,SERUM-VITC,Vitamin C Serum,1,650,Prepaid,Shiprocket,WhatsApp,Repeat CRM,WhatsApp,crm,Repeat CRM,WHA-1012,51,repeat_delivered,Delivered,,0,Delivered
BTY-24334,SH987650333,2026-04-04T13:30:00.000Z,Ananya Iyer,9700000153,customer334@example.com,"House 81, Block D, Ahmedabad Residency, Sector 10",Near main market,380015,Ahmedabad,Gujarat,KIT-GLOW,Glow Routine Kit,1,1400,COD,Shadowfax,Meta,Meta Glow Offer,Meta,paid,Meta Glow Offer,MET-1013,53,first_time,RTO,Customer refused delivery,3,RTO
BTY-24335,DE987650334,2026-04-05T14:30:00.000Z,Riya Patel,9700000154,customer335@example.com,"House 82, Block E, Jaipur Residency, Sector 11",Near main market,302001,Jaipur,Rajasthan,LIP-MATTE,Matte Lip Trio,1,950,Prepaid,Delhivery,Instagram,Influencer Reel,Instagram,paid,Influencer Reel,INS-1014,52,first_time,Undelivered,Cash not ready,1,In NDR
BTY-24336,SH987650335,2026-04-06T15:30:00.000Z,Vivaan Rao,9700000155,customer336@example.com,"House 83, Block F, Lucknow Residency, Sector 12",,226010,Lucknow,Uttar Pradesh,CREAM-NIGHT,Repair Night Cream,1,1200,COD,Shadowfax,WhatsApp,Repeat CRM,WhatsApp,crm,Repeat CRM,WHA-1015,42,first_time,RTO,Customer requested future delivery,3,RTO
BTY-24337,XP987650336,2026-04-07T04:30:00.000Z,Meera Singh,9700000156,customer337@example.com,"House 84, Block A, Kolkata Residency, Sector 1",Near main market,700016,Kolkata,West Bengal,SERUM-VITC,Vitamin C Serum,1,700,COD,Xpressbees,Meta,Meta Glow Offer,Meta,paid,Meta Glow Offer,MET-1016,39,repeat_delivered,Delivered,,0,Delivered
BTY-24338,BL987650337,2026-04-08T05:30:00.000Z,Ishaan Gupta,9700000157,customer338@example.com,"House 85, Block B, Patna Residency, Sector 2",Near main market,800001,Patna,Bihar,KIT-GLOW,Glow Routine Kit,1,1600,COD,Bluedart,Instagram,Influencer Reel,Instagram,paid,Influencer Reel,INS-1017,44,first_time,Delivered,,0,Delivered
BTY-24339,XP987650338,2026-04-09T06:30:00.000Z,Sara Ali,9700000158,customer339@example.com,"House 86, Block C, Lucknow Residency, Sector 3",Near main market,226010,Lucknow,Uttar Pradesh,LIP-MATTE,Matte Lip Trio,1,950,COD,Xpressbees,WhatsApp,Repeat CRM,WhatsApp,crm,Repeat CRM,WHA-1018,55,first_time,Delivered,,0,Delivered
BTY-24340,XP987650339,2026-04-10T07:30:00.000Z,Nisha Nair,9700000159,customer340@example.com,"House 87, Block D, Surat Residency, Sector 4",Near main market,395007,Surat,Gujarat,CREAM-NIGHT,Repair Night Cream,1,1200,COD,Xpressbees,Meta,Meta Glow Offer,Meta,paid,Meta Glow Offer,MET-1019,40,first_time,Delivered,,0,Delivered
BTY-24341,DE987650340,2026-04-11T08:30:00.000Z,Aarav Sharma,9700000160,customer341@example.com,"House 88, Block E, Hyderabad Residency, Sector 5",,500081,Hyderabad,Telangana,SERUM-VITC,Vitamin C Serum,1,750,Prepaid,Delhivery,Instagram,Influencer Reel,Instagram,paid,Influencer Reel,INS-1020,45,repeat_delivered,RTO,Customer refused delivery,2,RTO
BTY-24342,EK987650341,2026-04-12T09:30:00.000Z,Diya Verma,9700000161,customer342@example.com,"House 89, Block F, Mumbai Residency, Sector 6",Near main market,400053,Mumbai,Maharashtra,KIT-GLOW,Glow Routine Kit,1,1500,COD,Ekart,WhatsApp,Repeat CRM,WhatsApp,crm,Repeat CRM,WHA-1021,53,first_time,RTO,Cash not ready,3,RTO
BTY-24343,SH987650342,2026-04-13T10:30:00.000Z,Kabir Khan,9700000162,customer343@example.com,"House 90, Block A, Surat Residency, Sector 7",Near main market,395007,Surat,Gujarat,LIP-MATTE,Matte Lip Trio,1,950,COD,Shadowfax,Meta,Meta Glow Offer,Meta,paid,Meta Glow Offer,MET-1022,44,first_time,Delivered,,0,Delivered
BTY-24344,DE987650343,2026-04-14T11:30:00.000Z,Ananya Iyer,9700000163,customer344@example.com,"House 91, Block B, Bhubaneswar Residency, Sector 8",Near main market,751024,Bhubaneswar,Odisha,CREAM-NIGHT,Repair Night Cream,1,1250,COD,Delhivery,Instagram,Influencer Reel,Instagram,paid,Influencer Reel,INS-1023,42,first_time,Undelivered,Customer not available,2,In NDR
BTY-24345,DE987650344,2026-04-15T12:30:00.000Z,Riya Patel,9700000164,customer345@example.com,"House 92, Block C, Lucknow Residency, Sector 9",Near main market,226010,Lucknow,Uttar Pradesh,SERUM-VITC,Vitamin C Serum,1,700,COD,Delhivery,WhatsApp,Repeat CRM,WhatsApp,crm,Repeat CRM,WHA-1024,46,repeat_delivered,Undelivered,Incorrect address,1,In NDR
BTY-24346,SH987650345,2026-04-16T13:30:00.000Z,Vivaan Rao,9700000165,customer346@example.com,"House 93, Block D, Ghaziabad Residency, Sector 10",,201001,Ghaziabad,Uttar Pradesh,KIT-GLOW,Glow Routine Kit,1,1500,COD,Shadowfax,Meta,Meta Glow Offer,Meta,paid,Meta Glow Offer,MET-1025,56,first_time,RTO,No response on phone,3,RTO
BTY-24347,BL987650346,2026-04-17T14:30:00.000Z,Meera Singh,9700000166,customer347@example.com,"House 94, Block E, Delhi Residency, Sector 11",Near main market,110024,Delhi,Delhi,LIP-MATTE,Matte Lip Trio,1,950,COD,Bluedart,Instagram,Influencer Reel,Instagram,paid,Influencer Reel,INS-1026,52,first_time,Undelivered,Door locked,1,In NDR
BTY-24348,DT987650347,2026-04-18T15:30:00.000Z,Ishaan Gupta,9700000167,customer348@example.com,"House 95, Block F, Bengaluru Residency, Sector 12",Near main market,560095,Bengaluru,Karnataka,CREAM-NIGHT,Repair Night Cream,1,1250,Prepaid,DTDC,WhatsApp,Repeat CRM,WhatsApp,crm,Repeat CRM,WHA-1027,57,first_time,Delivered,,0,Delivered
BTY-24349,BL987650348,2026-04-19T04:30:00.000Z,Sara Ali,9700000168,customer349@example.com,"House 96, Block A, Surat Residency, Sector 1",Near main market,395007,Surat,Gujarat,SERUM-VITC,Vitamin C Serum,2,750,Prepaid,Bluedart,Meta,Meta Glow Offer,Meta,paid,Meta Glow Offer,MET-1028,52,repeat_delivered,Undelivered,Cash not ready,1,In NDR
BTY-24350,DE987650349,2026-04-20T05:30:00.000Z,Nisha Nair,9700000169,customer350@example.com,"House 97, Block B, Jaipur Residency, Sector 2",Near main market,302001,Jaipur,Rajasthan,KIT-GLOW,Glow Routine Kit,1,1550,Prepaid,Delhivery,Instagram,Influencer Reel,Instagram,paid,Influencer Reel,INS-1029,52,first_time,RTO,Customer requested future delivery,3,RTO
BTY-24351,EK987650350,2026-04-21T06:30:00.000Z,Aarav Sharma,9700000170,customer351@example.com,"House 98, Block C, Pune Residency, Sector 3",,411045,Pune,Maharashtra,LIP-MATTE,Matte Lip Trio,1,850,Prepaid,Ekart,WhatsApp,Repeat CRM,WhatsApp,crm,Repeat CRM,WHA-1030,50,first_time,Delivered,,0,Delivered
BTY-24352,DE987650351,2026-04-22T07:30:00.000Z,Diya Verma,9700000171,customer352@example.com,"House 99, Block D, Kolkata Residency, Sector 4",Near main market,700016,Kolkata,West Bengal,CREAM-NIGHT,Repair Night Cream,1,1250,Prepaid,Delhivery,Meta,Meta Glow Offer,Meta,paid,Meta Glow Offer,MET-1031,41,first_time,RTO,Incorrect address,3,RTO
BTY-24353,DT987650352,2026-04-23T08:30:00.000Z,Kabir Khan,9700000172,customer353@example.com,"House 100, Block E, Lucknow Residency, Sector 5",Near main market,226010,Lucknow,Uttar Pradesh,SERUM-VITC,Vitamin C Serum,1,750,Prepaid,DTDC,Instagram,Influencer Reel,Instagram,paid,Influencer Reel,INS-1032,53,repeat_delivered,Delivered,,0,Delivered
BTY-24354,DT987650353,2026-04-24T09:30:00.000Z,Ananya Iyer,9700000173,customer354@example.com,"House 101, Block F, Indore Residency, Sector 6",Near main market,452010,Indore,Madhya Pradesh,KIT-GLOW,Glow Routine Kit,1,1400,COD,DTDC,WhatsApp,Repeat CRM,WhatsApp,crm,Repeat CRM,WHA-1033,45,first_time,Delivered,,0,Delivered
BTY-24355,EK987650354,2026-04-25T10:30:00.000Z,Riya Patel,9700000174,customer355@example.com,"House 102, Block A, Surat Residency, Sector 7",Near main market,395007,Surat,Gujarat,LIP-MATTE,Matte Lip Trio,1,950,COD,Ekart,Meta,Meta Glow Offer,Meta,paid,Meta Glow Offer,MET-1034,51,first_time,RTO,Customer refused delivery,2,RTO
BTY-24356,XP987650355,2026-04-26T11:30:00.000Z,Vivaan Rao,9700000175,customer356@example.com,"House 103, Block B, Hyderabad Residency, Sector 8",,500081,Hyderabad,Telangana,CREAM-NIGHT,Repair Night Cream,1,1150,COD,Xpressbees,Instagram,Influencer Reel,Instagram,paid,Influencer Reel,INS-1035,40,first_time,RTO,Cash not ready,3,RTO
BTY-24357,XP987650356,2026-04-27T12:30:00.000Z,Meera Singh,9700000176,customer357@example.com,"House 104, Block C, Mumbai Residency, Sector 9",Near main market,400053,Mumbai,Maharashtra,SERUM-VITC,Vitamin C Serum,1,650,Prepaid,Xpressbees,WhatsApp,Repeat CRM,WhatsApp,crm,Repeat CRM,WHA-1036,44,repeat_delivered,Delivered,,0,Delivered
BTY-24358,EK987650357,2026-04-28T13:30:00.000Z,Ishaan Gupta,9700000177,customer358@example.com,"House 105, Block D, Chennai Residency, Sector 10",Near main market,600042,Chennai,Tamil Nadu,KIT-GLOW,Glow Routine Kit,1,1650,Prepaid,Ekart,Meta,Meta Glow Offer,Meta,paid,Meta Glow Offer,MET-1037,51,first_time,Delivered,,0,Delivered
BTY-24359,DE987650358,2026-04-29T14:30:00.000Z,Sara Ali,9700000178,customer359@example.com,"House 106, Block E, Bhubaneswar Residency, Sector 11",Near main market,751024,Bhubaneswar,Odisha,LIP-MATTE,Matte Lip Trio,1,950,Prepaid,Delhivery,Instagram,Influencer Reel,Instagram,paid,Influencer Reel,INS-1038,50,first_time,Delivered,,0,Delivered
BTY-24360,XP987650359,2026-04-30T15:30:00.000Z,Nisha Nair,9700000179,customer360@example.com,Near temple main road Lucknow,,226010,Lucknow,Uttar Pradesh,CREAM-NIGHT,Repair Night Cream,1,1150,Prepaid,Xpressbees,WhatsApp,Repeat CRM,WhatsApp,crm,Repeat CRM,WHA-1039,52,first_time,Delivered,,0,Delivered
BTY-24361,EK987650360,2026-04-01T04:30:00.000Z,Aarav Sharma,9700000000,customer361@example.com,"House 18, Block A, Ghaziabad Residency, Sector 1",,201001,Ghaziabad,Uttar Pradesh,SERUM-VITC,Vitamin C Serum,1,700,Prepaid,Ekart,Meta,Meta Glow Offer,Meta,paid,Meta Glow Offer,MET-1040,57,repeat_delivered,Undelivered,Door locked,1,In NDR
BTY-24362,EK987650361,2026-04-02T05:30:00.000Z,Diya Verma,9700000001,customer362@example.com,"House 19, Block B, Patna Residency, Sector 2",Near main market,800001,Patna,Bihar,KIT-GLOW,Glow Routine Kit,1,1600,COD,Ekart,Instagram,Influencer Reel,Instagram,paid,Influencer Reel,INS-1041,43,first_time,RTO,Customer refused delivery,3,RTO
BTY-24363,SH987650362,2026-04-03T06:30:00.000Z,Kabir Khan,9700000002,customer363@example.com,"House 20, Block C, Bengaluru Residency, Sector 3",Near main market,560095,Bengaluru,Karnataka,LIP-MATTE,Matte Lip Trio,1,950,COD,Shadowfax,WhatsApp,Repeat CRM,WhatsApp,crm,Repeat CRM,WHA-1042,52,first_time,RTO,Cash not ready,2,RTO
BTY-24364,DT987650363,2026-04-04T07:30:00.000Z,Ananya Iyer,9700000003,customer364@example.com,Near temple main road Surat,,395007,Surat,Gujarat,CREAM-NIGHT,Repair Night Cream,1,1250,Prepaid,DTDC,Meta,Meta Glow Offer,Meta,paid,Meta Glow Offer,MET-1043,42,first_time,RTO,Customer requested future delivery,3,RTO
BTY-24365,BL987650364,2026-04-05T08:30:00.000Z,Riya Patel,9700000004,customer365@example.com,"House 22, Block E, Patna Residency, Sector 5",Near main market,800001,Patna,Bihar,SERUM-VITC,Vitamin C Serum,1,750,Prepaid,Bluedart,Instagram,Influencer Reel,Instagram,paid,Influencer Reel,INS-1044,42,repeat_delivered,Undelivered,Customer not available,1,In NDR
BTY-24366,SH987650365,2026-04-06T09:30:00.000Z,Vivaan Rao,9700000005,customer366@example.com,Near temple main road Lucknow,,226010,Lucknow,Uttar Pradesh,KIT-GLOW,Glow Routine Kit,1,1450,COD,Shiprocket,WhatsApp,Repeat CRM,WhatsApp,crm,Repeat CRM,WHA-1045,40,first_time,Undelivered,Incorrect address,2,In NDR
BTY-24367,EK987650366,2026-04-07T10:30:00.000Z,Meera Singh,9700000006,customer367@example.com,"House 24, Block A, Surat Residency, Sector 7",Near main market,395007,Surat,Gujarat,LIP-MATTE,Matte Lip Trio,1,900,Prepaid,Ekart,Meta,Meta Glow Offer,Meta,paid,Meta Glow Offer,MET-1046,58,first_time,Delivered,,0,Delivered
BTY-24368,DT987650367,2026-04-08T11:30:00.000Z,Ishaan Gupta,9700000007,customer368@example.com,"House 25, Block B, Lucknow Residency, Sector 8",Near main market,226010,Lucknow,Uttar Pradesh,CREAM-NIGHT,Repair Night Cream,1,1250,COD,DTDC,Instagram,Influencer Reel,Instagram,paid,Influencer Reel,INS-1047,49,first_time,Delivered,,0,Delivered
BTY-24369,DT987650368,2026-04-09T12:30:00.000Z,Sara Ali,9700000008,customer369@example.com,"House 26, Block C, Indore Residency, Sector 9",Near main market,452010,Indore,Madhya Pradesh,SERUM-VITC,Vitamin C Serum,1,650,Prepaid,DTDC,WhatsApp,Repeat CRM,WhatsApp,crm,Repeat CRM,WHA-1048,53,repeat_delivered,Delivered,,0,Delivered
BTY-24370,SH987650369,2026-04-10T13:30:00.000Z,Nisha Nair,9700000009,customer370@example.com,"House 27, Block D, Surat Residency, Sector 10",Near main market,395007,Surat,Gujarat,KIT-GLOW,Glow Routine Kit,1,1400,COD,Shadowfax,Meta,Meta Glow Offer,Meta,paid,Meta Glow Offer,MET-1049,55,first_time,Delivered,,0,Delivered
BTY-24371,SH987650370,2026-04-11T14:30:00.000Z,Aarav Sharma,9700000010,customer371@example.com,"House 28, Block E, Hyderabad Residency, Sector 11",,500081,Hyderabad,Telangana,LIP-MATTE,Matte Lip Trio,1,900,COD,Shadowfax,Instagram,Influencer Reel,Instagram,paid,Influencer Reel,INS-1050,58,first_time,RTO,Customer requested future delivery,2,RTO
BTY-24372,BL987650371,2026-04-12T15:30:00.000Z,Diya Verma,9700000011,customer372@example.com,"House 29, Block F, Mumbai Residency, Sector 12",Near main market,400053,Mumbai,Maharashtra,CREAM-NIGHT,Repair Night Cream,1,1150,COD,Bluedart,WhatsApp,Repeat CRM,WhatsApp,crm,Repeat CRM,WHA-1051,41,first_time,Delivered,,0,Delivered
BTY-24373,SH987650372,2026-04-13T04:30:00.000Z,Kabir Khan,9700000012,customer373@example.com,"House 30, Block A, Surat Residency, Sector 1",Near main market,395007,Surat,Gujarat,SERUM-VITC,Vitamin C Serum,1,700,Prepaid,Shadowfax,Meta,Meta Glow Offer,Meta,paid,Meta Glow Offer,MET-1052,43,repeat_delivered,Undelivered,Incorrect address,1,In NDR
BTY-24374,DE987650373,2026-04-14T05:30:00.000Z,Ananya Iyer,9700000013,customer374@example.com,"House 31, Block B, Patna Residency, Sector 2",Near main market,800001,Patna,Bihar,KIT-GLOW,Glow Routine Kit,1,1450,Prepaid,Delhivery,Instagram,Influencer Reel,Instagram,paid,Influencer Reel,INS-1053,43,first_time,Delivered,,0,Delivered
BTY-24375,XP987650374,2026-04-15T06:30:00.000Z,Riya Patel,9700000014,customer375@example.com,"House 32, Block C, Patna Residency, Sector 3",Near main market,800001,Patna,Bihar,LIP-MATTE,Matte Lip Trio,1,950,Prepaid,Xpressbees,WhatsApp,Repeat CRM,WhatsApp,crm,Repeat CRM,WHA-1054,54,first_time,Delivered,,0,Delivered
BTY-24376,XP987650375,2026-04-16T07:30:00.000Z,Vivaan Rao,9700000015,customer376@example.com,"House 33, Block D, Ghaziabad Residency, Sector 4",,201001,Ghaziabad,Uttar Pradesh,CREAM-NIGHT,Repair Night Cream,1,1150,COD,Xpressbees,Meta,Meta Glow Offer,Meta,paid,Meta Glow Offer,MET-1055,46,first_time,RTO,Customer refused delivery,3,RTO
BTY-24377,XP987650376,2026-04-17T08:30:00.000Z,Meera Singh,9700000016,customer377@example.com,"House 34, Block E, Delhi Residency, Sector 5",Near main market,110024,Delhi,Delhi,SERUM-VITC,Vitamin C Serum,1,650,COD,Xpressbees,Instagram,Influencer Reel,Instagram,paid,Influencer Reel,INS-1056,42,repeat_delivered,RTO,Cash not ready,2,RTO
BTY-24378,DE987650377,2026-04-18T09:30:00.000Z,Ishaan Gupta,9700000017,customer378@example.com,"House 35, Block F, Bengaluru Residency, Sector 6",Near main market,560095,Bengaluru,Karnataka,KIT-GLOW,Glow Routine Kit,2,1400,Prepaid,Delhivery,WhatsApp,Repeat CRM,WhatsApp,crm,Repeat CRM,WHA-1057,44,first_time,Delivered,,0,Delivered
BTY-24379,EK987650378,2026-04-19T10:30:00.000Z,Sara Ali,9700000018,customer379@example.com,"House 36, Block A, Ahmedabad Residency, Sector 7",Near main market,380015,Ahmedabad,Gujarat,LIP-MATTE,Matte Lip Trio,1,850,Prepaid,Ekart,Meta,Meta Glow Offer,Meta,paid,Meta Glow Offer,MET-1058,43,first_time,Delivered,,0,Delivered
BTY-24380,XP987650379,2026-04-20T11:30:00.000Z,Nisha Nair,9700000019,customer380@example.com,"House 37, Block B, Jaipur Residency, Sector 8",Near main market,302001,Jaipur,Rajasthan,CREAM-NIGHT,Repair Night Cream,1,1150,COD,Xpressbees,Instagram,Influencer Reel,Instagram,paid,Influencer Reel,INS-1059,56,first_time,Delivered,,0,Delivered
BTY-24381,SH987650380,2026-04-21T12:30:00.000Z,Aarav Sharma,9700000020,customer381@example.com,"House 38, Block C, Pune Residency, Sector 9",,411045,Pune,Maharashtra,SERUM-VITC,Vitamin C Serum,1,750,Prepaid,Shiprocket,WhatsApp,Repeat CRM,WhatsApp,crm,Repeat CRM,WHA-1060,39,repeat_delivered,Delivered,,0,Delivered
BTY-24382,SH987650381,2026-04-22T13:30:00.000Z,Diya Verma,9700000021,customer382@example.com,"House 39, Block D, Surat Residency, Sector 10",Near main market,395007,Surat,Gujarat,KIT-GLOW,Glow Routine Kit,1,1350,COD,Shiprocket,Meta,Meta Glow Offer,Meta,paid,Meta Glow Offer,MET-1061,40,first_time,RTO,Door locked,3,RTO
BTY-24383,XP987650382,2026-04-23T14:30:00.000Z,Kabir Khan,9700000022,customer383@example.com,Near temple main road Patna,,800001,Patna,Bihar,LIP-MATTE,Matte Lip Trio,1,900,COD,Xpressbees,Instagram,Influencer Reel,Instagram,paid,Influencer Reel,INS-1062,57,first_time,Undelivered,Customer refused delivery,1,In NDR
BTY-24384,DT987650383,2026-04-24T15:30:00.000Z,Ananya Iyer,9700000023,customer384@example.com,"House 41, Block F, Indore Residency, Sector 12",Near main market,452010,Indore,Madhya Pradesh,CREAM-NIGHT,Repair Night Cream,1,1100,Prepaid,DTDC,WhatsApp,Repeat CRM,WhatsApp,crm,Repeat CRM,WHA-1063,52,first_time,Delivered,,0,Delivered
BTY-24385,DT987650384,2026-04-25T04:30:00.000Z,Riya Patel,9700000024,customer385@example.com,"House 42, Block A, Surat Residency, Sector 1",Near main market,395007,Surat,Gujarat,SERUM-VITC,Vitamin C Serum,1,700,COD,DTDC,Meta,Meta Glow Offer,Meta,paid,Meta Glow Offer,MET-1064,52,repeat_delivered,RTO,Customer requested future delivery,2,RTO
BTY-24386,DT987650385,2026-04-26T05:30:00.000Z,Vivaan Rao,9700000025,customer386@example.com,"House 43, Block B, Patna Residency, Sector 2",,800001,Patna,Bihar,KIT-GLOW,Glow Routine Kit,1,1450,COD,DTDC,Instagram,Influencer Reel,Instagram,paid,Influencer Reel,INS-1065,55,first_time,Undelivered,Customer not available,2,In NDR
BTY-24387,SH987650386,2026-04-27T06:30:00.000Z,Meera Singh,9700000026,customer387@example.com,"House 44, Block C, Mumbai Residency, Sector 3",Near main market,400053,Mumbai,Maharashtra,LIP-MATTE,Matte Lip Trio,1,800,COD,Shiprocket,WhatsApp,Repeat CRM,WhatsApp,crm,Repeat CRM,WHA-1066,50,first_time,Delivered,,0,Delivered
BTY-24388,DT987650387,2026-04-28T07:30:00.000Z,Ishaan Gupta,9700000027,customer388@example.com,"House 45, Block D, Chennai Residency, Sector 4",Near main market,600042,Chennai,Tamil Nadu,CREAM-NIGHT,Repair Night Cream,1,1300,COD,DTDC,Meta,Meta Glow Offer,Meta,paid,Meta Glow Offer,MET-1067,55,first_time,RTO,No response on phone,3,RTO
BTY-24389,EK987650388,2026-04-29T08:30:00.000Z,Sara Ali,9700000028,customer389@example.com,"House 46, Block E, Bhubaneswar Residency, Sector 5",Near main market,751024,Bhubaneswar,Odisha,SERUM-VITC,Vitamin C Serum,1,700,COD,Ekart,Instagram,Influencer Reel,Instagram,paid,Influencer Reel,INS-1068,47,repeat_delivered,Undelivered,Door locked,1,In NDR
BTY-24390,XP987650389,2026-04-30T09:30:00.000Z,Nisha Nair,9700000029,customer390@example.com,Near temple main road Lucknow,,226010,Lucknow,Uttar Pradesh,KIT-GLOW,Glow Routine Kit,1,1550,COD,Xpressbees,WhatsApp,Repeat CRM,WhatsApp,crm,Repeat CRM,WHA-1069,57,first_time,RTO,Customer refused delivery,3,RTO
BTY-24391,XP987650390,2026-04-01T10:30:00.000Z,Aarav Sharma,9700000030,customer391@example.com,"House 48, Block A, Surat Residency, Sector 7",,395007,Surat,Gujarat,LIP-MATTE,Matte Lip Trio,1,950,COD,Xpressbees,Meta,Meta Glow Offer,Meta,paid,Meta Glow Offer,MET-1070,48,first_time,Undelivered,Cash not ready,1,In NDR
BTY-24392,EK987650391,2026-04-02T11:30:00.000Z,Diya Verma,9700000031,customer392@example.com,"House 49, Block B, Patna Residency, Sector 8",Near main market,800001,Patna,Bihar,CREAM-NIGHT,Repair Night Cream,1,1250,Prepaid,Ekart,Instagram,Influencer Reel,Instagram,paid,Influencer Reel,INS-1071,40,first_time,RTO,Customer requested future delivery,3,RTO
BTY-24393,SH987650392,2026-04-03T12:30:00.000Z,Kabir Khan,9700000032,customer393@example.com,"House 50, Block C, Lucknow Residency, Sector 9",Near main market,226010,Lucknow,Uttar Pradesh,SERUM-VITC,Vitamin C Serum,1,650,COD,Shadowfax,WhatsApp,Repeat CRM,WhatsApp,crm,Repeat CRM,WHA-1072,43,repeat_delivered,RTO,Customer not available,2,RTO
BTY-24394,EK987650393,2026-04-04T13:30:00.000Z,Ananya Iyer,9700000033,customer394@example.com,"House 51, Block D, Surat Residency, Sector 10",Near main market,395007,Surat,Gujarat,KIT-GLOW,Glow Routine Kit,1,1450,COD,Ekart,Meta,Meta Glow Offer,Meta,paid,Meta Glow Offer,MET-1073,49,first_time,RTO,Incorrect address,3,RTO
BTY-24395,DE987650394,2026-04-05T14:30:00.000Z,Riya Patel,9700000034,customer395@example.com,"House 52, Block E, Jaipur Residency, Sector 11",Near main market,302001,Jaipur,Rajasthan,LIP-MATTE,Matte Lip Trio,1,950,Prepaid,Delhivery,Instagram,Influencer Reel,Instagram,paid,Influencer Reel,INS-1074,46,first_time,RTO,No response on phone,2,RTO
BTY-24396,DT987650395,2026-04-06T15:30:00.000Z,Vivaan Rao,9700000035,customer396@example.com,"House 53, Block F, Pune Residency, Sector 12",,411045,Pune,Maharashtra,CREAM-NIGHT,Repair Night Cream,1,1100,COD,DTDC,WhatsApp,Repeat CRM,WhatsApp,crm,Repeat CRM,WHA-1075,38,first_time,Delivered,,0,Delivered
BTY-24397,EK987650396,2026-04-07T04:30:00.000Z,Meera Singh,9700000036,customer397@example.com,"House 54, Block A, Surat Residency, Sector 1",Near main market,395007,Surat,Gujarat,SERUM-VITC,Vitamin C Serum,1,650,Prepaid,Ekart,Meta,Meta Glow Offer,Meta,paid,Meta Glow Offer,MET-1076,47,repeat_delivered,RTO,Customer refused delivery,2,RTO
BTY-24398,SH987650397,2026-04-08T05:30:00.000Z,Ishaan Gupta,9700000037,customer398@example.com,Near temple main road Patna,,800001,Patna,Bihar,KIT-GLOW,Glow Routine Kit,1,1400,COD,Shiprocket,Instagram,Influencer Reel,Instagram,paid,Influencer Reel,INS-1077,43,first_time,RTO,Cash not ready,3,RTO
BTY-24399,EK987650398,2026-04-09T06:30:00.000Z,Sara Ali,9700000038,customer399@example.com,"House 56, Block C, Lucknow Residency, Sector 3",Near main market,226010,Lucknow,Uttar Pradesh,LIP-MATTE,Matte Lip Trio,1,850,Prepaid,Ekart,WhatsApp,Repeat CRM,WhatsApp,crm,Repeat CRM,WHA-1078,57,first_time,Delivered,,0,Delivered
BTY-24400,EK987650399,2026-04-10T07:30:00.000Z,Nisha Nair,9700000039,customer400@example.com,"House 57, Block D, Surat Residency, Sector 4",Near main market,395007,Surat,Gujarat,CREAM-NIGHT,Repair Night Cream,1,1150,COD,Ekart,Meta,Meta Glow Offer,Meta,paid,Meta Glow Offer,MET-1079,47,first_time,RTO,Customer not available,3,RTO
BTY-24401,SH987650400,2026-04-11T08:30:00.000Z,Aarav Sharma,9700000040,customer401@example.com,Near temple main road Patna,,800001,Patna,Bihar,SERUM-VITC,Vitamin C Serum,1,750,COD,Shiprocket,Instagram,Influencer Reel,Instagram,paid,Influencer Reel,INS-1000,50,repeat_delivered,RTO,Incorrect address,2,RTO
BTY-24402,EK987650401,2026-04-12T09:30:00.000Z,Diya Verma,9700000041,customer402@example.com,"House 59, Block F, Mumbai Residency, Sector 6",Near main market,400053,Mumbai,Maharashtra,KIT-GLOW,Glow Routine Kit,1,1550,Prepaid,Ekart,WhatsApp,Repeat CRM,WhatsApp,crm,Repeat CRM,WHA-1001,56,first_time,RTO,No response on phone,3,RTO
BTY-24403,XP987650402,2026-04-13T10:30:00.000Z,Kabir Khan,9700000042,customer403@example.com,Near temple main road Surat,,395007,Surat,Gujarat,LIP-MATTE,Matte Lip Trio,1,950,COD,Xpressbees,Meta,Meta Glow Offer,Meta,paid,Meta Glow Offer,MET-1002,54,first_time,RTO,Door locked,2,RTO
BTY-24404,DT987650403,2026-04-14T11:30:00.000Z,Ananya Iyer,9700000043,customer404@example.com,"House 61, Block B, Patna Residency, Sector 8",Near main market,800001,Patna,Bihar,CREAM-NIGHT,Repair Night Cream,1,1250,COD,DTDC,Instagram,Influencer Reel,Instagram,paid,Influencer Reel,INS-1003,49,first_time,RTO,Customer refused delivery,3,RTO
BTY-24405,EK987650404,2026-04-15T12:30:00.000Z,Riya Patel,9700000044,customer405@example.com,"House 62, Block C, Lucknow Residency, Sector 9",Near main market,226010,Lucknow,Uttar Pradesh,SERUM-VITC,Vitamin C Serum,1,650,COD,Ekart,WhatsApp,Repeat CRM,WhatsApp,crm,Repeat CRM,WHA-1004,57,repeat_delivered,Delivered,,0,Delivered
BTY-24406,DE987650405,2026-04-16T13:30:00.000Z,Vivaan Rao,9700000045,customer406@example.com,"House 63, Block D, Ghaziabad Residency, Sector 10",,201001,Ghaziabad,Uttar Pradesh,KIT-GLOW,Glow Routine Kit,1,1550,COD,Delhivery,Meta,Meta Glow Offer,Meta,paid,Meta Glow Offer,MET-1005,44,first_time,Undelivered,Customer requested future delivery,2,In NDR
BTY-24407,EK987650406,2026-04-17T14:30:00.000Z,Meera Singh,9700000046,customer407@example.com,"House 64, Block E, Delhi Residency, Sector 11",Near main market,110024,Delhi,Delhi,LIP-MATTE,Matte Lip Trio,2,900,COD,Ekart,Instagram,Influencer Reel,Instagram,paid,Influencer Reel,INS-1006,53,first_time,Delivered,,0,Delivered
BTY-24408,DE987650407,2026-04-18T15:30:00.000Z,Ishaan Gupta,9700000047,customer408@example.com,"House 65, Block F, Bengaluru Residency, Sector 12",Near main market,560095,Bengaluru,Karnataka,CREAM-NIGHT,Repair Night Cream,1,1200,Prepaid,Delhivery,WhatsApp,Repeat CRM,WhatsApp,crm,Repeat CRM,WHA-1007,42,first_time,Delivered,,0,Delivered
BTY-24409,SH987650408,2026-04-19T04:30:00.000Z,Sara Ali,9700000048,customer409@example.com,"House 66, Block A, Ahmedabad Residency, Sector 1",Near main market,380015,Ahmedabad,Gujarat,SERUM-VITC,Vitamin C Serum,1,650,Prepaid,Shiprocket,Meta,Meta Glow Offer,Meta,paid,Meta Glow Offer,MET-1008,42,repeat_delivered,Undelivered,No response on phone,1,In NDR
BTY-24410,SH987650409,2026-04-20T05:30:00.000Z,Nisha Nair,9700000049,customer410@example.com,"House 67, Block B, Jaipur Residency, Sector 2",Near main market,302001,Jaipur,Rajasthan,KIT-GLOW,Glow Routine Kit,1,1550,COD,Shadowfax,Instagram,Influencer Reel,Instagram,paid,Influencer Reel,INS-1009,41,first_time,RTO,Door locked,3,RTO
BTY-24411,DE987650410,2026-04-21T06:30:00.000Z,Aarav Sharma,9700000050,customer411@example.com,"House 68, Block C, Lucknow Residency, Sector 3",,226010,Lucknow,Uttar Pradesh,LIP-MATTE,Matte Lip Trio,1,850,Prepaid,Delhivery,WhatsApp,Repeat CRM,WhatsApp,crm,Repeat CRM,WHA-1010,55,first_time,Delivered,,0,Delivered
BTY-24412,DT987650411,2026-04-22T07:30:00.000Z,Diya Verma,9700000051,customer412@example.com,"House 69, Block D, Surat Residency, Sector 4",Near main market,395007,Surat,Gujarat,CREAM-NIGHT,Repair Night Cream,1,1100,COD,DTDC,Meta,Meta Glow Offer,Meta,paid,Meta Glow Offer,MET-1011,41,first_time,RTO,Cash not ready,3,RTO
BTY-24413,EK987650412,2026-04-23T08:30:00.000Z,Kabir Khan,9700000052,customer413@example.com,"House 70, Block E, Lucknow Residency, Sector 5",Near main market,226010,Lucknow,Uttar Pradesh,SERUM-VITC,Vitamin C Serum,1,650,COD,Ekart,Instagram,Influencer Reel,Instagram,paid,Influencer Reel,INS-1012,52,repeat_delivered,RTO,Customer requested future delivery,2,RTO
BTY-24414,DT987650413,2026-04-24T09:30:00.000Z,Ananya Iyer,9700000053,customer414@example.com,Near temple main road Lucknow,,226010,Lucknow,Uttar Pradesh,KIT-GLOW,Glow Routine Kit,1,1650,COD,DTDC,WhatsApp,Repeat CRM,WhatsApp,crm,Repeat CRM,WHA-1013,41,first_time,RTO,Customer not available,3,RTO
BTY-24415,SH987650414,2026-04-25T10:30:00.000Z,Riya Patel,9700000054,customer415@example.com,"House 72, Block A, Surat Residency, Sector 7",Near main market,395007,Surat,Gujarat,LIP-MATTE,Matte Lip Trio,1,850,COD,Shiprocket,Meta,Meta Glow Offer,Meta,paid,Meta Glow Offer,MET-1014,54,first_time,Delivered,,0,Delivered
BTY-24416,SH987650415,2026-04-26T11:30:00.000Z,Vivaan Rao,9700000055,customer416@example.com,"House 73, Block B, Hyderabad Residency, Sector 8",,500081,Hyderabad,Telangana,CREAM-NIGHT,Repair Night Cream,1,1150,COD,Shiprocket,Instagram,Influencer Reel,Instagram,paid,Influencer Reel,INS-1015,51,first_time,Delivered,,0,Delivered
BTY-24417,BL987650416,2026-04-27T12:30:00.000Z,Meera Singh,9700000056,customer417@example.com,"House 74, Block C, Lucknow Residency, Sector 9",Near main market,226010,Lucknow,Uttar Pradesh,SERUM-VITC,Vitamin C Serum,1,750,Prepaid,Bluedart,WhatsApp,Repeat CRM,WhatsApp,crm,Repeat CRM,WHA-1016,52,repeat_delivered,Delivered,,0,Delivered
BTY-24418,SH987650417,2026-04-28T13:30:00.000Z,Ishaan Gupta,9700000057,customer418@example.com,"House 75, Block D, Chennai Residency, Sector 10",Near main market,600042,Chennai,Tamil Nadu,KIT-GLOW,Glow Routine Kit,1,1400,Prepaid,Shiprocket,Meta,Meta Glow Offer,Meta,paid,Meta Glow Offer,MET-1017,43,first_time,Delivered,,0,Delivered
BTY-24419,BL987650418,2026-04-29T14:30:00.000Z,Sara Ali,9700000058,customer419@example.com,Near temple main road Patna,,800001,Patna,Bihar,LIP-MATTE,Matte Lip Trio,1,1000,Prepaid,Bluedart,Instagram,Influencer Reel,Instagram,paid,Influencer Reel,INS-1018,39,first_time,Delivered,,0,Delivered
BTY-24420,XP987650419,2026-04-30T15:30:00.000Z,Nisha Nair,9700000059,customer420@example.com,"House 77, Block F, Patna Residency, Sector 12",Near main market,800001,Patna,Bihar,CREAM-NIGHT,Repair Night Cream,1,1300,COD,Xpressbees,WhatsApp,Repeat CRM,WhatsApp,crm,Repeat CRM,WHA-1019,42,first_time,Delivered,,0,Delivered
BTY-24421,DT987650420,2026-04-01T04:30:00.000Z,Aarav Sharma,9700000060,customer421@example.com,"House 78, Block A, Ghaziabad Residency, Sector 1",,201001,Ghaziabad,Uttar Pradesh,SERUM-VITC,Vitamin C Serum,1,650,COD,DTDC,Meta,Meta Glow Offer,Meta,paid,Meta Glow Offer,MET-1020,47,repeat_delivered,RTO,Customer not available,2,RTO
BTY-24422,BL987650421,2026-04-02T05:30:00.000Z,Diya Verma,9700000061,customer422@example.com,"House 79, Block B, Patna Residency, Sector 2",Near main market,800001,Patna,Bihar,KIT-GLOW,Glow Routine Kit,1,1500,COD,Bluedart,Instagram,Influencer Reel,Instagram,paid,Influencer Reel,INS-1021,54,first_time,Cancelled,,0,Cancelled before shipping
BTY-24423,DT987650422,2026-04-03T06:30:00.000Z,Kabir Khan,9700000062,customer423@example.com,Near temple main road Lucknow,,226010,Lucknow,Uttar Pradesh,LIP-MATTE,Matte Lip Trio,1,950,COD,DTDC,WhatsApp,Repeat CRM,WhatsApp,crm,Repeat CRM,WHA-1022,46,first_time,Delivered,,0,Delivered
BTY-24424,DE987650423,2026-04-04T07:30:00.000Z,Ananya Iyer,9700000063,customer424@example.com,"House 81, Block D, Surat Residency, Sector 4",Near main market,395007,Surat,Gujarat,CREAM-NIGHT,Repair Night Cream,1,1100,COD,Delhivery,Meta,Meta Glow Offer,Meta,paid,Meta Glow Offer,MET-1023,57,first_time,RTO,Door locked,3,RTO
BTY-24425,SH987650424,2026-04-05T08:30:00.000Z,Riya Patel,9700000064,customer425@example.com,"House 82, Block E, Jaipur Residency, Sector 5",Near main market,302001,Jaipur,Rajasthan,SERUM-VITC,Vitamin C Serum,1,650,COD,Shadowfax,Instagram,Influencer Reel,Instagram,paid,Influencer Reel,INS-1024,43,repeat_delivered,RTO,Customer refused delivery,2,RTO
BTY-24426,EK987650425,2026-04-06T09:30:00.000Z,Vivaan Rao,9700000065,customer426@example.com,"House 83, Block F, Pune Residency, Sector 6",,411045,Pune,Maharashtra,KIT-GLOW,Glow Routine Kit,1,1550,Prepaid,Ekart,WhatsApp,Repeat CRM,WhatsApp,crm,Repeat CRM,WHA-1025,55,first_time,Delivered,,0,Delivered
BTY-24427,SH987650426,2026-04-07T10:30:00.000Z,Meera Singh,9700000066,customer427@example.com,"House 84, Block A, Kolkata Residency, Sector 7",Near main market,700016,Kolkata,West Bengal,LIP-MATTE,Matte Lip Trio,1,850,Prepaid,Shadowfax,Meta,Meta Glow Offer,Meta,paid,Meta Glow Offer,MET-1026,42,first_time,Delivered,,0,Delivered
BTY-24428,DE987650427,2026-04-08T11:30:00.000Z,Ishaan Gupta,9700000067,customer428@example.com,"House 85, Block B, Patna Residency, Sector 8",Near main market,800001,Patna,Bihar,CREAM-NIGHT,Repair Night Cream,1,1100,COD,Delhivery,Instagram,Influencer Reel,Instagram,paid,Influencer Reel,INS-1027,51,first_time,RTO,Customer not available,3,RTO
BTY-24429,SH987650428,2026-04-09T12:30:00.000Z,Sara Ali,9700000068,customer429@example.com,"House 86, Block C, Indore Residency, Sector 9",Near main market,452010,Indore,Madhya Pradesh,SERUM-VITC,Vitamin C Serum,1,650,COD,Shiprocket,WhatsApp,Repeat CRM,WhatsApp,crm,Repeat CRM,WHA-1028,42,repeat_delivered,RTO,Incorrect address,2,RTO
BTY-24430,DT987650429,2026-04-10T13:30:00.000Z,Nisha Nair,9700000069,customer430@example.com,"House 87, Block D, Surat Residency, Sector 10",Near main market,395007,Surat,Gujarat,KIT-GLOW,Glow Routine Kit,1,1350,COD,DTDC,Meta,Meta Glow Offer,Meta,paid,Meta Glow Offer,MET-1029,45,first_time,Delivered,,0,Delivered
BTY-24431,SH987650430,2026-04-11T14:30:00.000Z,Aarav Sharma,9700000070,customer431@example.com,"House 88, Block E, Patna Residency, Sector 11",,800001,Patna,Bihar,LIP-MATTE,Matte Lip Trio,1,900,Prepaid,Shiprocket,Instagram,Influencer Reel,Instagram,paid,Influencer Reel,INS-1030,42,first_time,RTO,Door locked,2,RTO
BTY-24432,SH987650431,2026-04-12T15:30:00.000Z,Diya Verma,9700000071,customer432@example.com,"House 89, Block F, Mumbai Residency, Sector 12",Near main market,400053,Mumbai,Maharashtra,CREAM-NIGHT,Repair Night Cream,1,1300,Prepaid,Shiprocket,WhatsApp,Repeat CRM,WhatsApp,crm,Repeat CRM,WHA-1031,40,first_time,Delivered,,0,Delivered
BTY-24433,DT987650432,2026-04-13T04:30:00.000Z,Kabir Khan,9700000072,customer433@example.com,"House 90, Block A, Chennai Residency, Sector 1",Near main market,600042,Chennai,Tamil Nadu,SERUM-VITC,Vitamin C Serum,1,650,Prepaid,DTDC,Meta,Meta Glow Offer,Meta,paid,Meta Glow Offer,MET-1032,55,repeat_delivered,Undelivered,Cash not ready,1,In NDR
BTY-24434,DE987650433,2026-04-14T05:30:00.000Z,Ananya Iyer,9700000073,customer434@example.com,"House 91, Block B, Patna Residency, Sector 2",Near main market,800001,Patna,Bihar,KIT-GLOW,Glow Routine Kit,1,1650,COD,Delhivery,Instagram,Influencer Reel,Instagram,paid,Influencer Reel,INS-1033,44,first_time,Undelivered,Customer requested future delivery,2,In NDR
BTY-24435,SH987650434,2026-04-15T06:30:00.000Z,Riya Patel,9700000074,customer435@example.com,"House 92, Block C, Patna Residency, Sector 3",Near main market,800001,Patna,Bihar,LIP-MATTE,Matte Lip Trio,1,850,Prepaid,Shiprocket,WhatsApp,Repeat CRM,WhatsApp,crm,Repeat CRM,WHA-1034,54,first_time,Delivered,,0,Delivered
BTY-24436,SH987650435,2026-04-16T07:30:00.000Z,Vivaan Rao,9700000075,customer436@example.com,"House 93, Block D, Ghaziabad Residency, Sector 4",,201001,Ghaziabad,Uttar Pradesh,CREAM-NIGHT,Repair Night Cream,2,1100,Prepaid,Shadowfax,Meta,Meta Glow Offer,Meta,paid,Meta Glow Offer,MET-1035,53,first_time,Delivered,,0,Delivered
BTY-24437,SH987650436,2026-04-17T08:30:00.000Z,Meera Singh,9700000076,customer437@example.com,"House 94, Block E, Delhi Residency, Sector 5",Near main market,110024,Delhi,Delhi,SERUM-VITC,Vitamin C Serum,1,650,Prepaid,Shiprocket,Instagram,Influencer Reel,Instagram,paid,Influencer Reel,INS-1036,55,repeat_delivered,Delivered,,0,Delivered
BTY-24438,DT987650437,2026-04-18T09:30:00.000Z,Ishaan Gupta,9700000077,customer438@example.com,"House 95, Block F, Lucknow Residency, Sector 6",Near main market,226010,Lucknow,Uttar Pradesh,KIT-GLOW,Glow Routine Kit,1,1550,COD,DTDC,WhatsApp,Repeat CRM,WhatsApp,crm,Repeat CRM,WHA-1037,52,first_time,Undelivered,Door locked,2,In NDR
BTY-24439,EK987650438,2026-04-19T10:30:00.000Z,Sara Ali,9700000078,customer439@example.com,"House 96, Block A, Ahmedabad Residency, Sector 7",Near main market,380015,Ahmedabad,Gujarat,LIP-MATTE,Matte Lip Trio,1,950,COD,Ekart,Meta,Meta Glow Offer,Meta,paid,Meta Glow Offer,MET-1038,51,first_time,Delivered,,0,Delivered
BTY-24440,SH987650439,2026-04-20T11:30:00.000Z,Nisha Nair,9700000079,customer440@example.com,Near temple main road Patna,,800001,Patna,Bihar,CREAM-NIGHT,Repair Night Cream,1,1300,Prepaid,Shiprocket,Instagram,Influencer Reel,Instagram,paid,Influencer Reel,INS-1039,47,first_time,RTO,Cash not ready,3,RTO
BTY-24441,SH987650440,2026-04-21T12:30:00.000Z,Aarav Sharma,9700000080,customer441@example.com,"House 98, Block C, Pune Residency, Sector 9",,411045,Pune,Maharashtra,SERUM-VITC,Vitamin C Serum,1,700,COD,Shadowfax,WhatsApp,Repeat CRM,WhatsApp,crm,Repeat CRM,WHA-1040,39,repeat_delivered,Delivered,,0,Delivered
BTY-24442,XP987650441,2026-04-22T13:30:00.000Z,Diya Verma,9700000081,customer442@example.com,Near temple main road Surat,,395007,Surat,Gujarat,KIT-GLOW,Glow Routine Kit,1,1450,Prepaid,Xpressbees,Meta,Meta Glow Offer,Meta,paid,Meta Glow Offer,MET-1041,39,first_time,RTO,Customer not available,3,RTO
BTY-24443,SH987650442,2026-04-23T14:30:00.000Z,Kabir Khan,9700000082,customer443@example.com,"House 100, Block E, Lucknow Residency, Sector 11",Near main market,226010,Lucknow,Uttar Pradesh,LIP-MATTE,Matte Lip Trio,1,1000,Prepaid,Shiprocket,Instagram,Influencer Reel,Instagram,paid,Influencer Reel,INS-1042,53,first_time,Delivered,,0,Delivered
BTY-24444,EK987650443,2026-04-24T15:30:00.000Z,Ananya Iyer,9700000083,customer444@example.com,"House 101, Block F, Lucknow Residency, Sector 12",Near main market,226010,Lucknow,Uttar Pradesh,CREAM-NIGHT,Repair Night Cream,1,1200,COD,Ekart,WhatsApp,Repeat CRM,WhatsApp,crm,Repeat CRM,WHA-1043,56,first_time,RTO,No response on phone,3,RTO
BTY-24445,SH987650444,2026-04-25T04:30:00.000Z,Riya Patel,9700000084,customer445@example.com,"House 102, Block A, Surat Residency, Sector 1",Near main market,395007,Surat,Gujarat,SERUM-VITC,Vitamin C Serum,1,750,Prepaid,Shadowfax,Meta,Meta Glow Offer,Meta,paid,Meta Glow Offer,MET-1044,45,repeat_delivered,Delivered,,0,Delivered
BTY-24446,XP987650445,2026-04-26T05:30:00.000Z,Vivaan Rao,9700000085,customer446@example.com,Near temple main road Patna,,800001,Patna,Bihar,KIT-GLOW,Glow Routine Kit,1,1550,Prepaid,Xpressbees,Instagram,Influencer Reel,Instagram,paid,Influencer Reel,INS-1045,56,first_time,Undelivered,Customer refused delivery,2,In NDR
BTY-24447,BL987650446,2026-04-27T06:30:00.000Z,Meera Singh,9700000086,customer447@example.com,"House 104, Block C, Mumbai Residency, Sector 3",Near main market,400053,Mumbai,Maharashtra,LIP-MATTE,Matte Lip Trio,1,950,COD,Bluedart,WhatsApp,Repeat CRM,WhatsApp,crm,Repeat CRM,WHA-1046,54,first_time,Delivered,,0,Delivered
BTY-24448,EK987650447,2026-04-28T07:30:00.000Z,Ishaan Gupta,9700000087,customer448@example.com,"House 105, Block D, Chennai Residency, Sector 4",Near main market,600042,Chennai,Tamil Nadu,CREAM-NIGHT,Repair Night Cream,1,1200,Prepaid,Ekart,Meta,Meta Glow Offer,Meta,paid,Meta Glow Offer,MET-1047,47,first_time,Delivered,,0,Delivered
BTY-24449,DT987650448,2026-04-29T08:30:00.000Z,Sara Ali,9700000088,customer449@example.com,"House 106, Block E, Patna Residency, Sector 5",Near main market,800001,Patna,Bihar,SERUM-VITC,Vitamin C Serum,1,650,COD,DTDC,Instagram,Influencer Reel,Instagram,paid,Influencer Reel,INS-1048,45,repeat_delivered,RTO,Customer not available,2,RTO
BTY-24450,DE987650449,2026-04-30T09:30:00.000Z,Nisha Nair,9700000089,customer450@example.com,"House 107, Block F, Lucknow Residency, Sector 6",Near main market,226010,Lucknow,Uttar Pradesh,KIT-GLOW,Glow Routine Kit,1,1650,COD,Delhivery,WhatsApp,Repeat CRM,WhatsApp,crm,Repeat CRM,WHA-1049,43,first_time,Delivered,,0,Delivered
BTY-24451,DT987650450,2026-04-01T10:30:00.000Z,Aarav Sharma,9700000090,customer451@example.com,"House 18, Block A, Ghaziabad Residency, Sector 7",,201001,Ghaziabad,Uttar Pradesh,LIP-MATTE,Matte Lip Trio,1,850,Prepaid,DTDC,Meta,Meta Glow Offer,Meta,paid,Meta Glow Offer,MET-1050,45,first_time,RTO,No response on phone,2,RTO
BTY-24452,SH987650451,2026-04-02T11:30:00.000Z,Diya Verma,9700000091,customer452@example.com,"House 19, Block B, Delhi Residency, Sector 8",Near main market,110024,Delhi,Delhi,CREAM-NIGHT,Repair Night Cream,1,1150,COD,Shadowfax,Instagram,Influencer Reel,Instagram,paid,Influencer Reel,INS-1051,57,first_time,Delivered,,0,Delivered
BTY-24453,SH987650452,2026-04-03T12:30:00.000Z,Kabir Khan,9700000092,customer453@example.com,"House 20, Block C, Lucknow Residency, Sector 9",Near main market,226010,Lucknow,Uttar Pradesh,SERUM-VITC,Vitamin C Serum,1,750,Prepaid,Shiprocket,WhatsApp,Repeat CRM,WhatsApp,crm,Repeat CRM,WHA-1052,44,repeat_delivered,Delivered,,0,Delivered
BTY-24454,BL987650453,2026-04-04T13:30:00.000Z,Ananya Iyer,9700000093,customer454@example.com,"House 21, Block D, Ahmedabad Residency, Sector 10",Near main market,380015,Ahmedabad,Gujarat,KIT-GLOW,Glow Routine Kit,1,1450,COD,Bluedart,Meta,Meta Glow Offer,Meta,paid,Meta Glow Offer,MET-1053,46,first_time,Delivered,,0,Delivered
BTY-24455,EK987650454,2026-04-05T14:30:00.000Z,Riya Patel,9700000094,customer455@example.com,"House 22, Block E, Patna Residency, Sector 11",Near main market,800001,Patna,Bihar,LIP-MATTE,Matte Lip Trio,1,900,COD,Ekart,Instagram,Influencer Reel,Instagram,paid,Influencer Reel,INS-1054,52,first_time,Delivered,,0,Delivered
BTY-24456,SH987650455,2026-04-06T15:30:00.000Z,Vivaan Rao,9700000095,customer456@example.com,"House 23, Block F, Lucknow Residency, Sector 12",,226010,Lucknow,Uttar Pradesh,CREAM-NIGHT,Repair Night Cream,1,1150,COD,Shadowfax,WhatsApp,Repeat CRM,WhatsApp,crm,Repeat CRM,WHA-1055,49,first_time,Delivered,,0,Delivered
BTY-24457,SH987650456,2026-04-07T04:30:00.000Z,Meera Singh,9700000096,customer457@example.com,"House 24, Block A, Kolkata Residency, Sector 1",Near main market,700016,Kolkata,West Bengal,SERUM-VITC,Vitamin C Serum,1,750,COD,Shadowfax,Meta,Meta Glow Offer,Meta,paid,Meta Glow Offer,MET-1056,43,repeat_delivered,RTO,Incorrect address,2,RTO
BTY-24458,SH987650457,2026-04-08T05:30:00.000Z,Ishaan Gupta,9700000097,customer458@example.com,"House 25, Block B, Lucknow Residency, Sector 2",Near main market,226010,Lucknow,Uttar Pradesh,KIT-GLOW,Glow Routine Kit,1,1500,COD,Shiprocket,Instagram,Influencer Reel,Instagram,paid,Influencer Reel,INS-1057,55,first_time,Undelivered,No response on phone,2,In NDR
BTY-24459,SH987650458,2026-04-09T06:30:00.000Z,Sara Ali,9700000098,customer459@example.com,"House 26, Block C, Lucknow Residency, Sector 3",Near main market,226010,Lucknow,Uttar Pradesh,LIP-MATTE,Matte Lip Trio,1,900,Prepaid,Shadowfax,WhatsApp,Repeat CRM,WhatsApp,crm,Repeat CRM,WHA-1058,39,first_time,Undelivered,Door locked,1,In NDR
BTY-24460,SH987650459,2026-04-10T07:30:00.000Z,Nisha Nair,9700000099,customer460@example.com,"House 27, Block D, Surat Residency, Sector 4",Near main market,395007,Surat,Gujarat,CREAM-NIGHT,Repair Night Cream,1,1300,Prepaid,Shiprocket,Meta,Meta Glow Offer,Meta,paid,Meta Glow Offer,MET-1059,49,first_time,RTO,Customer refused delivery,3,RTO
BTY-24461,SH987650460,2026-04-11T08:30:00.000Z,Aarav Sharma,9700000100,customer461@example.com,"House 28, Block E, Hyderabad Residency, Sector 5",,500081,Hyderabad,Telangana,SERUM-VITC,Vitamin C Serum,1,750,Prepaid,Shadowfax,Instagram,Influencer Reel,Instagram,paid,Influencer Reel,INS-1060,50,repeat_delivered,Delivered,,0,Delivered
BTY-24462,BL987650461,2026-04-12T09:30:00.000Z,Diya Verma,9700000101,customer462@example.com,"House 29, Block F, Lucknow Residency, Sector 6",Near main market,226010,Lucknow,Uttar Pradesh,KIT-GLOW,Glow Routine Kit,1,1450,Prepaid,Bluedart,WhatsApp,Repeat CRM,WhatsApp,crm,Repeat CRM,WHA-1061,52,first_time,Delivered,,0,Delivered
BTY-24463,DE987650462,2026-04-13T10:30:00.000Z,Kabir Khan,9700000102,customer463@example.com,"House 30, Block A, Chennai Residency, Sector 7",Near main market,600042,Chennai,Tamil Nadu,LIP-MATTE,Matte Lip Trio,1,950,COD,Delhivery,Meta,Meta Glow Offer,Meta,paid,Meta Glow Offer,MET-1062,51,first_time,Delivered,,0,Delivered
BTY-24464,EK987650463,2026-04-14T11:30:00.000Z,Ananya Iyer,9700000103,customer464@example.com,"House 31, Block B, Bhubaneswar Residency, Sector 8",Near main market,751024,Bhubaneswar,Odisha,CREAM-NIGHT,Repair Night Cream,1,1300,COD,Ekart,Instagram,Influencer Reel,Instagram,paid,Influencer Reel,INS-1063,39,first_time,Cancelled,,0,Cancelled before shipping
BTY-24465,XP987650464,2026-04-15T12:30:00.000Z,Riya Patel,9700000104,customer465@example.com,"House 32, Block C, Patna Residency, Sector 9",Near main market,800001,Patna,Bihar,SERUM-VITC,Vitamin C Serum,2,650,COD,Xpressbees,WhatsApp,Repeat CRM,WhatsApp,crm,Repeat CRM,WHA-1064,42,repeat_delivered,Undelivered,No response on phone,1,In NDR
BTY-24466,DT987650465,2026-04-16T13:30:00.000Z,Vivaan Rao,9700000105,customer466@example.com,"House 33, Block D, Ghaziabad Residency, Sector 10",,201001,Ghaziabad,Uttar Pradesh,KIT-GLOW,Glow Routine Kit,1,1450,Prepaid,DTDC,Meta,Meta Glow Offer,Meta,paid,Meta Glow Offer,MET-1065,42,first_time,Undelivered,Door locked,2,In NDR
BTY-24467,XP987650466,2026-04-17T14:30:00.000Z,Meera Singh,9700000106,customer467@example.com,"House 34, Block E, Delhi Residency, Sector 11",Near main market,110024,Delhi,Delhi,LIP-MATTE,Matte Lip Trio,1,900,Prepaid,Xpressbees,Instagram,Influencer Reel,Instagram,paid,Influencer Reel,INS-1066,43,first_time,Delivered,,0,Delivered
BTY-24468,EK987650467,2026-04-18T15:30:00.000Z,Ishaan Gupta,9700000107,customer468@example.com,"House 35, Block F, Bengaluru Residency, Sector 12",Near main market,560095,Bengaluru,Karnataka,CREAM-NIGHT,Repair Night Cream,1,1150,Prepaid,Ekart,WhatsApp,Repeat CRM,WhatsApp,crm,Repeat CRM,WHA-1067,50,first_time,Delivered,,0,Delivered
BTY-24469,DT987650468,2026-04-19T04:30:00.000Z,Sara Ali,9700000108,customer469@example.com,"House 36, Block A, Ahmedabad Residency, Sector 1",Near main market,380015,Ahmedabad,Gujarat,SERUM-VITC,Vitamin C Serum,1,650,COD,DTDC,Meta,Meta Glow Offer,Meta,paid,Meta Glow Offer,MET-1068,50,repeat_delivered,RTO,Customer requested future delivery,2,RTO
BTY-24470,EK987650469,2026-04-20T05:30:00.000Z,Nisha Nair,9700000109,customer470@example.com,"House 37, Block B, Jaipur Residency, Sector 2",Near main market,302001,Jaipur,Rajasthan,KIT-GLOW,Glow Routine Kit,1,1550,COD,Ekart,Instagram,Influencer Reel,Instagram,paid,Influencer Reel,INS-1069,44,first_time,Delivered,,0,Delivered
BTY-24471,SH987650470,2026-04-21T06:30:00.000Z,Aarav Sharma,9700000110,customer471@example.com,"House 38, Block C, Lucknow Residency, Sector 3",,226010,Lucknow,Uttar Pradesh,LIP-MATTE,Matte Lip Trio,1,850,COD,Shadowfax,WhatsApp,Repeat CRM,WhatsApp,crm,Repeat CRM,WHA-1070,54,first_time,Delivered,,0,Delivered
BTY-24472,DE987650471,2026-04-22T07:30:00.000Z,Diya Verma,9700000111,customer472@example.com,"House 39, Block D, Surat Residency, Sector 4",Near main market,395007,Surat,Gujarat,CREAM-NIGHT,Repair Night Cream,1,1150,COD,Delhivery,Meta,Meta Glow Offer,Meta,paid,Meta Glow Offer,MET-1071,45,first_time,RTO,No response on phone,3,RTO
BTY-24473,SH987650472,2026-04-23T08:30:00.000Z,Kabir Khan,9700000112,customer473@example.com,"House 40, Block E, Lucknow Residency, Sector 5",Near main market,226010,Lucknow,Uttar Pradesh,SERUM-VITC,Vitamin C Serum,1,700,COD,Shiprocket,Instagram,Influencer Reel,Instagram,paid,Influencer Reel,INS-1072,52,repeat_delivered,Delivered,,0,Delivered
BTY-24474,DE987650473,2026-04-24T09:30:00.000Z,Ananya Iyer,9700000113,customer474@example.com,"House 41, Block F, Indore Residency, Sector 6",Near main market,452010,Indore,Madhya Pradesh,KIT-GLOW,Glow Routine Kit,1,1600,COD,Delhivery,WhatsApp,Repeat CRM,WhatsApp,crm,Repeat CRM,WHA-1073,45,first_time,Delivered,,0,Delivered
BTY-24475,DE987650474,2026-04-25T10:30:00.000Z,Riya Patel,9700000114,customer475@example.com,"House 42, Block A, Surat Residency, Sector 7",Near main market,395007,Surat,Gujarat,LIP-MATTE,Matte Lip Trio,1,950,Prepaid,Delhivery,Meta,Meta Glow Offer,Meta,paid,Meta Glow Offer,MET-1074,58,first_time,Undelivered,Cash not ready,1,In NDR
BTY-24476,XP987650475,2026-04-26T11:30:00.000Z,Vivaan Rao,9700000115,customer476@example.com,"House 43, Block B, Patna Residency, Sector 8",,800001,Patna,Bihar,CREAM-NIGHT,Repair Night Cream,1,1100,Prepaid,Xpressbees,Instagram,Influencer Reel,Instagram,paid,Influencer Reel,INS-1075,39,first_time,Undelivered,Customer requested future delivery,2,In NDR
BTY-24477,BL987650476,2026-04-27T12:30:00.000Z,Meera Singh,9700000116,customer477@example.com,"House 44, Block C, Mumbai Residency, Sector 9",Near main market,400053,Mumbai,Maharashtra,SERUM-VITC,Vitamin C Serum,1,750,Prepaid,Bluedart,WhatsApp,Repeat CRM,WhatsApp,crm,Repeat CRM,WHA-1076,52,repeat_delivered,Undelivered,Customer not available,1,In NDR
BTY-24478,SH987650477,2026-04-28T13:30:00.000Z,Ishaan Gupta,9700000117,customer478@example.com,"House 45, Block D, Chennai Residency, Sector 10",Near main market,600042,Chennai,Tamil Nadu,KIT-GLOW,Glow Routine Kit,1,1450,COD,Shadowfax,Meta,Meta Glow Offer,Meta,paid,Meta Glow Offer,MET-1077,42,first_time,Undelivered,Incorrect address,2,In NDR
BTY-24479,SH987650478,2026-04-29T14:30:00.000Z,Sara Ali,9700000118,customer479@example.com,"House 46, Block E, Bhubaneswar Residency, Sector 11",Near main market,751024,Bhubaneswar,Odisha,LIP-MATTE,Matte Lip Trio,1,850,COD,Shiprocket,Instagram,Influencer Reel,Instagram,paid,Influencer Reel,INS-1078,41,first_time,Delivered,,0,Delivered
BTY-24480,DT987650479,2026-04-30T15:30:00.000Z,Nisha Nair,9700000119,customer480@example.com,"House 47, Block F, Patna Residency, Sector 12",Near main market,800001,Patna,Bihar,CREAM-NIGHT,Repair Night Cream,1,1300,COD,DTDC,WhatsApp,Repeat CRM,WhatsApp,crm,Repeat CRM,WHA-1079,49,first_time,RTO,Door locked,3,RTO
BTY-24481,BL987650480,2026-04-01T04:30:00.000Z,Aarav Sharma,9700000120,customer481@example.com,"House 48, Block A, Ghaziabad Residency, Sector 1",,201001,Ghaziabad,Uttar Pradesh,SERUM-VITC,Vitamin C Serum,1,750,COD,Bluedart,Meta,Meta Glow Offer,Meta,paid,Meta Glow Offer,MET-1000,38,repeat_delivered,RTO,Customer refused delivery,2,RTO
BTY-24482,BL987650481,2026-04-02T05:30:00.000Z,Diya Verma,9700000121,customer482@example.com,"House 49, Block B, Delhi Residency, Sector 2",Near main market,110024,Delhi,Delhi,KIT-GLOW,Glow Routine Kit,1,1550,Prepaid,Bluedart,Instagram,Influencer Reel,Instagram,paid,Influencer Reel,INS-1001,46,first_time,RTO,Cash not ready,3,RTO
BTY-24483,SH987650482,2026-04-03T06:30:00.000Z,Kabir Khan,9700000122,customer483@example.com,"House 50, Block C, Bengaluru Residency, Sector 3",Near main market,560095,Bengaluru,Karnataka,LIP-MATTE,Matte Lip Trio,1,950,Prepaid,Shiprocket,WhatsApp,Repeat CRM,WhatsApp,crm,Repeat CRM,WHA-1002,53,first_time,Delivered,,0,Delivered
BTY-24484,SH987650483,2026-04-04T07:30:00.000Z,Ananya Iyer,9700000123,customer484@example.com,"House 51, Block D, Ahmedabad Residency, Sector 4",Near main market,380015,Ahmedabad,Gujarat,CREAM-NIGHT,Repair Night Cream,1,1150,Prepaid,Shiprocket,Meta,Meta Glow Offer,Meta,paid,Meta Glow Offer,MET-1003,55,first_time,RTO,Customer not available,3,RTO
BTY-24485,DE987650484,2026-04-05T08:30:00.000Z,Riya Patel,9700000124,customer485@example.com,"House 52, Block E, Patna Residency, Sector 5",Near main market,800001,Patna,Bihar,SERUM-VITC,Vitamin C Serum,1,650,Prepaid,Delhivery,Instagram,Influencer Reel,Instagram,paid,Influencer Reel,INS-1004,47,repeat_delivered,Undelivered,Incorrect address,1,In NDR
BTY-24486,SH987650485,2026-04-06T09:30:00.000Z,Vivaan Rao,9700000125,customer486@example.com,"House 53, Block F, Pune Residency, Sector 6",,411045,Pune,Maharashtra,KIT-GLOW,Glow Routine Kit,1,1400,Prepaid,Shadowfax,WhatsApp,Repeat CRM,WhatsApp,crm,Repeat CRM,WHA-1005,47,first_time,Delivered,,0,Delivered
BTY-24487,BL987650486,2026-04-07T10:30:00.000Z,Meera Singh,9700000126,customer487@example.com,"House 54, Block A, Kolkata Residency, Sector 7",Near main market,700016,Kolkata,West Bengal,LIP-MATTE,Matte Lip Trio,1,950,Prepaid,Bluedart,Meta,Meta Glow Offer,Meta,paid,Meta Glow Offer,MET-1006,42,first_time,Delivered,,0,Delivered
BTY-24488,EK987650487,2026-04-08T11:30:00.000Z,Ishaan Gupta,9700000127,customer488@example.com,"House 55, Block B, Lucknow Residency, Sector 8",Near main market,226010,Lucknow,Uttar Pradesh,CREAM-NIGHT,Repair Night Cream,1,1150,COD,Ekart,Instagram,Influencer Reel,Instagram,paid,Influencer Reel,INS-1007,51,first_time,Delivered,,0,Delivered
BTY-24489,EK987650488,2026-04-09T12:30:00.000Z,Sara Ali,9700000128,customer489@example.com,"House 56, Block C, Lucknow Residency, Sector 9",Near main market,226010,Lucknow,Uttar Pradesh,SERUM-VITC,Vitamin C Serum,1,700,Prepaid,Ekart,WhatsApp,Repeat CRM,WhatsApp,crm,Repeat CRM,WHA-1008,47,repeat_delivered,Delivered,,0,Delivered
BTY-24490,SH987650489,2026-04-10T13:30:00.000Z,Nisha Nair,9700000129,customer490@example.com,"House 57, Block D, Surat Residency, Sector 10",Near main market,395007,Surat,Gujarat,KIT-GLOW,Glow Routine Kit,1,1600,Prepaid,Shiprocket,Meta,Meta Glow Offer,Meta,paid,Meta Glow Offer,MET-1009,40,first_time,Undelivered,Customer requested future delivery,2,In NDR
BTY-24491,DE987650490,2026-04-11T14:30:00.000Z,Aarav Sharma,9700000130,customer491@example.com,"House 58, Block E, Patna Residency, Sector 11",,800001,Patna,Bihar,LIP-MATTE,Matte Lip Trio,1,900,COD,Delhivery,Instagram,Influencer Reel,Instagram,paid,Influencer Reel,INS-1010,46,first_time,Delivered,,0,Delivered
BTY-24492,DE987650491,2026-04-12T15:30:00.000Z,Diya Verma,9700000131,customer492@example.com,"House 59, Block F, Lucknow Residency, Sector 12",Near main market,226010,Lucknow,Uttar Pradesh,CREAM-NIGHT,Repair Night Cream,1,1300,Prepaid,Delhivery,WhatsApp,Repeat CRM,WhatsApp,crm,Repeat CRM,WHA-1011,57,first_time,Delivered,,0,Delivered
BTY-24493,XP987650492,2026-04-13T04:30:00.000Z,Kabir Khan,9700000132,customer493@example.com,"House 60, Block A, Surat Residency, Sector 1",Near main market,395007,Surat,Gujarat,SERUM-VITC,Vitamin C Serum,1,700,COD,Xpressbees,Meta,Meta Glow Offer,Meta,paid,Meta Glow Offer,MET-1012,44,repeat_delivered,RTO,No response on phone,2,RTO
BTY-24494,DE987650493,2026-04-14T05:30:00.000Z,Ananya Iyer,9700000133,customer494@example.com,"House 61, Block B, Bhubaneswar Residency, Sector 2",Near main market,751024,Bhubaneswar,Odisha,KIT-GLOW,Glow Routine Kit,2,1400,COD,Delhivery,Instagram,Influencer Reel,Instagram,paid,Influencer Reel,INS-1013,50,first_time,Delivered,,0,Delivered
BTY-24495,DT987650494,2026-04-15T06:30:00.000Z,Riya Patel,9700000134,customer495@example.com,"House 62, Block C, Lucknow Residency, Sector 3",Near main market,226010,Lucknow,Uttar Pradesh,LIP-MATTE,Matte Lip Trio,1,850,COD,DTDC,WhatsApp,Repeat CRM,WhatsApp,crm,Repeat CRM,WHA-1014,47,first_time,RTO,Customer refused delivery,2,RTO
BTY-24496,XP987650495,2026-04-16T07:30:00.000Z,Vivaan Rao,9700000135,customer496@example.com,"House 63, Block D, Ghaziabad Residency, Sector 4",,201001,Ghaziabad,Uttar Pradesh,CREAM-NIGHT,Repair Night Cream,1,1100,COD,Xpressbees,Meta,Meta Glow Offer,Meta,paid,Meta Glow Offer,MET-1015,41,first_time,RTO,Cash not ready,3,RTO
BTY-24497,XP987650496,2026-04-17T08:30:00.000Z,Meera Singh,9700000136,customer497@example.com,"House 64, Block E, Delhi Residency, Sector 5",Near main market,110024,Delhi,Delhi,SERUM-VITC,Vitamin C Serum,1,700,COD,Xpressbees,Instagram,Influencer Reel,Instagram,paid,Influencer Reel,INS-1016,57,repeat_delivered,Cancelled,,0,Cancelled before shipping
BTY-24498,EK987650497,2026-04-18T09:30:00.000Z,Ishaan Gupta,9700000137,customer498@example.com,"House 65, Block F, Bengaluru Residency, Sector 6",Near main market,560095,Bengaluru,Karnataka,KIT-GLOW,Glow Routine Kit,1,1400,COD,Ekart,WhatsApp,Repeat CRM,WhatsApp,crm,Repeat CRM,WHA-1017,46,first_time,Undelivered,Customer not available,2,In NDR
BTY-24499,XP987650498,2026-04-19T10:30:00.000Z,Sara Ali,9700000138,customer499@example.com,"House 66, Block A, Ahmedabad Residency, Sector 7",Near main market,380015,Ahmedabad,Gujarat,LIP-MATTE,Matte Lip Trio,1,950,COD,Xpressbees,Meta,Meta Glow Offer,Meta,paid,Meta Glow Offer,MET-1018,51,first_time,Delivered,,0,Delivered
BTY-24500,SH987650499,2026-04-20T11:30:00.000Z,Nisha Nair,9700000139,customer500@example.com,"House 67, Block B, Patna Residency, Sector 8",Near main market,800001,Patna,Bihar,CREAM-NIGHT,Repair Night Cream,1,1150,Prepaid,Shadowfax,Instagram,Influencer Reel,Instagram,paid,Influencer Reel,INS-1019,50,first_time,Delivered,,0,Delivered
BTY-24501,BL987650500,2026-04-21T12:30:00.000Z,Aarav Sharma,9700000140,customer501@example.com,"House 68, Block C, Pune Residency, Sector 9",,411045,Pune,Maharashtra,SERUM-VITC,Vitamin C Serum,1,750,COD,Bluedart,WhatsApp,Repeat CRM,WhatsApp,crm,Repeat CRM,WHA-1020,47,repeat_delivered,Undelivered,Door locked,1,In NDR
BTY-24502,XP987650501,2026-04-22T13:30:00.000Z,Diya Verma,9700000141,customer502@example.com,"House 69, Block D, Kolkata Residency, Sector 10",Near main market,700016,Kolkata,West Bengal,KIT-GLOW,Glow Routine Kit,1,1550,COD,Xpressbees,Meta,Meta Glow Offer,Meta,paid,Meta Glow Offer,MET-1021,39,first_time,Undelivered,Customer refused delivery,2,In NDR
BTY-24503,DE987650502,2026-04-23T14:30:00.000Z,Kabir Khan,9700000142,customer503@example.com,Near temple main road Patna,,800001,Patna,Bihar,LIP-MATTE,Matte Lip Trio,1,850,COD,Delhivery,Instagram,Influencer Reel,Instagram,paid,Influencer Reel,INS-1022,56,first_time,Undelivered,Cash not ready,1,In NDR
BTY-24504,DE987650503,2026-04-24T15:30:00.000Z,Ananya Iyer,9700000143,customer504@example.com,"House 71, Block F, Indore Residency, Sector 12",Near main market,452010,Indore,Madhya Pradesh,CREAM-NIGHT,Repair Night Cream,1,1150,Prepaid,Delhivery,WhatsApp,Repeat CRM,WhatsApp,crm,Repeat CRM,WHA-1023,56,first_time,Delivered,,0,Delivered
BTY-24505,BL987650504,2026-04-25T04:30:00.000Z,Riya Patel,9700000144,customer505@example.com,"House 72, Block A, Surat Residency, Sector 1",Near main market,395007,Surat,Gujarat,SERUM-VITC,Vitamin C Serum,1,750,COD,Bluedart,Meta,Meta Glow Offer,Meta,paid,Meta Glow Offer,MET-1024,47,repeat_delivered,Undelivered,Customer not available,1,In NDR
BTY-24506,XP987650505,2026-04-26T05:30:00.000Z,Vivaan Rao,9700000145,customer506@example.com,"House 73, Block B, Hyderabad Residency, Sector 2",,500081,Hyderabad,Telangana,KIT-GLOW,Glow Routine Kit,1,1500,Prepaid,Xpressbees,Instagram,Influencer Reel,Instagram,paid,Influencer Reel,INS-1025,42,first_time,Delivered,,0,Delivered
BTY-24507,SH987650506,2026-04-27T06:30:00.000Z,Meera Singh,9700000146,customer507@example.com,"House 74, Block C, Mumbai Residency, Sector 3",Near main market,400053,Mumbai,Maharashtra,LIP-MATTE,Matte Lip Trio,1,850,COD,Shiprocket,WhatsApp,Repeat CRM,WhatsApp,crm,Repeat CRM,WHA-1026,47,first_time,Delivered,,0,Delivered
BTY-24508,BL987650507,2026-04-28T07:30:00.000Z,Ishaan Gupta,9700000147,customer508@example.com,"House 75, Block D, Chennai Residency, Sector 4",Near main market,600042,Chennai,Tamil Nadu,CREAM-NIGHT,Repair Night Cream,1,1150,COD,Bluedart,Meta,Meta Glow Offer,Meta,paid,Meta Glow Offer,MET-1027,53,first_time,Delivered,,0,Delivered
BTY-24509,BL987650508,2026-04-29T08:30:00.000Z,Sara Ali,9700000148,customer509@example.com,"House 76, Block E, Bhubaneswar Residency, Sector 5",Near main market,751024,Bhubaneswar,Odisha,SERUM-VITC,Vitamin C Serum,1,700,COD,Bluedart,Instagram,Influencer Reel,Instagram,paid,Influencer Reel,INS-1028,40,repeat_delivered,RTO,Customer refused delivery,2,RTO
BTY-24510,BL987650509,2026-04-30T09:30:00.000Z,Nisha Nair,9700000149,customer510@example.com,"House 77, Block F, Patna Residency, Sector 6",Near main market,800001,Patna,Bihar,KIT-GLOW,Glow Routine Kit,1,1550,COD,Bluedart,WhatsApp,Repeat CRM,WhatsApp,crm,Repeat CRM,WHA-1029,54,first_time,RTO,Cash not ready,3,RTO
BTY-24511,SH987650510,2026-04-01T10:30:00.000Z,Aarav Sharma,9700000150,customer511@example.com,"House 78, Block A, Ghaziabad Residency, Sector 7",,201001,Ghaziabad,Uttar Pradesh,LIP-MATTE,Matte Lip Trio,1,950,COD,Shiprocket,Meta,Meta Glow Offer,Meta,paid,Meta Glow Offer,MET-1030,48,first_time,Delivered,,0,Delivered
BTY-24512,EK987650511,2026-04-02T11:30:00.000Z,Diya Verma,9700000151,customer512@example.com,"House 79, Block B, Delhi Residency, Sector 8",Near main market,110024,Delhi,Delhi,CREAM-NIGHT,Repair Night Cream,1,1200,Prepaid,Ekart,Instagram,Influencer Reel,Instagram,paid,Influencer Reel,INS-1031,56,first_time,RTO,Customer not available,3,RTO
BTY-24513,DE987650512,2026-04-03T12:30:00.000Z,Kabir Khan,9700000152,customer513@example.com,"House 80, Block C, Bengaluru Residency, Sector 9",Near main market,560095,Bengaluru,Karnataka,SERUM-VITC,Vitamin C Serum,1,750,Prepaid,Delhivery,WhatsApp,Repeat CRM,WhatsApp,crm,Repeat CRM,WHA-1032,41,repeat_delivered,Delivered,,0,Delivered
BTY-24514,DT987650513,2026-04-04T13:30:00.000Z,Ananya Iyer,9700000153,customer514@example.com,"House 81, Block D, Surat Residency, Sector 10",Near main market,395007,Surat,Gujarat,KIT-GLOW,Glow Routine Kit,1,1400,COD,DTDC,Meta,Meta Glow Offer,Meta,paid,Meta Glow Offer,MET-1033,45,first_time,Undelivered,No response on phone,2,In NDR
BTY-24515,DE987650514,2026-04-05T14:30:00.000Z,Riya Patel,9700000154,customer515@example.com,"House 82, Block E, Jaipur Residency, Sector 11",Near main market,302001,Jaipur,Rajasthan,LIP-MATTE,Matte Lip Trio,1,850,COD,Delhivery,Instagram,Influencer Reel,Instagram,paid,Influencer Reel,INS-1034,48,first_time,Delivered,,0,Delivered
BTY-24516,EK987650515,2026-04-06T15:30:00.000Z,Vivaan Rao,9700000155,customer516@example.com,"House 83, Block F, Lucknow Residency, Sector 12",,226010,Lucknow,Uttar Pradesh,CREAM-NIGHT,Repair Night Cream,1,1250,Prepaid,Ekart,WhatsApp,Repeat CRM,WhatsApp,crm,Repeat CRM,WHA-1035,48,first_time,RTO,Customer refused delivery,3,RTO
BTY-24517,DE987650516,2026-04-07T04:30:00.000Z,Meera Singh,9700000156,customer517@example.com,"House 84, Block A, Kolkata Residency, Sector 1",Near main market,700016,Kolkata,West Bengal,SERUM-VITC,Vitamin C Serum,1,650,Prepaid,Delhivery,Meta,Meta Glow Offer,Meta,paid,Meta Glow Offer,MET-1036,40,repeat_delivered,Delivered,,0,Delivered
BTY-24518,BL987650517,2026-04-08T05:30:00.000Z,Ishaan Gupta,9700000157,customer518@example.com,Near temple main road Patna,,800001,Patna,Bihar,KIT-GLOW,Glow Routine Kit,1,1400,COD,Bluedart,Instagram,Influencer Reel,Instagram,paid,Influencer Reel,INS-1037,53,first_time,Undelivered,Customer requested future delivery,2,In NDR
BTY-24519,SH987650518,2026-04-09T06:30:00.000Z,Sara Ali,9700000158,customer519@example.com,"House 86, Block C, Indore Residency, Sector 3",Near main market,452010,Indore,Madhya Pradesh,LIP-MATTE,Matte Lip Trio,1,900,Prepaid,Shadowfax,WhatsApp,Repeat CRM,WhatsApp,crm,Repeat CRM,WHA-1038,50,first_time,Delivered,,0,Delivered
BTY-24520,XP987650519,2026-04-10T07:30:00.000Z,Nisha Nair,9700000159,customer520@example.com,"House 87, Block D, Surat Residency, Sector 4",Near main market,395007,Surat,Gujarat,CREAM-NIGHT,Repair Night Cream,1,1150,COD,Xpressbees,Meta,Meta Glow Offer,Meta,paid,Meta Glow Offer,MET-1039,46,first_time,Undelivered,Incorrect address,2,In NDR
BTY-24521,EK987650520,2026-04-11T08:30:00.000Z,Aarav Sharma,9700000160,customer521@example.com,"House 88, Block E, Patna Residency, Sector 5",,800001,Patna,Bihar,SERUM-VITC,Vitamin C Serum,1,700,Prepaid,Ekart,Instagram,Influencer Reel,Instagram,paid,Influencer Reel,INS-1040,44,repeat_delivered,Delivered,,0,Delivered
BTY-24522,BL987650521,2026-04-12T09:30:00.000Z,Diya Verma,9700000161,customer522@example.com,"House 89, Block F, Mumbai Residency, Sector 6",Near main market,400053,Mumbai,Maharashtra,KIT-GLOW,Glow Routine Kit,1,1550,COD,Bluedart,WhatsApp,Repeat CRM,WhatsApp,crm,Repeat CRM,WHA-1041,46,first_time,Delivered,,0,Delivered
BTY-24523,BL987650522,2026-04-13T10:30:00.000Z,Kabir Khan,9700000162,customer523@example.com,"House 90, Block A, Chennai Residency, Sector 7",Near main market,600042,Chennai,Tamil Nadu,LIP-MATTE,Matte Lip Trio,2,900,Prepaid,Bluedart,Meta,Meta Glow Offer,Meta,paid,Meta Glow Offer,MET-1042,50,first_time,Delivered,,0,Delivered
BTY-24524,EK987650523,2026-04-14T11:30:00.000Z,Ananya Iyer,9700000163,customer524@example.com,"House 91, Block B, Patna Residency, Sector 8",Near main market,800001,Patna,Bihar,CREAM-NIGHT,Repair Night Cream,1,1250,COD,Ekart,Instagram,Influencer Reel,Instagram,paid,Influencer Reel,INS-1043,49,first_time,Undelivered,Cash not ready,2,In NDR
BTY-24525,BL987650524,2026-04-15T12:30:00.000Z,Riya Patel,9700000164,customer525@example.com,"House 92, Block C, Patna Residency, Sector 9",Near main market,800001,Patna,Bihar,SERUM-VITC,Vitamin C Serum,1,700,Prepaid,Bluedart,WhatsApp,Repeat CRM,WhatsApp,crm,Repeat CRM,WHA-1044,52,repeat_delivered,Delivered,,0,Delivered
BTY-24526,DE987650525,2026-04-16T13:30:00.000Z,Vivaan Rao,9700000165,customer526@example.com,"House 93, Block D, Ghaziabad Residency, Sector 10",,201001,Ghaziabad,Uttar Pradesh,KIT-GLOW,Glow Routine Kit,1,1500,Prepaid,Delhivery,Meta,Meta Glow Offer,Meta,paid,Meta Glow Offer,MET-1045,43,first_time,RTO,Customer not available,3,RTO
BTY-24527,EK987650526,2026-04-17T14:30:00.000Z,Meera Singh,9700000166,customer527@example.com,"House 94, Block E, Patna Residency, Sector 11",Near main market,800001,Patna,Bihar,LIP-MATTE,Matte Lip Trio,1,900,Prepaid,Ekart,Instagram,Influencer Reel,Instagram,paid,Influencer Reel,INS-1046,49,first_time,Delivered,,0,Delivered
BTY-24528,DE987650527,2026-04-18T15:30:00.000Z,Ishaan Gupta,9700000167,customer528@example.com,"House 95, Block F, Bengaluru Residency, Sector 12",Near main market,560095,Bengaluru,Karnataka,CREAM-NIGHT,Repair Night Cream,1,1300,Prepaid,Delhivery,WhatsApp,Repeat CRM,WhatsApp,crm,Repeat CRM,WHA-1047,50,first_time,Delivered,,0,Delivered
BTY-24529,DE987650528,2026-04-19T04:30:00.000Z,Sara Ali,9700000168,customer529@example.com,"House 96, Block A, Ahmedabad Residency, Sector 1",Near main market,380015,Ahmedabad,Gujarat,SERUM-VITC,Vitamin C Serum,1,700,COD,Delhivery,Meta,Meta Glow Offer,Meta,paid,Meta Glow Offer,MET-1048,46,repeat_delivered,Undelivered,Door locked,1,In NDR
BTY-24530,XP987650529,2026-04-20T05:30:00.000Z,Nisha Nair,9700000169,customer530@example.com,"House 97, Block B, Jaipur Residency, Sector 2",Near main market,302001,Jaipur,Rajasthan,KIT-GLOW,Glow Routine Kit,1,1550,Prepaid,Xpressbees,Instagram,Influencer Reel,Instagram,paid,Influencer Reel,INS-1049,54,first_time,Delivered,,0,Delivered
BTY-24531,BL987650530,2026-04-21T06:30:00.000Z,Aarav Sharma,9700000170,customer531@example.com,"House 98, Block C, Pune Residency, Sector 3",,411045,Pune,Maharashtra,LIP-MATTE,Matte Lip Trio,1,850,COD,Bluedart,WhatsApp,Repeat CRM,WhatsApp,crm,Repeat CRM,WHA-1050,39,first_time,Undelivered,Cash not ready,1,In NDR
BTY-24532,XP987650531,2026-04-22T07:30:00.000Z,Diya Verma,9700000171,customer532@example.com,"House 99, Block D, Kolkata Residency, Sector 4",Near main market,700016,Kolkata,West Bengal,CREAM-NIGHT,Repair Night Cream,1,1200,Prepaid,Xpressbees,Meta,Meta Glow Offer,Meta,paid,Meta Glow Offer,MET-1051,54,first_time,Delivered,,0,Delivered
BTY-24533,DT987650532,2026-04-23T08:30:00.000Z,Kabir Khan,9700000172,customer533@example.com,"House 100, Block E, Lucknow Residency, Sector 5",Near main market,226010,Lucknow,Uttar Pradesh,SERUM-VITC,Vitamin C Serum,1,650,COD,DTDC,Instagram,Influencer Reel,Instagram,paid,Influencer Reel,INS-1052,48,repeat_delivered,Delivered,,0,Delivered
BTY-24534,XP987650533,2026-04-24T09:30:00.000Z,Ananya Iyer,9700000173,customer534@example.com,"House 101, Block F, Lucknow Residency, Sector 6",Near main market,226010,Lucknow,Uttar Pradesh,KIT-GLOW,Glow Routine Kit,1,1550,COD,Xpressbees,WhatsApp,Repeat CRM,WhatsApp,crm,Repeat CRM,WHA-1053,41,first_time,Delivered,,0,Delivered
BTY-24535,EK987650534,2026-04-25T10:30:00.000Z,Riya Patel,9700000174,customer535@example.com,"House 102, Block A, Surat Residency, Sector 7",Near main market,395007,Surat,Gujarat,LIP-MATTE,Matte Lip Trio,1,950,Prepaid,Ekart,Meta,Meta Glow Offer,Meta,paid,Meta Glow Offer,MET-1054,49,first_time,Delivered,,0,Delivered
BTY-24536,SH987650535,2026-04-26T11:30:00.000Z,Vivaan Rao,9700000175,customer536@example.com,"House 103, Block B, Hyderabad Residency, Sector 8",,500081,Hyderabad,Telangana,CREAM-NIGHT,Repair Night Cream,1,1300,Prepaid,Shiprocket,Instagram,Influencer Reel,Instagram,paid,Influencer Reel,INS-1055,40,first_time,Delivered,,0,Delivered
BTY-24537,DT987650536,2026-04-27T12:30:00.000Z,Meera Singh,9700000176,customer537@example.com,"House 104, Block C, Mumbai Residency, Sector 9",Near main market,400053,Mumbai,Maharashtra,SERUM-VITC,Vitamin C Serum,1,700,Prepaid,DTDC,WhatsApp,Repeat CRM,WhatsApp,crm,Repeat CRM,WHA-1056,45,repeat_delivered,Delivered,,0,Delivered
BTY-24538,SH987650537,2026-04-28T13:30:00.000Z,Ishaan Gupta,9700000177,customer538@example.com,"House 105, Block D, Chennai Residency, Sector 10",Near main market,600042,Chennai,Tamil Nadu,KIT-GLOW,Glow Routine Kit,1,1400,Prepaid,Shiprocket,Meta,Meta Glow Offer,Meta,paid,Meta Glow Offer,MET-1057,48,first_time,RTO,Cash not ready,3,RTO
BTY-24539,EK987650538,2026-04-29T14:30:00.000Z,Sara Ali,9700000178,customer539@example.com,"House 106, Block E, Bhubaneswar Residency, Sector 11",Near main market,751024,Bhubaneswar,Odisha,LIP-MATTE,Matte Lip Trio,1,900,Prepaid,Ekart,Instagram,Influencer Reel,Instagram,paid,Influencer Reel,INS-1058,45,first_time,Undelivered,Customer requested future delivery,1,In NDR
BTY-24540,BL987650539,2026-04-30T15:30:00.000Z,Nisha Nair,9700000179,customer540@example.com,Near temple main road Lucknow,,226010,Lucknow,Uttar Pradesh,CREAM-NIGHT,Repair Night Cream,1,1250,COD,Bluedart,WhatsApp,Repeat CRM,WhatsApp,crm,Repeat CRM,WHA-1059,45,first_time,RTO,Customer not available,3,RTO
BTY-24541,DE987650540,2026-04-01T04:30:00.000Z,Aarav Sharma,9700000000,customer541@example.com,"House 18, Block A, Ghaziabad Residency, Sector 1",,201001,Ghaziabad,Uttar Pradesh,SERUM-VITC,Vitamin C Serum,1,750,Prepaid,Delhivery,Meta,Meta Glow Offer,Meta,paid,Meta Glow Offer,MET-1060,53,repeat_delivered,Delivered,,0,Delivered
BTY-24542,DT987650541,2026-04-02T05:30:00.000Z,Diya Verma,9700000001,customer542@example.com,"House 19, Block B, Delhi Residency, Sector 2",Near main market,110024,Delhi,Delhi,KIT-GLOW,Glow Routine Kit,1,1600,COD,DTDC,Instagram,Influencer Reel,Instagram,paid,Influencer Reel,INS-1061,54,first_time,Delivered,,0,Delivered
BTY-24543,SH987650542,2026-04-03T06:30:00.000Z,Kabir Khan,9700000002,customer543@example.com,"House 20, Block C, Bengaluru Residency, Sector 3",Near main market,560095,Bengaluru,Karnataka,LIP-MATTE,Matte Lip Trio,1,950,Prepaid,Shadowfax,WhatsApp,Repeat CRM,WhatsApp,crm,Repeat CRM,WHA-1062,46,first_time,Delivered,,0,Delivered
BTY-24544,EK987650543,2026-04-04T07:30:00.000Z,Ananya Iyer,9700000003,customer544@example.com,"House 21, Block D, Ahmedabad Residency, Sector 4",Near main market,380015,Ahmedabad,Gujarat,CREAM-NIGHT,Repair Night Cream,1,1200,COD,Ekart,Meta,Meta Glow Offer,Meta,paid,Meta Glow Offer,MET-1063,41,first_time,Delivered,,0,Delivered
BTY-24545,BL987650544,2026-04-05T08:30:00.000Z,Riya Patel,9700000004,customer545@example.com,"House 22, Block E, Jaipur Residency, Sector 5",Near main market,302001,Jaipur,Rajasthan,SERUM-VITC,Vitamin C Serum,1,700,Prepaid,Bluedart,Instagram,Influencer Reel,Instagram,paid,Influencer Reel,INS-1064,49,repeat_delivered,Undelivered,Cash not ready,1,In NDR
BTY-24546,SH987650545,2026-04-06T09:30:00.000Z,Vivaan Rao,9700000005,customer546@example.com,Near temple main road Lucknow,,226010,Lucknow,Uttar Pradesh,KIT-GLOW,Glow Routine Kit,1,1500,Prepaid,Shadowfax,WhatsApp,Repeat CRM,WhatsApp,crm,Repeat CRM,WHA-1065,42,first_time,RTO,Customer requested future delivery,3,RTO
BTY-24547,EK987650546,2026-04-07T10:30:00.000Z,Meera Singh,9700000006,customer547@example.com,"House 24, Block A, Kolkata Residency, Sector 7",Near main market,700016,Kolkata,West Bengal,LIP-MATTE,Matte Lip Trio,1,950,COD,Ekart,Meta,Meta Glow Offer,Meta,paid,Meta Glow Offer,MET-1066,40,first_time,RTO,Customer not available,2,RTO
BTY-24548,SH987650547,2026-04-08T11:30:00.000Z,Ishaan Gupta,9700000007,customer548@example.com,"House 25, Block B, Lucknow Residency, Sector 8",Near main market,226010,Lucknow,Uttar Pradesh,CREAM-NIGHT,Repair Night Cream,1,1150,COD,Shiprocket,Instagram,Influencer Reel,Instagram,paid,Influencer Reel,INS-1067,48,first_time,Delivered,,0,Delivered
BTY-24549,EK987650548,2026-04-09T12:30:00.000Z,Sara Ali,9700000008,customer549@example.com,Near temple main road Lucknow,,226010,Lucknow,Uttar Pradesh,SERUM-VITC,Vitamin C Serum,1,650,Prepaid,Ekart,WhatsApp,Repeat CRM,WhatsApp,crm,Repeat CRM,WHA-1068,57,repeat_delivered,Undelivered,No response on phone,1,In NDR
BTY-24550,XP987650549,2026-04-10T13:30:00.000Z,Nisha Nair,9700000009,customer550@example.com,Near temple main road Surat,,395007,Surat,Gujarat,KIT-GLOW,Glow Routine Kit,1,1450,Prepaid,Xpressbees,Meta,Meta Glow Offer,Meta,paid,Meta Glow Offer,MET-1069,50,first_time,Undelivered,Door locked,2,In NDR
BTY-24551,SH987650550,2026-04-11T14:30:00.000Z,Aarav Sharma,9700000010,customer551@example.com,"House 28, Block E, Hyderabad Residency, Sector 11",,500081,Hyderabad,Telangana,LIP-MATTE,Matte Lip Trio,1,900,Prepaid,Shiprocket,Instagram,Influencer Reel,Instagram,paid,Influencer Reel,INS-1070,50,first_time,Delivered,,0,Delivered
BTY-24552,BL987650551,2026-04-12T15:30:00.000Z,Diya Verma,9700000011,customer552@example.com,"House 29, Block F, Mumbai Residency, Sector 12",Near main market,400053,Mumbai,Maharashtra,CREAM-NIGHT,Repair Night Cream,2,1150,Prepaid,Bluedart,WhatsApp,Repeat CRM,WhatsApp,crm,Repeat CRM,WHA-1071,41,first_time,Delivered,,0,Delivered
BTY-24553,SH987650552,2026-04-13T04:30:00.000Z,Kabir Khan,9700000012,customer553@example.com,"House 30, Block A, Chennai Residency, Sector 1",Near main market,600042,Chennai,Tamil Nadu,SERUM-VITC,Vitamin C Serum,1,700,COD,Shiprocket,Meta,Meta Glow Offer,Meta,paid,Meta Glow Offer,MET-1072,47,repeat_delivered,Undelivered,Customer requested future delivery,1,In NDR
BTY-24554,XP987650553,2026-04-14T05:30:00.000Z,Ananya Iyer,9700000013,customer554@example.com,"House 31, Block B, Patna Residency, Sector 2",Near main market,800001,Patna,Bihar,KIT-GLOW,Glow Routine Kit,1,1550,COD,Xpressbees,Instagram,Influencer Reel,Instagram,paid,Influencer Reel,INS-1073,56,first_time,RTO,Customer not available,3,RTO
BTY-24555,SH987650554,2026-04-15T06:30:00.000Z,Riya Patel,9700000014,customer555@example.com,"House 32, Block C, Patna Residency, Sector 3",Near main market,800001,Patna,Bihar,LIP-MATTE,Matte Lip Trio,1,950,Prepaid,Shadowfax,WhatsApp,Repeat CRM,WhatsApp,crm,Repeat CRM,WHA-1074,55,first_time,Delivered,,0,Delivered
BTY-24556,SH987650555,2026-04-16T07:30:00.000Z,Vivaan Rao,9700000015,customer556@example.com,"House 33, Block D, Ghaziabad Residency, Sector 4",,201001,Ghaziabad,Uttar Pradesh,CREAM-NIGHT,Repair Night Cream,1,1100,Prepaid,Shadowfax,Meta,Meta Glow Offer,Meta,paid,Meta Glow Offer,MET-1075,41,first_time,Undelivered,No response on phone,2,In NDR
BTY-24557,SH987650556,2026-04-17T08:30:00.000Z,Meera Singh,9700000016,customer557@example.com,"House 34, Block E, Delhi Residency, Sector 5",Near main market,110024,Delhi,Delhi,SERUM-VITC,Vitamin C Serum,1,750,Prepaid,Shiprocket,Instagram,Influencer Reel,Instagram,paid,Influencer Reel,INS-1076,52,repeat_delivered,Delivered,,0,Delivered
BTY-24558,EK987650557,2026-04-18T09:30:00.000Z,Ishaan Gupta,9700000017,customer558@example.com,Near temple main road Lucknow,,226010,Lucknow,Uttar Pradesh,KIT-GLOW,Glow Routine Kit,1,1600,COD,Ekart,WhatsApp,Repeat CRM,WhatsApp,crm,Repeat CRM,WHA-1077,39,first_time,RTO,Customer refused delivery,3,RTO
BTY-24559,EK987650558,2026-04-19T10:30:00.000Z,Sara Ali,9700000018,customer559@example.com,"House 36, Block A, Ahmedabad Residency, Sector 7",Near main market,380015,Ahmedabad,Gujarat,LIP-MATTE,Matte Lip Trio,1,850,COD,Ekart,Meta,Meta Glow Offer,Meta,paid,Meta Glow Offer,MET-1078,55,first_time,Delivered,,0,Delivered
BTY-24560,XP987650559,2026-04-20T11:30:00.000Z,Nisha Nair,9700000019,customer560@example.com,"House 37, Block B, Jaipur Residency, Sector 8",Near main market,302001,Jaipur,Rajasthan,CREAM-NIGHT,Repair Night Cream,1,1200,COD,Xpressbees,Instagram,Influencer Reel,Instagram,paid,Influencer Reel,INS-1079,49,first_time,Delivered,,0,Delivered
BTY-24561,DE987650560,2026-04-21T12:30:00.000Z,Aarav Sharma,9700000020,customer561@example.com,"House 38, Block C, Lucknow Residency, Sector 9",,226010,Lucknow,Uttar Pradesh,SERUM-VITC,Vitamin C Serum,1,650,COD,Delhivery,WhatsApp,Repeat CRM,WhatsApp,crm,Repeat CRM,WHA-1000,55,repeat_delivered,Delivered,,0,Delivered
BTY-24562,SH987650561,2026-04-22T13:30:00.000Z,Diya Verma,9700000021,customer562@example.com,"House 39, Block D, Kolkata Residency, Sector 10",Near main market,700016,Kolkata,West Bengal,KIT-GLOW,Glow Routine Kit,1,1550,COD,Shiprocket,Meta,Meta Glow Offer,Meta,paid,Meta Glow Offer,MET-1001,38,first_time,RTO,Incorrect address,3,RTO
BTY-24563,SH987650562,2026-04-23T14:30:00.000Z,Kabir Khan,9700000022,customer563@example.com,Near temple main road Patna,,800001,Patna,Bihar,LIP-MATTE,Matte Lip Trio,1,850,COD,Shiprocket,Instagram,Influencer Reel,Instagram,paid,Influencer Reel,INS-1002,57,first_time,RTO,No response on phone,2,RTO
BTY-24564,EK987650563,2026-04-24T15:30:00.000Z,Ananya Iyer,9700000023,customer564@example.com,"House 41, Block F, Indore Residency, Sector 12",Near main market,452010,Indore,Madhya Pradesh,CREAM-NIGHT,Repair Night Cream,1,1300,COD,Ekart,WhatsApp,Repeat CRM,WhatsApp,crm,Repeat CRM,WHA-1003,57,first_time,Delivered,,0,Delivered
BTY-24565,XP987650564,2026-04-25T04:30:00.000Z,Riya Patel,9700000024,customer565@example.com,"House 42, Block A, Surat Residency, Sector 1",Near main market,395007,Surat,Gujarat,SERUM-VITC,Vitamin C Serum,1,650,COD,Xpressbees,Meta,Meta Glow Offer,Meta,paid,Meta Glow Offer,MET-1004,50,repeat_delivered,Delivered,,0,Delivered
BTY-24566,DE987650565,2026-04-26T05:30:00.000Z,Vivaan Rao,9700000025,customer566@example.com,Near temple main road Patna,,800001,Patna,Bihar,KIT-GLOW,Glow Routine Kit,1,1450,Prepaid,Delhivery,Instagram,Influencer Reel,Instagram,paid,Influencer Reel,INS-1005,43,first_time,Delivered,,0,Delivered
BTY-24567,SH987650566,2026-04-27T06:30:00.000Z,Meera Singh,9700000026,customer567@example.com,Near temple main road Lucknow,,226010,Lucknow,Uttar Pradesh,LIP-MATTE,Matte Lip Trio,1,900,Prepaid,Shadowfax,WhatsApp,Repeat CRM,WhatsApp,crm,Repeat CRM,WHA-1006,44,first_time,Delivered,,0,Delivered
BTY-24568,SH987650567,2026-04-28T07:30:00.000Z,Ishaan Gupta,9700000027,customer568@example.com,"House 45, Block D, Chennai Residency, Sector 4",Near main market,600042,Chennai,Tamil Nadu,CREAM-NIGHT,Repair Night Cream,1,1200,Prepaid,Shadowfax,Meta,Meta Glow Offer,Meta,paid,Meta Glow Offer,MET-1007,49,first_time,Delivered,,0,Delivered
BTY-24569,DT987650568,2026-04-29T08:30:00.000Z,Sara Ali,9700000028,customer569@example.com,"House 46, Block E, Bhubaneswar Residency, Sector 5",Near main market,751024,Bhubaneswar,Odisha,SERUM-VITC,Vitamin C Serum,1,750,COD,DTDC,Instagram,Influencer Reel,Instagram,paid,Influencer Reel,INS-1008,55,repeat_delivered,RTO,Incorrect address,2,RTO
BTY-24570,DT987650569,2026-04-30T09:30:00.000Z,Nisha Nair,9700000029,customer570@example.com,"House 47, Block F, Lucknow Residency, Sector 6",Near main market,226010,Lucknow,Uttar Pradesh,KIT-GLOW,Glow Routine Kit,1,1550,Prepaid,DTDC,WhatsApp,Repeat CRM,WhatsApp,crm,Repeat CRM,WHA-1009,38,first_time,Delivered,,0,Delivered
BTY-24571,DE987650570,2026-04-01T10:30:00.000Z,Aarav Sharma,9700000030,customer571@example.com,"House 48, Block A, Surat Residency, Sector 7",,395007,Surat,Gujarat,LIP-MATTE,Matte Lip Trio,1,950,Prepaid,Delhivery,Meta,Meta Glow Offer,Meta,paid,Meta Glow Offer,MET-1010,56,first_time,RTO,Door locked,2,RTO
BTY-24572,DT987650571,2026-04-02T11:30:00.000Z,Diya Verma,9700000031,customer572@example.com,Near temple main road Patna,,800001,Patna,Bihar,CREAM-NIGHT,Repair Night Cream,1,1150,COD,DTDC,Instagram,Influencer Reel,Instagram,paid,Influencer Reel,INS-1011,52,first_time,Undelivered,Customer refused delivery,2,In NDR
BTY-24573,DE987650572,2026-04-03T12:30:00.000Z,Kabir Khan,9700000032,customer573@example.com,"House 50, Block C, Bengaluru Residency, Sector 9",Near main market,560095,Bengaluru,Karnataka,SERUM-VITC,Vitamin C Serum,1,700,Prepaid,Delhivery,WhatsApp,Repeat CRM,WhatsApp,crm,Repeat CRM,WHA-1012,43,repeat_delivered,Delivered,,0,Delivered
BTY-24574,EK987650573,2026-04-04T13:30:00.000Z,Ananya Iyer,9700000033,customer574@example.com,"House 51, Block D, Surat Residency, Sector 10",Near main market,395007,Surat,Gujarat,KIT-GLOW,Glow Routine Kit,1,1550,Prepaid,Ekart,Meta,Meta Glow Offer,Meta,paid,Meta Glow Offer,MET-1013,50,first_time,RTO,Customer requested future delivery,3,RTO
BTY-24575,SH987650574,2026-04-05T14:30:00.000Z,Riya Patel,9700000034,customer575@example.com,"House 52, Block E, Jaipur Residency, Sector 11",Near main market,302001,Jaipur,Rajasthan,LIP-MATTE,Matte Lip Trio,1,850,Prepaid,Shadowfax,Instagram,Influencer Reel,Instagram,paid,Influencer Reel,INS-1014,39,first_time,Undelivered,Customer not available,1,In NDR
BTY-24576,DE987650575,2026-04-06T15:30:00.000Z,Vivaan Rao,9700000035,customer576@example.com,"House 53, Block F, Lucknow Residency, Sector 12",,226010,Lucknow,Uttar Pradesh,CREAM-NIGHT,Repair Night Cream,1,1100,COD,Delhivery,WhatsApp,Repeat CRM,WhatsApp,crm,Repeat CRM,WHA-1015,51,first_time,Undelivered,Incorrect address,2,In NDR
BTY-24577,BL987650576,2026-04-07T04:30:00.000Z,Meera Singh,9700000036,customer577@example.com,"House 54, Block A, Kolkata Residency, Sector 1",Near main market,700016,Kolkata,West Bengal,SERUM-VITC,Vitamin C Serum,1,700,Prepaid,Bluedart,Meta,Meta Glow Offer,Meta,paid,Meta Glow Offer,MET-1016,46,repeat_delivered,Delivered,,0,Delivered
BTY-24578,DE987650577,2026-04-08T05:30:00.000Z,Ishaan Gupta,9700000037,customer578@example.com,"House 55, Block B, Patna Residency, Sector 2",Near main market,800001,Patna,Bihar,KIT-GLOW,Glow Routine Kit,1,1600,COD,Delhivery,Instagram,Influencer Reel,Instagram,paid,Influencer Reel,INS-1017,39,first_time,Undelivered,Door locked,2,In NDR
BTY-24579,DT987650578,2026-04-09T06:30:00.000Z,Sara Ali,9700000038,customer579@example.com,"House 56, Block C, Indore Residency, Sector 3",Near main market,452010,Indore,Madhya Pradesh,LIP-MATTE,Matte Lip Trio,1,900,COD,DTDC,WhatsApp,Repeat CRM,WhatsApp,crm,Repeat CRM,WHA-1018,43,first_time,Delivered,,0,Delivered
BTY-24580,EK987650579,2026-04-10T07:30:00.000Z,Nisha Nair,9700000039,customer580@example.com,"House 57, Block D, Surat Residency, Sector 4",Near main market,395007,Surat,Gujarat,CREAM-NIGHT,Repair Night Cream,1,1200,COD,Ekart,Meta,Meta Glow Offer,Meta,paid,Meta Glow Offer,MET-1019,58,first_time,RTO,Cash not ready,3,RTO
BTY-24581,SH987650580,2026-04-11T08:30:00.000Z,Aarav Sharma,9700000040,customer581@example.com,"House 58, Block E, Patna Residency, Sector 5",,800001,Patna,Bihar,SERUM-VITC,Vitamin C Serum,2,700,Prepaid,Shadowfax,Instagram,Influencer Reel,Instagram,paid,Influencer Reel,INS-1020,52,repeat_delivered,RTO,Customer requested future delivery,2,RTO
BTY-24582,XP987650581,2026-04-12T09:30:00.000Z,Diya Verma,9700000041,customer582@example.com,"House 59, Block F, Lucknow Residency, Sector 6",Near main market,226010,Lucknow,Uttar Pradesh,KIT-GLOW,Glow Routine Kit,1,1450,Prepaid,Xpressbees,WhatsApp,Repeat CRM,WhatsApp,crm,Repeat CRM,WHA-1021,42,first_time,Delivered,,0,Delivered
BTY-24583,SH987650582,2026-04-13T10:30:00.000Z,Kabir Khan,9700000042,customer583@example.com,"House 60, Block A, Surat Residency, Sector 7",Near main market,395007,Surat,Gujarat,LIP-MATTE,Matte Lip Trio,1,850,Prepaid,Shiprocket,Meta,Meta Glow Offer,Meta,paid,Meta Glow Offer,MET-1022,44,first_time,Delivered,,0,Delivered
BTY-24584,XP987650583,2026-04-14T11:30:00.000Z,Ananya Iyer,9700000043,customer584@example.com,Near temple main road Patna,,800001,Patna,Bihar,CREAM-NIGHT,Repair Night Cream,1,1250,COD,Xpressbees,Instagram,Influencer Reel,Instagram,paid,Influencer Reel,INS-1023,58,first_time,Undelivered,No response on phone,2,In NDR
BTY-24585,SH987650584,2026-04-15T12:30:00.000Z,Riya Patel,9700000044,customer585@example.com,"House 62, Block C, Lucknow Residency, Sector 9",Near main market,226010,Lucknow,Uttar Pradesh,SERUM-VITC,Vitamin C Serum,1,700,COD,Shiprocket,WhatsApp,Repeat CRM,WhatsApp,crm,Repeat CRM,WHA-1024,53,repeat_delivered,Delivered,,0,Delivered
BTY-24586,DT987650585,2026-04-16T13:30:00.000Z,Vivaan Rao,9700000045,customer586@example.com,"House 63, Block D, Ghaziabad Residency, Sector 10",,201001,Ghaziabad,Uttar Pradesh,KIT-GLOW,Glow Routine Kit,1,1400,COD,DTDC,Meta,Meta Glow Offer,Meta,paid,Meta Glow Offer,MET-1025,49,first_time,RTO,Customer refused delivery,3,RTO
BTY-24587,DT987650586,2026-04-17T14:30:00.000Z,Meera Singh,9700000046,customer587@example.com,"House 64, Block E, Delhi Residency, Sector 11",Near main market,110024,Delhi,Delhi,LIP-MATTE,Matte Lip Trio,1,800,COD,DTDC,Instagram,Influencer Reel,Instagram,paid,Influencer Reel,INS-1026,55,first_time,RTO,Cash not ready,2,RTO
BTY-24588,SH987650587,2026-04-18T15:30:00.000Z,Ishaan Gupta,9700000047,customer588@example.com,"House 65, Block F, Bengaluru Residency, Sector 12",Near main market,560095,Bengaluru,Karnataka,CREAM-NIGHT,Repair Night Cream,1,1300,COD,Shadowfax,WhatsApp,Repeat CRM,WhatsApp,crm,Repeat CRM,WHA-1027,42,first_time,Undelivered,Customer requested future delivery,2,In NDR
BTY-24589,SH987650588,2026-04-19T04:30:00.000Z,Sara Ali,9700000048,customer589@example.com,"House 66, Block A, Ahmedabad Residency, Sector 1",Near main market,380015,Ahmedabad,Gujarat,SERUM-VITC,Vitamin C Serum,1,700,Prepaid,Shiprocket,Meta,Meta Glow Offer,Meta,paid,Meta Glow Offer,MET-1028,41,repeat_delivered,RTO,Customer not available,2,RTO
BTY-24590,EK987650589,2026-04-20T05:30:00.000Z,Nisha Nair,9700000049,customer590@example.com,"House 67, Block B, Patna Residency, Sector 2",Near main market,800001,Patna,Bihar,KIT-GLOW,Glow Routine Kit,1,1400,COD,Ekart,Instagram,Influencer Reel,Instagram,paid,Influencer Reel,INS-1029,41,first_time,RTO,Incorrect address,3,RTO
BTY-24591,EK987650590,2026-04-21T06:30:00.000Z,Aarav Sharma,9700000050,customer591@example.com,"House 68, Block C, Pune Residency, Sector 3",,411045,Pune,Maharashtra,LIP-MATTE,Matte Lip Trio,1,850,COD,Ekart,WhatsApp,Repeat CRM,WhatsApp,crm,Repeat CRM,WHA-1030,41,first_time,Delivered,,0,Delivered
BTY-24592,EK987650591,2026-04-22T07:30:00.000Z,Diya Verma,9700000051,customer592@example.com,"House 69, Block D, Surat Residency, Sector 4",Near main market,395007,Surat,Gujarat,CREAM-NIGHT,Repair Night Cream,1,1250,Prepaid,Ekart,Meta,Meta Glow Offer,Meta,paid,Meta Glow Offer,MET-1031,40,first_time,RTO,Door locked,3,RTO
BTY-24593,SH987650592,2026-04-23T08:30:00.000Z,Kabir Khan,9700000052,customer593@example.com,"House 70, Block E, Lucknow Residency, Sector 5",Near main market,226010,Lucknow,Uttar Pradesh,SERUM-VITC,Vitamin C Serum,1,700,Prepaid,Shadowfax,Instagram,Influencer Reel,Instagram,paid,Influencer Reel,INS-1032,48,repeat_delivered,Undelivered,Customer refused delivery,1,In NDR
BTY-24594,XP987650593,2026-04-24T09:30:00.000Z,Ananya Iyer,9700000053,customer594@example.com,Near temple main road Lucknow,,226010,Lucknow,Uttar Pradesh,KIT-GLOW,Glow Routine Kit,1,1400,COD,Xpressbees,WhatsApp,Repeat CRM,WhatsApp,crm,Repeat CRM,WHA-1033,44,first_time,RTO,Cash not ready,3,RTO
BTY-24595,SH987650594,2026-04-25T10:30:00.000Z,Riya Patel,9700000054,customer595@example.com,"House 72, Block A, Surat Residency, Sector 7",Near main market,395007,Surat,Gujarat,LIP-MATTE,Matte Lip Trio,1,950,Prepaid,Shadowfax,Meta,Meta Glow Offer,Meta,paid,Meta Glow Offer,MET-1034,54,first_time,RTO,Customer requested future delivery,2,RTO
BTY-24596,DT987650595,2026-04-26T11:30:00.000Z,Vivaan Rao,9700000055,customer596@example.com,"House 73, Block B, Patna Residency, Sector 8",,800001,Patna,Bihar,CREAM-NIGHT,Repair Night Cream,1,1200,Prepaid,DTDC,Instagram,Influencer Reel,Instagram,paid,Influencer Reel,INS-1035,46,first_time,Undelivered,Customer not available,2,In NDR
BTY-24597,DE987650596,2026-04-27T12:30:00.000Z,Meera Singh,9700000056,customer597@example.com,"House 74, Block C, Mumbai Residency, Sector 9",Near main market,400053,Mumbai,Maharashtra,SERUM-VITC,Vitamin C Serum,1,700,COD,Delhivery,WhatsApp,Repeat CRM,WhatsApp,crm,Repeat CRM,WHA-1036,41,repeat_delivered,Delivered,,0,Delivered
BTY-24598,SH987650597,2026-04-28T13:30:00.000Z,Ishaan Gupta,9700000057,customer598@example.com,"House 75, Block D, Surat Residency, Sector 10",Near main market,395007,Surat,Gujarat,KIT-GLOW,Glow Routine Kit,1,1600,Prepaid,Shadowfax,Meta,Meta Glow Offer,Meta,paid,Meta Glow Offer,MET-1037,55,first_time,Undelivered,No response on phone,2,In NDR
BTY-24599,SH987650598,2026-04-29T14:30:00.000Z,Sara Ali,9700000058,customer599@example.com,"House 76, Block E, Bhubaneswar Residency, Sector 11",Near main market,751024,Bhubaneswar,Odisha,LIP-MATTE,Matte Lip Trio,1,850,COD,Shadowfax,Instagram,Influencer Reel,Instagram,paid,Influencer Reel,INS-1038,47,first_time,RTO,Door locked,2,RTO
BTY-24600,XP987650599,2026-04-30T15:30:00.000Z,Nisha Nair,9700000059,customer600@example.com,Near temple main road Lucknow,,226010,Lucknow,Uttar Pradesh,CREAM-NIGHT,Repair Night Cream,1,1300,Prepaid,Xpressbees,WhatsApp,Repeat CRM,WhatsApp,crm,Repeat CRM,WHA-1039,54,first_time,Undelivered,Customer refused delivery,2,In NDR
BTY-24601,XP987650600,2026-04-01T04:30:00.000Z,Aarav Sharma,9700000060,customer601@example.com,"House 78, Block A, Ghaziabad Residency, Sector 1",,201001,Ghaziabad,Uttar Pradesh,SERUM-VITC,Vitamin C Serum,1,650,Prepaid,Xpressbees,Meta,Meta Glow Offer,Meta,paid,Meta Glow Offer,MET-1040,45,repeat_delivered,Undelivered,Cash not ready,1,In NDR
BTY-24602,BL987650601,2026-04-02T05:30:00.000Z,Diya Verma,9700000061,customer602@example.com,"House 79, Block B, Delhi Residency, Sector 2",Near main market,110024,Delhi,Delhi,KIT-GLOW,Glow Routine Kit,1,1450,COD,Bluedart,Instagram,Influencer Reel,Instagram,paid,Influencer Reel,INS-1041,41,first_time,Delivered,,0,Delivered
BTY-24603,BL987650602,2026-04-03T06:30:00.000Z,Kabir Khan,9700000062,customer603@example.com,Near temple main road Lucknow,,226010,Lucknow,Uttar Pradesh,LIP-MATTE,Matte Lip Trio,1,850,COD,Bluedart,WhatsApp,Repeat CRM,WhatsApp,crm,Repeat CRM,WHA-1042,41,first_time,Delivered,,0,Delivered
BTY-24604,DE987650603,2026-04-04T07:30:00.000Z,Ananya Iyer,9700000063,customer604@example.com,"House 81, Block D, Ahmedabad Residency, Sector 4",Near main market,380015,Ahmedabad,Gujarat,CREAM-NIGHT,Repair Night Cream,1,1150,COD,Delhivery,Meta,Meta Glow Offer,Meta,paid,Meta Glow Offer,MET-1043,51,first_time,Undelivered,Incorrect address,2,In NDR
BTY-24605,DE987650604,2026-04-05T08:30:00.000Z,Riya Patel,9700000064,customer605@example.com,"House 82, Block E, Patna Residency, Sector 5",Near main market,800001,Patna,Bihar,SERUM-VITC,Vitamin C Serum,1,700,Prepaid,Delhivery,Instagram,Influencer Reel,Instagram,paid,Influencer Reel,INS-1044,49,repeat_delivered,Undelivered,No response on phone,1,In NDR
BTY-24606,BL987650605,2026-04-06T09:30:00.000Z,Vivaan Rao,9700000065,customer606@example.com,"House 83, Block F, Pune Residency, Sector 6",,411045,Pune,Maharashtra,KIT-GLOW,Glow Routine Kit,1,1400,COD,Bluedart,WhatsApp,Repeat CRM,WhatsApp,crm,Repeat CRM,WHA-1045,56,first_time,Delivered,,0,Delivered
BTY-24607,XP987650606,2026-04-07T10:30:00.000Z,Meera Singh,9700000066,customer607@example.com,"House 84, Block A, Kolkata Residency, Sector 7",Near main market,700016,Kolkata,West Bengal,LIP-MATTE,Matte Lip Trio,1,900,Prepaid,Xpressbees,Meta,Meta Glow Offer,Meta,paid,Meta Glow Offer,MET-1046,57,first_time,Undelivered,Customer refused delivery,1,In NDR
BTY-24608,SH987650607,2026-04-08T11:30:00.000Z,Ishaan Gupta,9700000067,customer608@example.com,"House 85, Block B, Lucknow Residency, Sector 8",Near main market,226010,Lucknow,Uttar Pradesh,CREAM-NIGHT,Repair Night Cream,1,1250,Prepaid,Shiprocket,Instagram,Influencer Reel,Instagram,paid,Influencer Reel,INS-1047,49,first_time,Delivered,,0,Delivered
BTY-24609,XP987650608,2026-04-09T12:30:00.000Z,Sara Ali,9700000068,customer609@example.com,"House 86, Block C, Indore Residency, Sector 9",Near main market,452010,Indore,Madhya Pradesh,SERUM-VITC,Vitamin C Serum,1,650,Prepaid,Xpressbees,WhatsApp,Repeat CRM,WhatsApp,crm,Repeat CRM,WHA-1048,53,repeat_delivered,Delivered,,0,Delivered
BTY-24610,SH987650609,2026-04-10T13:30:00.000Z,Nisha Nair,9700000069,customer610@example.com,"House 87, Block D, Surat Residency, Sector 10",Near main market,395007,Surat,Gujarat,KIT-GLOW,Glow Routine Kit,2,1550,COD,Shiprocket,Meta,Meta Glow Offer,Meta,paid,Meta Glow Offer,MET-1049,45,first_time,RTO,Customer not available,3,RTO
BTY-24611,SH987650610,2026-04-11T14:30:00.000Z,Aarav Sharma,9700000070,customer611@example.com,"House 88, Block E, Hyderabad Residency, Sector 11",,500081,Hyderabad,Telangana,LIP-MATTE,Matte Lip Trio,1,1000,COD,Shiprocket,Instagram,Influencer Reel,Instagram,paid,Influencer Reel,INS-1050,47,first_time,Undelivered,Incorrect address,1,In NDR
BTY-24612,EK987650611,2026-04-12T15:30:00.000Z,Diya Verma,9700000071,customer612@example.com,"House 89, Block F, Mumbai Residency, Sector 12",Near main market,400053,Mumbai,Maharashtra,CREAM-NIGHT,Repair Night Cream,1,1250,COD,Ekart,WhatsApp,Repeat CRM,WhatsApp,crm,Repeat CRM,WHA-1051,53,first_time,Delivered,,0,Delivered
BTY-24613,BL987650612,2026-04-13T04:30:00.000Z,Kabir Khan,9700000072,customer613@example.com,"House 90, Block A, Chennai Residency, Sector 1",Near main market,600042,Chennai,Tamil Nadu,SERUM-VITC,Vitamin C Serum,1,700,Prepaid,Bluedart,Meta,Meta Glow Offer,Meta,paid,Meta Glow Offer,MET-1052,44,repeat_delivered,Delivered,,0,Delivered
BTY-24614,SH987650613,2026-04-14T05:30:00.000Z,Ananya Iyer,9700000073,customer614@example.com,"House 91, Block B, Bhubaneswar Residency, Sector 2",Near main market,751024,Bhubaneswar,Odisha,KIT-GLOW,Glow Routine Kit,1,1450,Prepaid,Shadowfax,Instagram,Influencer Reel,Instagram,paid,Influencer Reel,INS-1053,51,first_time,Delivered,,0,Delivered
BTY-24615,DE987650614,2026-04-15T06:30:00.000Z,Riya Patel,9700000074,customer615@example.com,"House 92, Block C, Patna Residency, Sector 3",Near main market,800001,Patna,Bihar,LIP-MATTE,Matte Lip Trio,1,900,COD,Delhivery,WhatsApp,Repeat CRM,WhatsApp,crm,Repeat CRM,WHA-1054,43,first_time,Delivered,,0,Delivered
BTY-24616,EK987650615,2026-04-16T07:30:00.000Z,Vivaan Rao,9700000075,customer616@example.com,"House 93, Block D, Surat Residency, Sector 4",,395007,Surat,Gujarat,CREAM-NIGHT,Repair Night Cream,1,1300,COD,Ekart,Meta,Meta Glow Offer,Meta,paid,Meta Glow Offer,MET-1055,56,first_time,Undelivered,Customer requested future delivery,2,In NDR
BTY-24617,EK987650616,2026-04-17T08:30:00.000Z,Meera Singh,9700000076,customer617@example.com,"House 94, Block E, Delhi Residency, Sector 5",Near main market,110024,Delhi,Delhi,SERUM-VITC,Vitamin C Serum,1,750,Prepaid,Ekart,Instagram,Influencer Reel,Instagram,paid,Influencer Reel,INS-1056,51,repeat_delivered,Delivered,,0,Delivered
BTY-24618,DE987650617,2026-04-18T09:30:00.000Z,Ishaan Gupta,9700000077,customer618@example.com,"House 95, Block F, Lucknow Residency, Sector 6",Near main market,226010,Lucknow,Uttar Pradesh,KIT-GLOW,Glow Routine Kit,1,1400,Prepaid,Delhivery,WhatsApp,Repeat CRM,WhatsApp,crm,Repeat CRM,WHA-1057,53,first_time,Delivered,,0,Delivered
BTY-24619,DT987650618,2026-04-19T10:30:00.000Z,Sara Ali,9700000078,customer619@example.com,"House 96, Block A, Ahmedabad Residency, Sector 7",Near main market,380015,Ahmedabad,Gujarat,LIP-MATTE,Matte Lip Trio,1,850,COD,DTDC,Meta,Meta Glow Offer,Meta,paid,Meta Glow Offer,MET-1058,47,first_time,Delivered,,0,Delivered
BTY-24620,DE987650619,2026-04-20T11:30:00.000Z,Nisha Nair,9700000079,customer620@example.com,"House 97, Block B, Jaipur Residency, Sector 8",Near main market,302001,Jaipur,Rajasthan,CREAM-NIGHT,Repair Night Cream,1,1150,Prepaid,Delhivery,Instagram,Influencer Reel,Instagram,paid,Influencer Reel,INS-1059,42,first_time,RTO,Door locked,3,RTO
BTY-24621,BL987650620,2026-04-21T12:30:00.000Z,Aarav Sharma,9700000080,customer621@example.com,"House 98, Block C, Lucknow Residency, Sector 9",,226010,Lucknow,Uttar Pradesh,SERUM-VITC,Vitamin C Serum,1,700,Prepaid,Bluedart,WhatsApp,Repeat CRM,WhatsApp,crm,Repeat CRM,WHA-1060,41,repeat_delivered,Delivered,,0,Delivered
BTY-24622,BL987650621,2026-04-22T13:30:00.000Z,Diya Verma,9700000081,customer622@example.com,"House 99, Block D, Kolkata Residency, Sector 10",Near main market,700016,Kolkata,West Bengal,KIT-GLOW,Glow Routine Kit,1,1550,Prepaid,Bluedart,Meta,Meta Glow Offer,Meta,paid,Meta Glow Offer,MET-1061,46,first_time,Delivered,,0,Delivered
BTY-24623,SH987650622,2026-04-23T14:30:00.000Z,Kabir Khan,9700000082,customer623@example.com,"House 100, Block E, Lucknow Residency, Sector 11",Near main market,226010,Lucknow,Uttar Pradesh,LIP-MATTE,Matte Lip Trio,1,950,COD,Shadowfax,Instagram,Influencer Reel,Instagram,paid,Influencer Reel,INS-1062,57,first_time,Delivered,,0,Delivered
BTY-24624,EK987650623,2026-04-24T15:30:00.000Z,Ananya Iyer,9700000083,customer624@example.com,"House 101, Block F, Lucknow Residency, Sector 12",Near main market,226010,Lucknow,Uttar Pradesh,CREAM-NIGHT,Repair Night Cream,1,1150,COD,Ekart,WhatsApp,Repeat CRM,WhatsApp,crm,Repeat CRM,WHA-1063,43,first_time,Undelivered,Customer not available,2,In NDR
BTY-24625,DT987650624,2026-04-25T04:30:00.000Z,Riya Patel,9700000084,customer625@example.com,"House 102, Block A, Surat Residency, Sector 1",Near main market,395007,Surat,Gujarat,SERUM-VITC,Vitamin C Serum,1,750,Prepaid,DTDC,Meta,Meta Glow Offer,Meta,paid,Meta Glow Offer,MET-1064,40,repeat_delivered,Undelivered,Incorrect address,1,In NDR
BTY-24626,DT987650625,2026-04-26T05:30:00.000Z,Vivaan Rao,9700000085,customer626@example.com,"House 103, Block B, Hyderabad Residency, Sector 2",,500081,Hyderabad,Telangana,KIT-GLOW,Glow Routine Kit,1,1550,COD,DTDC,Instagram,Influencer Reel,Instagram,paid,Influencer Reel,INS-1065,40,first_time,Delivered,,0,Delivered
BTY-24627,XP987650626,2026-04-27T06:30:00.000Z,Meera Singh,9700000086,customer627@example.com,"House 104, Block C, Lucknow Residency, Sector 3",Near main market,226010,Lucknow,Uttar Pradesh,LIP-MATTE,Matte Lip Trio,1,950,COD,Xpressbees,WhatsApp,Repeat CRM,WhatsApp,crm,Repeat CRM,WHA-1066,39,first_time,Delivered,,0,Delivered
BTY-24628,BL987650627,2026-04-28T07:30:00.000Z,Ishaan Gupta,9700000087,customer628@example.com,"House 105, Block D, Chennai Residency, Sector 4",Near main market,600042,Chennai,Tamil Nadu,CREAM-NIGHT,Repair Night Cream,1,1200,Prepaid,Bluedart,Meta,Meta Glow Offer,Meta,paid,Meta Glow Offer,MET-1067,56,first_time,Undelivered,Customer refused delivery,2,In NDR
BTY-24629,BL987650628,2026-04-29T08:30:00.000Z,Sara Ali,9700000088,customer629@example.com,"House 106, Block E, Bhubaneswar Residency, Sector 5",Near main market,751024,Bhubaneswar,Odisha,SERUM-VITC,Vitamin C Serum,1,700,Prepaid,Bluedart,Instagram,Influencer Reel,Instagram,paid,Influencer Reel,INS-1068,49,repeat_delivered,Undelivered,Cash not ready,1,In NDR
BTY-24630,XP987650629,2026-04-30T09:30:00.000Z,Nisha Nair,9700000089,customer630@example.com,"House 107, Block F, Patna Residency, Sector 6",Near main market,800001,Patna,Bihar,KIT-GLOW,Glow Routine Kit,1,1500,Prepaid,Xpressbees,WhatsApp,Repeat CRM,WhatsApp,crm,Repeat CRM,WHA-1069,47,first_time,Delivered,,0,Delivered
BTY-24631,SH987650630,2026-04-01T10:30:00.000Z,Aarav Sharma,9700000090,customer631@example.com,"House 18, Block A, Ghaziabad Residency, Sector 7",,201001,Ghaziabad,Uttar Pradesh,LIP-MATTE,Matte Lip Trio,1,1000,Prepaid,Shiprocket,Meta,Meta Glow Offer,Meta,paid,Meta Glow Offer,MET-1070,43,first_time,Undelivered,Customer not available,1,In NDR
BTY-24632,DT987650631,2026-04-02T11:30:00.000Z,Diya Verma,9700000091,customer632@example.com,"House 19, Block B, Delhi Residency, Sector 8",Near main market,110024,Delhi,Delhi,CREAM-NIGHT,Repair Night Cream,1,1150,COD,DTDC,Instagram,Influencer Reel,Instagram,paid,Influencer Reel,INS-1071,55,first_time,Delivered,,0,Delivered
BTY-24633,SH987650632,2026-04-03T12:30:00.000Z,Kabir Khan,9700000092,customer633@example.com,"House 20, Block C, Bengaluru Residency, Sector 9",Near main market,560095,Bengaluru,Karnataka,SERUM-VITC,Vitamin C Serum,1,650,COD,Shadowfax,WhatsApp,Repeat CRM,WhatsApp,crm,Repeat CRM,WHA-1072,50,repeat_delivered,RTO,No response on phone,2,RTO
BTY-24634,DT987650633,2026-04-04T13:30:00.000Z,Ananya Iyer,9700000093,customer634@example.com,"House 21, Block D, Ahmedabad Residency, Sector 10",Near main market,380015,Ahmedabad,Gujarat,KIT-GLOW,Glow Routine Kit,1,1500,Prepaid,DTDC,Meta,Meta Glow Offer,Meta,paid,Meta Glow Offer,MET-1073,46,first_time,RTO,Door locked,3,RTO
BTY-24635,BL987650634,2026-04-05T14:30:00.000Z,Riya Patel,9700000094,customer635@example.com,"House 22, Block E, Jaipur Residency, Sector 11",Near main market,302001,Jaipur,Rajasthan,LIP-MATTE,Matte Lip Trio,1,850,Prepaid,Bluedart,Instagram,Influencer Reel,Instagram,paid,Influencer Reel,INS-1074,52,first_time,Delivered,,0,Delivered
BTY-24636,DE987650635,2026-04-06T15:30:00.000Z,Vivaan Rao,9700000095,customer636@example.com,Near temple main road Lucknow,,226010,Lucknow,Uttar Pradesh,CREAM-NIGHT,Repair Night Cream,1,1200,COD,Delhivery,WhatsApp,Repeat CRM,WhatsApp,crm,Repeat CRM,WHA-1075,50,first_time,RTO,Cash not ready,3,RTO
BTY-24637,BL987650636,2026-04-07T04:30:00.000Z,Meera Singh,9700000096,customer637@example.com,"House 24, Block A, Surat Residency, Sector 1",Near main market,395007,Surat,Gujarat,SERUM-VITC,Vitamin C Serum,1,700,Prepaid,Bluedart,Meta,Meta Glow Offer,Meta,paid,Meta Glow Offer,MET-1076,44,repeat_delivered,Undelivered,Customer requested future delivery,1,In NDR
BTY-24638,DT987650637,2026-04-08T05:30:00.000Z,Ishaan Gupta,9700000097,customer638@example.com,"House 25, Block B, Lucknow Residency, Sector 2",Near main market,226010,Lucknow,Uttar Pradesh,KIT-GLOW,Glow Routine Kit,1,1450,COD,DTDC,Instagram,Influencer Reel,Instagram,paid,Influencer Reel,INS-1077,57,first_time,RTO,Customer not available,3,RTO
BTY-24639,SH987650638,2026-04-09T06:30:00.000Z,Sara Ali,9700000098,customer639@example.com,"House 26, Block C, Lucknow Residency, Sector 3",Near main market,226010,Lucknow,Uttar Pradesh,LIP-MATTE,Matte Lip Trio,2,850,COD,Shiprocket,WhatsApp,Repeat CRM,WhatsApp,crm,Repeat CRM,WHA-1078,53,first_time,Delivered,,0,Delivered
BTY-24640,BL987650639,2026-04-10T07:30:00.000Z,Nisha Nair,9700000099,customer640@example.com,"House 27, Block D, Surat Residency, Sector 4",Near main market,395007,Surat,Gujarat,CREAM-NIGHT,Repair Night Cream,1,1200,COD,Bluedart,Meta,Meta Glow Offer,Meta,paid,Meta Glow Offer,MET-1079,45,first_time,RTO,No response on phone,3,RTO
BTY-24641,SH987650640,2026-04-11T08:30:00.000Z,Aarav Sharma,9700000100,customer641@example.com,Near temple main road Patna,,800001,Patna,Bihar,SERUM-VITC,Vitamin C Serum,1,650,Prepaid,Shadowfax,Instagram,Influencer Reel,Instagram,paid,Influencer Reel,INS-1000,52,repeat_delivered,Delivered,,0,Delivered
BTY-24642,SH987650641,2026-04-12T09:30:00.000Z,Diya Verma,9700000101,customer642@example.com,"House 29, Block F, Mumbai Residency, Sector 6",Near main market,400053,Mumbai,Maharashtra,KIT-GLOW,Glow Routine Kit,1,1500,COD,Shadowfax,WhatsApp,Repeat CRM,WhatsApp,crm,Repeat CRM,WHA-1001,56,first_time,RTO,Customer refused delivery,3,RTO
BTY-24643,EK987650642,2026-04-13T10:30:00.000Z,Kabir Khan,9700000102,customer643@example.com,"House 30, Block A, Surat Residency, Sector 7",Near main market,395007,Surat,Gujarat,LIP-MATTE,Matte Lip Trio,1,1000,COD,Ekart,Meta,Meta Glow Offer,Meta,paid,Meta Glow Offer,MET-1002,39,first_time,Undelivered,Cash not ready,1,In NDR
BTY-24644,EK987650643,2026-04-14T11:30:00.000Z,Ananya Iyer,9700000103,customer644@example.com,Near temple main road Patna,,800001,Patna,Bihar,CREAM-NIGHT,Repair Night Cream,1,1200,COD,Ekart,Instagram,Influencer Reel,Instagram,paid,Influencer Reel,INS-1003,55,first_time,Undelivered,Customer requested future delivery,2,In NDR
BTY-24645,BL987650644,2026-04-15T12:30:00.000Z,Riya Patel,9700000104,customer645@example.com,"House 32, Block C, Lucknow Residency, Sector 9",Near main market,226010,Lucknow,Uttar Pradesh,SERUM-VITC,Vitamin C Serum,1,650,Prepaid,Bluedart,WhatsApp,Repeat CRM,WhatsApp,crm,Repeat CRM,WHA-1004,50,repeat_delivered,Delivered,,0,Delivered
BTY-24646,DE987650645,2026-04-16T13:30:00.000Z,Vivaan Rao,9700000105,customer646@example.com,"House 33, Block D, Surat Residency, Sector 10",,395007,Surat,Gujarat,KIT-GLOW,Glow Routine Kit,1,1500,COD,Delhivery,Meta,Meta Glow Offer,Meta,paid,Meta Glow Offer,MET-1005,47,first_time,RTO,Incorrect address,3,RTO
BTY-24647,SH987650646,2026-04-17T14:30:00.000Z,Meera Singh,9700000106,customer647@example.com,"House 34, Block E, Delhi Residency, Sector 11",Near main market,110024,Delhi,Delhi,LIP-MATTE,Matte Lip Trio,1,950,COD,Shadowfax,Instagram,Influencer Reel,Instagram,paid,Influencer Reel,INS-1006,46,first_time,Delivered,,0,Delivered
BTY-24648,DT987650647,2026-04-18T15:30:00.000Z,Ishaan Gupta,9700000107,customer648@example.com,"House 35, Block F, Bengaluru Residency, Sector 12",Near main market,560095,Bengaluru,Karnataka,CREAM-NIGHT,Repair Night Cream,1,1100,Prepaid,DTDC,WhatsApp,Repeat CRM,WhatsApp,crm,Repeat CRM,WHA-1007,47,first_time,Undelivered,Door locked,2,In NDR
BTY-24649,SH987650648,2026-04-19T04:30:00.000Z,Sara Ali,9700000108,customer649@example.com,"House 36, Block A, Ahmedabad Residency, Sector 1",Near main market,380015,Ahmedabad,Gujarat,SERUM-VITC,Vitamin C Serum,1,700,Prepaid,Shiprocket,Meta,Meta Glow Offer,Meta,paid,Meta Glow Offer,MET-1008,51,repeat_delivered,Delivered,,0,Delivered
BTY-24650,SH987650649,2026-04-20T05:30:00.000Z,Nisha Nair,9700000109,customer650@example.com,Near temple main road Patna,,800001,Patna,Bihar,KIT-GLOW,Glow Routine Kit,1,1500,Prepaid,Shadowfax,Instagram,Influencer Reel,Instagram,paid,Influencer Reel,INS-1009,58,first_time,Delivered,,0,Delivered