order_id,awb,order_date,customer_name,phone,email,full_address,landmark,pincode,city,state,sku,product_name,quantity,order_value,payment_mode,courier,source_platform,campaign_name,utm_source,utm_medium,utm_campaign,ad_id,gross_margin,customer_type,shipment_status,ndr_reason,attempt_count,final_status
FAS-24001,BL987650000,2026-04-01T04:30:00.000Z,Aarav Sharma,9700000000,customer1@example.com,"House 18, Block A, Surat Residency, Sector 1",,395007,Surat,Gujarat,DENIM-WIDE-30,Wide Fit Denim,2,2000,COD,Bluedart,Meta,Meta COD Scale,Meta,paid,Meta COD Scale,MET-1000,40,repeat_delivered,RTO,Customer not available,2,RTO
FAS-24002,DT987650001,2026-04-02T05:30:00.000Z,Diya Verma,9700000001,customer2@example.com,"House 19, Block B, Ghaziabad Residency, Sector 2",Near main market,201001,Ghaziabad,Uttar Pradesh,KURTI-BLU-M,Blue Printed Kurti,1,1200,Prepaid,DTDC,Instagram,Influencer Drop,Instagram,paid,Influencer Drop,INS-1001,43,first_time,RTO,Incorrect address,3,RTO
FAS-24003,SH987650002,2026-04-03T06:30:00.000Z,Kabir Khan,9700000002,customer3@example.com,"House 20, Block C, Bengaluru Residency, Sector 3",Near main market,560095,Bengaluru,Karnataka,DRESS-RED-S,Red Summer Dress,1,2500,Prepaid,Shadowfax,Shopify,Google Brand Search,Google,paid,Google Brand Search,GOO-1002,56,first_time,Delivered,,0,Delivered
FAS-24004,SH987650003,2026-04-04T07:30:00.000Z,Ananya Iyer,9700000003,customer4@example.com,"House 21, Block D, Ahmedabad Residency, Sector 4",Near main market,380015,Ahmedabad,Gujarat,TSH-BLK-L,Oversized Black Tee,1,850,Prepaid,Shadowfax,WhatsApp,WhatsApp Repeat Buyers,WhatsApp,crm,WhatsApp Repeat Buyers,WHA-1003,46,first_time,Delivered,,0,Delivered
FAS-24005,XP987650004,2026-04-05T08:30:00.000Z,Riya Patel,9700000004,customer5@example.com,"House 22, Block E, Jaipur Residency, Sector 5",Near main market,302001,Jaipur,Rajasthan,COORD-GRN-M,Green Co-ord Set,1,2150,COD,Xpressbees,Meta,Meta COD Scale,Meta,paid,Meta COD Scale,MET-1004,39,repeat_delivered,RTO,Customer refused delivery,2,RTO
FAS-24006,DT987650005,2026-04-06T09:30:00.000Z,Vivaan Rao,9700000005,customer6@example.com,"House 23, Block F, Pune Residency, Sector 6",,411045,Pune,Maharashtra,DENIM-WIDE-30,Wide Fit Denim,1,1950,COD,DTDC,Instagram,Influencer Drop,Instagram,paid,Influencer Drop,INS-1005,45,first_time,RTO,Cash not ready,3,RTO
FAS-24007,DT987650006,2026-04-07T10:30:00.000Z,Meera Singh,9700000006,customer7@example.com,"House 24, Block A, Lucknow Residency, Sector 7",Near main market,226010,Lucknow,Uttar Pradesh,KURTI-BLU-M,Blue Printed Kurti,1,1350,COD,DTDC,Shopify,Google Brand Search,Google,paid,Google Brand Search,GOO-1006,47,first_time,Undelivered,Customer requested future delivery,1,In NDR
FAS-24008,EK987650007,2026-04-08T11:30:00.000Z,Ishaan Gupta,9700000007,customer8@example.com,Near temple main road Patna,,800001,Patna,Bihar,DRESS-RED-S,Red Summer Dress,1,2350,COD,Ekart,WhatsApp,WhatsApp Repeat Buyers,WhatsApp,crm,WhatsApp Repeat Buyers,WHA-1007,50,first_time,RTO,Customer not available,3,RTO
FAS-24009,XP987650008,2026-04-09T12:30:00.000Z,Sara Ali,9700000008,customer9@example.com,"House 26, Block C, Indore Residency, Sector 9",Near main market,452010,Indore,Madhya Pradesh,TSH-BLK-L,Oversized Black Tee,1,750,Prepaid,Xpressbees,Meta,Meta COD Scale,Meta,paid,Meta COD Scale,MET-1008,52,repeat_delivered,Undelivered,Incorrect address,1,In NDR
FAS-24010,BL987650009,2026-04-10T13:30:00.000Z,Nisha Nair,9700000009,customer10@example.com,"House 27, Block D, Surat Residency, Sector 10",Near main market,395007,Surat,Gujarat,COORD-GRN-M,Green Co-ord Set,1,2400,Prepaid,Bluedart,Instagram,Influencer Drop,Instagram,paid,Influencer Drop,INS-1009,58,first_time,RTO,No response on phone,3,RTO
FAS-24011,SH987650010,2026-04-11T14:30:00.000Z,Aarav Sharma,9700000010,customer11@example.com,"House 28, Block E, Hyderabad Residency, Sector 11",,500081,Hyderabad,Telangana,DENIM-WIDE-30,Wide Fit Denim,1,1750,Prepaid,Shadowfax,Shopify,Google Brand Search,Google,paid,Google Brand Search,GOO-1010,52,first_time,RTO,Door locked,2,RTO
FAS-24012,SH987650011,2026-04-12T15:30:00.000Z,Diya Verma,9700000011,customer12@example.com,"House 29, Block F, Patna Residency, Sector 12",Near main market,800001,Patna,Bihar,KURTI-BLU-M,Blue Printed Kurti,1,1250,COD,Shadowfax,WhatsApp,WhatsApp Repeat Buyers,WhatsApp,crm,WhatsApp Repeat Buyers,WHA-1011,40,first_time,Undelivered,Customer refused delivery,2,In NDR
FAS-24013,SH987650012,2026-04-13T04:30:00.000Z,Kabir Khan,9700000012,customer13@example.com,"House 30, Block A, Chennai Residency, Sector 1",Near main market,600042,Chennai,Tamil Nadu,DRESS-RED-S,Red Summer Dress,1,2450,Prepaid,Shadowfax,Meta,Meta COD Scale,Meta,paid,Meta COD Scale,MET-1012,41,repeat_delivered,RTO,Cash not ready,2,RTO
FAS-24014,BL987650013,2026-04-14T05:30:00.000Z,Ananya Iyer,9700000013,customer14@example.com,"House 31, Block B, Ghaziabad Residency, Sector 2",Near main market,201001,Ghaziabad,Uttar Pradesh,TSH-BLK-L,Oversized Black Tee,1,750,COD,Bluedart,Instagram,Influencer Drop,Instagram,paid,Influencer Drop,INS-1013,44,first_time,Undelivered,Customer requested future delivery,2,In NDR
FAS-24015,DT987650014,2026-04-15T06:30:00.000Z,Riya Patel,9700000014,customer15@example.com,"House 32, Block C, Patna Residency, Sector 3",Near main market,800001,Patna,Bihar,COORD-GRN-M,Green Co-ord Set,1,2350,COD,DTDC,Shopify,Google Brand Search,Google,paid,Google Brand Search,GOO-1014,53,first_time,Delivered,,0,Delivered
FAS-24016,EK987650015,2026-04-16T07:30:00.000Z,Vivaan Rao,9700000015,customer16@example.com,"House 33, Block D, Ghaziabad Residency, Sector 4",,201001,Ghaziabad,Uttar Pradesh,DENIM-WIDE-30,Wide Fit Denim,1,2050,Prepaid,Ekart,WhatsApp,WhatsApp Repeat Buyers,WhatsApp,crm,WhatsApp Repeat Buyers,WHA-1015,47,first_time,Delivered,,0,Delivered
FAS-24017,DE987650016,2026-04-17T08:30:00.000Z,Meera Singh,9700000016,customer17@example.com,Near temple main road Surat,,395007,Surat,Gujarat,KURTI-BLU-M,Blue Printed Kurti,1,1250,COD,Delhivery,Meta,Meta COD Scale,Meta,paid,Meta COD Scale,MET-1016,38,repeat_delivered,RTO,No response on phone,2,RTO
FAS-24018,EK987650017,2026-04-18T09:30:00.000Z,Ishaan Gupta,9700000017,customer18@example.com,"House 35, Block F, Ghaziabad Residency, Sector 6",Near main market,201001,Ghaziabad,Uttar Pradesh,DRESS-RED-S,Red Summer Dress,1,2450,COD,Ekart,Instagram,Influencer Drop,Instagram,paid,Influencer Drop,INS-1017,43,first_time,RTO,Door locked,3,RTO
FAS-24019,SH987650018,2026-04-19T10:30:00.000Z,Sara Ali,9700000018,customer19@example.com,"House 36, Block A, Lucknow Residency, Sector 7",Near main market,226010,Lucknow,Uttar Pradesh,TSH-BLK-L,Oversized Black Tee,1,850,COD,Shiprocket,Shopify,Google Brand Search,Google,paid,Google Brand Search,GOO-1018,58,first_time,Delivered,,0,Delivered
FAS-24020,BL987650019,2026-04-20T11:30:00.000Z,Nisha Nair,9700000019,customer20@example.com,"House 37, Block B, Patna Residency, Sector 8",Near main market,800001,Patna,Bihar,COORD-GRN-M,Green Co-ord Set,1,2250,Prepaid,Bluedart,WhatsApp,WhatsApp Repeat Buyers,WhatsApp,crm,WhatsApp Repeat Buyers,WHA-1019,49,first_time,Delivered,,0,Delivered
FAS-24021,DE987650020,2026-04-21T12:30:00.000Z,Aarav Sharma,9700000020,customer21@example.com,"House 38, Block C, Pune Residency, Sector 9",,411045,Pune,Maharashtra,DENIM-WIDE-30,Wide Fit Denim,1,1750,COD,Delhivery,Meta,Meta COD Scale,Meta,paid,Meta COD Scale,MET-1020,43,repeat_delivered,Undelivered,Customer requested future delivery,1,In NDR
FAS-24022,SH987650021,2026-04-22T13:30:00.000Z,Diya Verma,9700000021,customer22@example.com,Near temple main road Ghaziabad,,201001,Ghaziabad,Uttar Pradesh,KURTI-BLU-M,Blue Printed Kurti,1,1250,Prepaid,Shiprocket,Instagram,Influencer Drop,Instagram,paid,Influencer Drop,INS-1021,53,first_time,RTO,Customer not available,3,RTO
FAS-24023,DE987650022,2026-04-23T14:30:00.000Z,Kabir Khan,9700000022,customer23@example.com,Near temple main road Lucknow,,226010,Lucknow,Uttar Pradesh,DRESS-RED-S,Red Summer Dress,1,2650,COD,Delhivery,Shopify,Google Brand Search,Google,paid,Google Brand Search,GOO-1022,41,first_time,Cancelled,,0,Cancelled before shipping
FAS-24024,BL987650023,2026-04-24T15:30:00.000Z,Ananya Iyer,9700000023,customer24@example.com,Near temple main road Patna,,800001,Patna,Bihar,TSH-BLK-L,Oversized Black Tee,1,750,COD,Bluedart,WhatsApp,WhatsApp Repeat Buyers,WhatsApp,crm,WhatsApp Repeat Buyers,WHA-1023,45,first_time,Undelivered,No response on phone,2,In NDR
FAS-24025,XP987650024,2026-04-25T04:30:00.000Z,Riya Patel,9700000024,customer25@example.com,"House 42, Block A, Surat Residency, Sector 1",Near main market,395007,Surat,Gujarat,COORD-GRN-M,Green Co-ord Set,1,2450,COD,Xpressbees,Meta,Meta COD Scale,Meta,paid,Meta COD Scale,MET-1024,57,repeat_delivered,Undelivered,Door locked,1,In NDR
FAS-24026,DE987650025,2026-04-26T05:30:00.000Z,Vivaan Rao,9700000025,customer26@example.com,"House 43, Block B, Hyderabad Residency, Sector 2",,500081,Hyderabad,Telangana,DENIM-WIDE-30,Wide Fit Denim,1,2000,Prepaid,Delhivery,Instagram,Influencer Drop,Instagram,paid,Influencer Drop,INS-1025,41,first_time,RTO,Customer refused delivery,3,RTO
FAS-24027,SH987650026,2026-04-27T06:30:00.000Z,Meera Singh,9700000026,customer27@example.com,"House 44, Block C, Mumbai Residency, Sector 3",Near main market,400053,Mumbai,Maharashtra,KURTI-BLU-M,Blue Printed Kurti,1,1200,COD,Shiprocket,Shopify,Google Brand Search,Google,paid,Google Brand Search,GOO-1026,50,first_time,Delivered,,0,Delivered
FAS-24028,SH987650027,2026-04-28T07:30:00.000Z,Ishaan Gupta,9700000027,customer28@example.com,"House 45, Block D, Chennai Residency, Sector 4",Near main market,600042,Chennai,Tamil Nadu,DRESS-RED-S,Red Summer Dress,1,2450,COD,Shiprocket,WhatsApp,WhatsApp Repeat Buyers,WhatsApp,crm,WhatsApp Repeat Buyers,WHA-1027,56,first_time,Delivered,,0,Delivered
FAS-24029,DT987650028,2026-04-29T08:30:00.000Z,Sara Ali,9700000028,customer29@example.com,"House 46, Block E, Surat Residency, Sector 5",Near main market,395007,Surat,Gujarat,TSH-BLK-L,Oversized Black Tee,1,850,COD,DTDC,Meta,Meta COD Scale,Meta,paid,Meta COD Scale,MET-1028,53,repeat_delivered,RTO,Customer not available,2,RTO
FAS-24030,XP987650029,2026-04-30T09:30:00.000Z,Nisha Nair,9700000029,customer30@example.com,"House 47, Block F, Patna Residency, Sector 6",Near main market,800001,Patna,Bihar,COORD-GRN-M,Green Co-ord Set,2,2250,COD,Xpressbees,Instagram,Influencer Drop,Instagram,paid,Influencer Drop,INS-1029,57,first_time,RTO,Incorrect address,3,RTO
FAS-24031,BL987650030,2026-04-01T10:30:00.000Z,Aarav Sharma,9700000030,customer31@example.com,"House 48, Block A, Lucknow Residency, Sector 7",,226010,Lucknow,Uttar Pradesh,DENIM-WIDE-30,Wide Fit Denim,1,1750,Prepaid,Bluedart,Shopify,Google Brand Search,Google,paid,Google Brand Search,GOO-1030,57,first_time,Delivered,,0,Delivered
FAS-24032,SH987650031,2026-04-02T11:30:00.000Z,Diya Verma,9700000031,customer32@example.com,"House 49, Block B, Delhi Residency, Sector 8",Near main market,110024,Delhi,Delhi,KURTI-BLU-M,Blue Printed Kurti,1,1250,COD,Shadowfax,WhatsApp,WhatsApp Repeat Buyers,WhatsApp,crm,WhatsApp Repeat Buyers,WHA-1031,57,first_time,Delivered,,0,Delivered
FAS-24033,DE987650032,2026-04-03T12:30:00.000Z,Kabir Khan,9700000032,customer33@example.com,"House 50, Block C, Bengaluru Residency, Sector 9",Near main market,560095,Bengaluru,Karnataka,DRESS-RED-S,Red Summer Dress,1,2300,COD,Delhivery,Meta,Meta COD Scale,Meta,paid,Meta COD Scale,MET-1032,50,repeat_delivered,Undelivered,Customer refused delivery,1,In NDR
FAS-24034,BL987650033,2026-04-04T13:30:00.000Z,Ananya Iyer,9700000033,customer34@example.com,"House 51, Block D, Ahmedabad Residency, Sector 10",Near main market,380015,Ahmedabad,Gujarat,TSH-BLK-L,Oversized Black Tee,1,800,COD,Bluedart,Instagram,Influencer Drop,Instagram,paid,Influencer Drop,INS-1033,49,first_time,Undelivered,Cash not ready,2,In NDR
FAS-24035,EK987650034,2026-04-05T14:30:00.000Z,Riya Patel,9700000034,customer35@example.com,"House 52, Block E, Lucknow Residency, Sector 11",Near main market,226010,Lucknow,Uttar Pradesh,COORD-GRN-M,Green Co-ord Set,1,2150,Prepaid,Ekart,Shopify,Google Brand Search,Google,paid,Google Brand Search,GOO-1034,58,first_time,Undelivered,Customer requested future delivery,1,In NDR
FAS-24036,XP987650035,2026-04-06T15:30:00.000Z,Vivaan Rao,9700000035,customer36@example.com,"House 53, Block F, Pune Residency, Sector 12",,411045,Pune,Maharashtra,DENIM-WIDE-30,Wide Fit Denim,1,2000,COD,Xpressbees,WhatsApp,WhatsApp Repeat Buyers,WhatsApp,crm,WhatsApp Repeat Buyers,WHA-1035,56,first_time,Delivered,,0,Delivered
FAS-24037,EK987650036,2026-04-07T04:30:00.000Z,Meera Singh,9700000036,customer37@example.com,"House 54, Block A, Kolkata Residency, Sector 1",Near main market,700016,Kolkata,West Bengal,KURTI-BLU-M,Blue Printed Kurti,1,1200,COD,Ekart,Meta,Meta COD Scale,Meta,paid,Meta COD Scale,MET-1036,40,repeat_delivered,Delivered,,0,Delivered
FAS-24038,DT987650037,2026-04-08T05:30:00.000Z,Ishaan Gupta,9700000037,customer38@example.com,"House 55, Block B, Lucknow Residency, Sector 2",Near main market,226010,Lucknow,Uttar Pradesh,DRESS-RED-S,Red Summer Dress,1,2400,COD,DTDC,Instagram,Influencer Drop,Instagram,paid,Influencer Drop,INS-1037,45,first_time,Undelivered,No response on phone,2,In NDR
FAS-24039,SH987650038,2026-04-09T06:30:00.000Z,Sara Ali,9700000038,customer39@example.com,"House 56, Block C, Indore Residency, Sector 3",Near main market,452010,Indore,Madhya Pradesh,TSH-BLK-L,Oversized Black Tee,1,850,Prepaid,Shadowfax,Shopify,Google Brand Search,Google,paid,Google Brand Search,GOO-1038,55,first_time,Undelivered,Door locked,1,In NDR
FAS-24040,EK987650039,2026-04-10T07:30:00.000Z,Nisha Nair,9700000039,customer40@example.com,"House 57, Block D, Surat Residency, Sector 4",Near main market,395007,Surat,Gujarat,COORD-GRN-M,Green Co-ord Set,1,2400,COD,Ekart,WhatsApp,WhatsApp Repeat Buyers,WhatsApp,crm,WhatsApp Repeat Buyers,WHA-1039,48,first_time,Undelivered,Customer refused delivery,2,In NDR
FAS-24041,DT987650040,2026-04-11T08:30:00.000Z,Aarav Sharma,9700000040,customer41@example.com,"House 58, Block E, Hyderabad Residency, Sector 5",,500081,Hyderabad,Telangana,DENIM-WIDE-30,Wide Fit Denim,1,1900,COD,DTDC,Meta,Meta COD Scale,Meta,paid,Meta COD Scale,MET-1040,54,repeat_delivered,RTO,Cash not ready,2,RTO
FAS-24042,XP987650041,2026-04-12T09:30:00.000Z,Diya Verma,9700000041,customer42@example.com,"House 59, Block F, Mumbai Residency, Sector 6",Near main market,400053,Mumbai,Maharashtra,KURTI-BLU-M,Blue Printed Kurti,1,1200,Prepaid,Xpressbees,Instagram,Influencer Drop,Instagram,paid,Influencer Drop,INS-1041,54,first_time,Delivered,,0,Delivered
FAS-24043,BL987650042,2026-04-13T10:30:00.000Z,Kabir Khan,9700000042,customer43@example.com,"House 60, Block A, Chennai Residency, Sector 7",Near main market,600042,Chennai,Tamil Nadu,DRESS-RED-S,Red Summer Dress,1,2600,Prepaid,Bluedart,Shopify,Google Brand Search,Google,paid,Google Brand Search,GOO-1042,39,first_time,Delivered,,0,Delivered
FAS-24044,SH987650043,2026-04-14T11:30:00.000Z,Ananya Iyer,9700000043,customer44@example.com,"House 61, Block B, Bhubaneswar Residency, Sector 8",Near main market,751024,Bhubaneswar,Odisha,TSH-BLK-L,Oversized Black Tee,1,800,COD,Shiprocket,WhatsApp,WhatsApp Repeat Buyers,WhatsApp,crm,WhatsApp Repeat Buyers,WHA-1043,47,first_time,Delivered,,0,Delivered
FAS-24045,BL987650044,2026-04-15T12:30:00.000Z,Riya Patel,9700000044,customer45@example.com,"House 62, Block C, Surat Residency, Sector 9",Near main market,395007,Surat,Gujarat,COORD-GRN-M,Green Co-ord Set,1,2100,COD,Bluedart,Meta,Meta COD Scale,Meta,paid,Meta COD Scale,MET-1044,43,repeat_delivered,Undelivered,No response on phone,1,In NDR
FAS-24046,EK987650045,2026-04-16T13:30:00.000Z,Vivaan Rao,9700000045,customer46@example.com,"House 63, Block D, Ghaziabad Residency, Sector 10",,201001,Ghaziabad,Uttar Pradesh,DENIM-WIDE-30,Wide Fit Denim,1,1900,COD,Ekart,Instagram,Influencer Drop,Instagram,paid,Influencer Drop,INS-1045,53,first_time,Undelivered,Door locked,2,In NDR
FAS-24047,XP987650046,2026-04-17T14:30:00.000Z,Meera Singh,9700000046,customer47@example.com,"House 64, Block E, Delhi Residency, Sector 11",Near main market,110024,Delhi,Delhi,KURTI-BLU-M,Blue Printed Kurti,1,1200,COD,Xpressbees,Shopify,Google Brand Search,Google,paid,Google Brand Search,GOO-1046,55,first_time,RTO,Customer refused delivery,2,RTO
FAS-24048,DE987650047,2026-04-18T15:30:00.000Z,Ishaan Gupta,9700000047,customer48@example.com,"House 65, Block F, Bengaluru Residency, Sector 12",Near main market,560095,Bengaluru,Karnataka,DRESS-RED-S,Red Summer Dress,1,2450,COD,Delhivery,WhatsApp,WhatsApp Repeat Buyers,WhatsApp,crm,WhatsApp Repeat Buyers,WHA-1047,44,first_time,Undelivered,Cash not ready,2,In NDR
FAS-24049,BL987650048,2026-04-19T04:30:00.000Z,Sara Ali,9700000048,customer49@example.com,"House 66, Block A, Ahmedabad Residency, Sector 1",Near main market,380015,Ahmedabad,Gujarat,TSH-BLK-L,Oversized Black Tee,1,800,COD,Bluedart,Meta,Meta COD Scale,Meta,paid,Meta COD Scale,MET-1048,44,repeat_delivered,Undelivered,Customer requested future delivery,1,In NDR
FAS-24050,DE987650049,2026-04-20T05:30:00.000Z,Nisha Nair,9700000049,customer50@example.com,Near temple main road Ghaziabad,,201001,Ghaziabad,Uttar Pradesh,COORD-GRN-M,Green Co-ord Set,1,2200,Prepaid,Delhivery,Instagram,Influencer Drop,Instagram,paid,Influencer Drop,INS-1049,57,first_time,RTO,Customer not available,3,RTO
FAS-24051,DT987650050,2026-04-21T06:30:00.000Z,Aarav Sharma,9700000050,customer51@example.com,Near temple main road Lucknow,,226010,Lucknow,Uttar Pradesh,DENIM-WIDE-30,Wide Fit Denim,1,1900,COD,DTDC,Shopify,Google Brand Search,Google,paid,Google Brand Search,GOO-1050,40,first_time,Undelivered,Incorrect address,1,In NDR
FAS-24052,EK987650051,2026-04-22T07:30:00.000Z,Diya Verma,9700000051,customer52@example.com,"House 69, Block D, Patna Residency, Sector 4",Near main market,800001,Patna,Bihar,KURTI-BLU-M,Blue Printed Kurti,1,1250,Prepaid,Ekart,WhatsApp,WhatsApp Repeat Buyers,WhatsApp,crm,WhatsApp Repeat Buyers,WHA-1051,51,first_time,RTO,No response on phone,3,RTO
FAS-24053,DT987650052,2026-04-23T08:30:00.000Z,Kabir Khan,9700000052,customer53@example.com,Near temple main road Surat,,395007,Surat,Gujarat,DRESS-RED-S,Red Summer Dress,1,2550,COD,DTDC,Meta,Meta COD Scale,Meta,paid,Meta COD Scale,MET-1052,40,repeat_delivered,RTO,Door locked,2,RTO
FAS-24054,DT987650053,2026-04-24T09:30:00.000Z,Ananya Iyer,9700000053,customer54@example.com,"House 71, Block F, Indore Residency, Sector 6",Near main market,452010,Indore,Madhya Pradesh,TSH-BLK-L,Oversized Black Tee,1,800,COD,DTDC,Instagram,Influencer Drop,Instagram,paid,Influencer Drop,INS-1053,54,first_time,RTO,Customer refused delivery,3,RTO
FAS-24055,DE987650054,2026-04-25T10:30:00.000Z,Riya Patel,9700000054,customer55@example.com,"House 72, Block A, Surat Residency, Sector 7",Near main market,395007,Surat,Gujarat,COORD-GRN-M,Green Co-ord Set,1,2150,COD,Delhivery,Shopify,Google Brand Search,Google,paid,Google Brand Search,GOO-1054,48,first_time,RTO,Cash not ready,2,RTO
FAS-24056,SH987650055,2026-04-26T11:30:00.000Z,Vivaan Rao,9700000055,customer56@example.com,"House 73, Block B, Hyderabad Residency, Sector 8",,500081,Hyderabad,Telangana,DENIM-WIDE-30,Wide Fit Denim,1,2050,COD,Shadowfax,WhatsApp,WhatsApp Repeat Buyers,WhatsApp,crm,WhatsApp Repeat Buyers,WHA-1055,41,first_time,Delivered,,0,Delivered
FAS-24057,XP987650056,2026-04-27T12:30:00.000Z,Meera Singh,9700000056,customer57@example.com,"House 74, Block C, Surat Residency, Sector 9",Near main market,395007,Surat,Gujarat,KURTI-BLU-M,Blue Printed Kurti,1,1250,COD,Xpressbees,Meta,Meta COD Scale,Meta,paid,Meta COD Scale,MET-1056,39,repeat_delivered,RTO,Customer not available,2,RTO
FAS-24058,DE987650057,2026-04-28T13:30:00.000Z,Ishaan Gupta,9700000057,customer58@example.com,"House 75, Block D, Chennai Residency, Sector 10",Near main market,600042,Chennai,Tamil Nadu,DRESS-RED-S,Red Summer Dress,1,2400,Prepaid,Delhivery,Instagram,Influencer Drop,Instagram,paid,Influencer Drop,INS-1057,43,first_time,Undelivered,Incorrect address,2,In NDR
FAS-24059,DE987650058,2026-04-29T14:30:00.000Z,Sara Ali,9700000058,customer59@example.com,"House 76, Block E, Lucknow Residency, Sector 11",Near main market,226010,Lucknow,Uttar Pradesh,TSH-BLK-L,Oversized Black Tee,2,850,COD,Delhivery,Shopify,Google Brand Search,Google,paid,Google Brand Search,GOO-1058,57,first_time,RTO,No response on phone,2,RTO
FAS-24060,DT987650059,2026-04-30T15:30:00.000Z,Nisha Nair,9700000059,customer60@example.com,Near temple main road Patna,,800001,Patna,Bihar,COORD-GRN-M,Green Co-ord Set,1,2500,Prepaid,DTDC,WhatsApp,WhatsApp Repeat Buyers,WhatsApp,crm,WhatsApp Repeat Buyers,WHA-1059,56,first_time,Undelivered,Door locked,2,In NDR
FAS-24061,SH987650060,2026-04-01T04:30:00.000Z,Aarav Sharma,9700000060,customer61@example.com,"House 78, Block A, Ghaziabad Residency, Sector 1",,201001,Ghaziabad,Uttar Pradesh,DENIM-WIDE-30,Wide Fit Denim,1,1900,Prepaid,Shiprocket,Meta,Meta COD Scale,Meta,paid,Meta COD Scale,MET-1060,58,repeat_delivered,RTO,Customer refused delivery,2,RTO
FAS-24062,XP987650061,2026-04-02T05:30:00.000Z,Diya Verma,9700000061,customer62@example.com,"House 79, Block B, Delhi Residency, Sector 2",Near main market,110024,Delhi,Delhi,KURTI-BLU-M,Blue Printed Kurti,1,1200,Prepaid,Xpressbees,Instagram,Influencer Drop,Instagram,paid,Influencer Drop,INS-1061,46,first_time,Delivered,,0,Delivered
FAS-24063,DT987650062,2026-04-03T06:30:00.000Z,Kabir Khan,9700000062,customer63@example.com,"House 80, Block C, Lucknow Residency, Sector 3",Near main market,226010,Lucknow,Uttar Pradesh,DRESS-RED-S,Red Summer Dress,1,2300,Prepaid,DTDC,Shopify,Google Brand Search,Google,paid,Google Brand Search,GOO-1062,48,first_time,RTO,Customer requested future delivery,2,RTO
FAS-24064,BL987650063,2026-04-04T07:30:00.000Z,Ananya Iyer,9700000063,customer64@example.com,"House 81, Block D, Patna Residency, Sector 4",Near main market,800001,Patna,Bihar,TSH-BLK-L,Oversized Black Tee,1,850,COD,Bluedart,WhatsApp,WhatsApp Repeat Buyers,WhatsApp,crm,WhatsApp Repeat Buyers,WHA-1063,51,first_time,Delivered,,0,Delivered
FAS-24065,DE987650064,2026-04-05T08:30:00.000Z,Riya Patel,9700000064,customer65@example.com,"House 82, Block E, Jaipur Residency, Sector 5",Near main market,302001,Jaipur,Rajasthan,COORD-GRN-M,Green Co-ord Set,1,2250,COD,Delhivery,Meta,Meta COD Scale,Meta,paid,Meta COD Scale,MET-1064,57,repeat_delivered,RTO,Incorrect address,2,RTO
FAS-24066,BL987650065,2026-04-06T09:30:00.000Z,Vivaan Rao,9700000065,customer66@example.com,Near temple main road Ghaziabad,,201001,Ghaziabad,Uttar Pradesh,DENIM-WIDE-30,Wide Fit Denim,1,1800,COD,Bluedart,Instagram,Influencer Drop,Instagram,paid,Influencer Drop,INS-1065,47,first_time,Undelivered,No response on phone,2,In NDR
FAS-24067,BL987650066,2026-04-07T10:30:00.000Z,Meera Singh,9700000066,customer67@example.com,"House 84, Block A, Kolkata Residency, Sector 7",Near main market,700016,Kolkata,West Bengal,KURTI-BLU-M,Blue Printed Kurti,1,1250,COD,Bluedart,Shopify,Google Brand Search,Google,paid,Google Brand Search,GOO-1066,56,first_time,Undelivered,Door locked,1,In NDR
FAS-24068,XP987650067,2026-04-08T11:30:00.000Z,Ishaan Gupta,9700000067,customer68@example.com,"House 85, Block B, Lucknow Residency, Sector 8",Near main market,226010,Lucknow,Uttar Pradesh,DRESS-RED-S,Red Summer Dress,1,2400,Prepaid,Xpressbees,WhatsApp,WhatsApp Repeat Buyers,WhatsApp,crm,WhatsApp Repeat Buyers,WHA-1067,43,first_time,Delivered,,0,Delivered
FAS-24069,DE987650068,2026-04-09T12:30:00.000Z,Sara Ali,9700000068,customer69@example.com,"House 86, Block C, Indore Residency, Sector 9",Near main market,452010,Indore,Madhya Pradesh,TSH-BLK-L,Oversized Black Tee,1,800,Prepaid,Delhivery,Meta,Meta COD Scale,Meta,paid,Meta COD Scale,MET-1068,55,repeat_delivered,RTO,Cash not ready,2,RTO
FAS-24070,SH987650069,2026-04-10T13:30:00.000Z,Nisha Nair,9700000069,customer70@example.com,"House 87, Block D, Surat Residency, Sector 10",Near main market,395007,Surat,Gujarat,COORD-GRN-M,Green Co-ord Set,1,2400,Prepaid,Shadowfax,Instagram,Influencer Drop,Instagram,paid,Influencer Drop,INS-1069,45,first_time,RTO,Customer requested future delivery,3,RTO
FAS-24071,BL987650070,2026-04-11T14:30:00.000Z,Aarav Sharma,9700000070,customer71@example.com,"House 88, Block E, Lucknow Residency, Sector 11",,226010,Lucknow,Uttar Pradesh,DENIM-WIDE-30,Wide Fit Denim,1,2050,Prepaid,Bluedart,Shopify,Google Brand Search,Google,paid,Google Brand Search,GOO-1070,55,first_time,Undelivered,Customer not available,1,In NDR
FAS-24072,XP987650071,2026-04-12T15:30:00.000Z,Diya Verma,9700000071,customer72@example.com,"House 89, Block F, Mumbai Residency, Sector 12",Near main market,400053,Mumbai,Maharashtra,KURTI-BLU-M,Blue Printed Kurti,1,1250,COD,Xpressbees,WhatsApp,WhatsApp Repeat Buyers,WhatsApp,crm,WhatsApp Repeat Buyers,WHA-1071,45,first_time,Undelivered,Incorrect address,2,In NDR
FAS-24073,XP987650072,2026-04-13T04:30:00.000Z,Kabir Khan,9700000072,customer73@example.com,"House 90, Block A, Chennai Residency, Sector 1",Near main market,600042,Chennai,Tamil Nadu,DRESS-RED-S,Red Summer Dress,1,2550,COD,Xpressbees,Meta,Meta COD Scale,Meta,paid,Meta COD Scale,MET-1072,49,repeat_delivered,RTO,No response on phone,2,RTO
FAS-24074,DT987650073,2026-04-14T05:30:00.000Z,Ananya Iyer,9700000073,customer74@example.com,"House 91, Block B, Bhubaneswar Residency, Sector 2",Near main market,751024,Bhubaneswar,Odisha,TSH-BLK-L,Oversized Black Tee,1,850,COD,DTDC,Instagram,Influencer Drop,Instagram,paid,Influencer Drop,INS-1073,56,first_time,Undelivered,Door locked,2,In NDR
FAS-24075,SH987650074,2026-04-15T06:30:00.000Z,Riya Patel,9700000074,customer75@example.com,"House 92, Block C, Patna Residency, Sector 3",Near main market,800001,Patna,Bihar,COORD-GRN-M,Green Co-ord Set,1,2350,COD,Shadowfax,Shopify,Google Brand Search,Google,paid,Google Brand Search,GOO-1074,57,first_time,Undelivered,Customer refused delivery,1,In NDR
FAS-24076,SH987650075,2026-04-16T07:30:00.000Z,Vivaan Rao,9700000075,customer76@example.com,"House 93, Block D, Patna Residency, Sector 4",,800001,Patna,Bihar,DENIM-WIDE-30,Wide Fit Denim,1,2000,COD,Shadowfax,WhatsApp,WhatsApp Repeat Buyers,WhatsApp,crm,WhatsApp Repeat Buyers,WHA-1075,41,first_time,RTO,Cash not ready,3,RTO
FAS-24077,EK987650076,2026-04-17T08:30:00.000Z,Meera Singh,9700000076,customer77@example.com,"House 94, Block E, Surat Residency, Sector 5",Near main market,395007,Surat,Gujarat,KURTI-BLU-M,Blue Printed Kurti,1,1200,Prepaid,Ekart,Meta,Meta COD Scale,Meta,paid,Meta COD Scale,MET-1076,45,repeat_delivered,Undelivered,Customer requested future delivery,1,In NDR
FAS-24078,SH987650077,2026-04-18T09:30:00.000Z,Ishaan Gupta,9700000077,customer78@example.com,"House 95, Block F, Bengaluru Residency, Sector 6",Near main market,560095,Bengaluru,Karnataka,DRESS-RED-S,Red Summer Dress,1,2450,COD,Shadowfax,Instagram,Influencer Drop,Instagram,paid,Influencer Drop,INS-1077,45,first_time,RTO,Customer not available,3,RTO
FAS-24079,SH987650078,2026-04-19T10:30:00.000Z,Sara Ali,9700000078,customer79@example.com,"House 96, Block A, Ahmedabad Residency, Sector 7",Near main market,380015,Ahmedabad,Gujarat,TSH-BLK-L,Oversized Black Tee,1,750,COD,Shadowfax,Shopify,Google Brand Search,Google,paid,Google Brand Search,GOO-1078,52,first_time,Delivered,,0,Delivered
FAS-24080,SH987650079,2026-04-20T11:30:00.000Z,Nisha Nair,9700000079,customer80@example.com,"House 97, Block B, Jaipur Residency, Sector 8",Near main market,302001,Jaipur,Rajasthan,COORD-GRN-M,Green Co-ord Set,1,2300,COD,Shadowfax,WhatsApp,WhatsApp Repeat Buyers,WhatsApp,crm,WhatsApp Repeat Buyers,WHA-1079,49,first_time,Delivered,,0,Delivered
FAS-24081,DE987650080,2026-04-21T12:30:00.000Z,Aarav Sharma,9700000080,customer81@example.com,Near temple main road Surat,,395007,Surat,Gujarat,DENIM-WIDE-30,Wide Fit Denim,1,1750,COD,Delhivery,Meta,Meta COD Scale,Meta,paid,Meta COD Scale,MET-1000,39,repeat_delivered,Undelivered,Door locked,1,In NDR
FAS-24082,EK987650081,2026-04-22T13:30:00.000Z,Diya Verma,9700000081,customer82@example.com,"House 99, Block D, Kolkata Residency, Sector 10",Near main market,700016,Kolkata,West Bengal,KURTI-BLU-M,Blue Printed Kurti,1,1300,COD,Ekart,Instagram,Influencer Drop,Instagram,paid,Influencer Drop,INS-1001,45,first_time,RTO,Customer refused delivery,3,RTO
FAS-24083,DT987650082,2026-04-23T14:30:00.000Z,Kabir Khan,9700000082,customer83@example.com,"House 100, Block E, Lucknow Residency, Sector 11",Near main market,226010,Lucknow,Uttar Pradesh,DRESS-RED-S,Red Summer Dress,1,2300,Prepaid,DTDC,Shopify,Google Brand Search,Google,paid,Google Brand Search,GOO-1002,49,first_time,RTO,Cash not ready,2,RTO
FAS-24084,SH987650083,2026-04-24T15:30:00.000Z,Ananya Iyer,9700000083,customer84@example.com,"House 101, Block F, Indore Residency, Sector 12",Near main market,452010,Indore,Madhya Pradesh,TSH-BLK-L,Oversized Black Tee,1,750,Prepaid,Shiprocket,WhatsApp,WhatsApp Repeat Buyers,WhatsApp,crm,WhatsApp Repeat Buyers,WHA-1003,56,first_time,Delivered,,0,Delivered
FAS-24085,DE987650084,2026-04-25T04:30:00.000Z,Riya Patel,9700000084,customer85@example.com,"House 102, Block A, Surat Residency, Sector 1",Near main market,395007,Surat,Gujarat,COORD-GRN-M,Green Co-ord Set,1,2400,Prepaid,Delhivery,Meta,Meta COD Scale,Meta,paid,Meta COD Scale,MET-1004,50,repeat_delivered,Delivered,,0,Delivered
FAS-24086,EK987650085,2026-04-26T05:30:00.000Z,Vivaan Rao,9700000085,customer86@example.com,"House 103, Block B, Ghaziabad Residency, Sector 2",,201001,Ghaziabad,Uttar Pradesh,DENIM-WIDE-30,Wide Fit Denim,1,2050,Prepaid,Ekart,Instagram,Influencer Drop,Instagram,paid,Influencer Drop,INS-1005,40,first_time,RTO,Incorrect address,3,RTO
FAS-24087,BL987650086,2026-04-27T06:30:00.000Z,Meera Singh,9700000086,customer87@example.com,"House 104, Block C, Lucknow Residency, Sector 3",Near main market,226010,Lucknow,Uttar Pradesh,KURTI-BLU-M,Blue Printed Kurti,1,1350,COD,Bluedart,Shopify,Google Brand Search,Google,paid,Google Brand Search,GOO-1006,42,first_time,Delivered,,0,Delivered
FAS-24088,SH987650087,2026-04-28T07:30:00.000Z,Ishaan Gupta,9700000087,customer88@example.com,"House 105, Block D, Patna Residency, Sector 4",Near main market,800001,Patna,Bihar,DRESS-RED-S,Red Summer Dress,2,2350,COD,Shiprocket,WhatsApp,WhatsApp Repeat Buyers,WhatsApp,crm,WhatsApp Repeat Buyers,WHA-1007,42,first_time,Cancelled,,0,Cancelled before shipping
FAS-24089,DT987650088,2026-04-29T08:30:00.000Z,Sara Ali,9700000088,customer89@example.com,Near temple main road Surat,,395007,Surat,Gujarat,TSH-BLK-L,Oversized Black Tee,1,800,COD,DTDC,Meta,Meta COD Scale,Meta,paid,Meta COD Scale,MET-1008,48,repeat_delivered,RTO,Customer refused delivery,2,RTO
FAS-24090,BL987650089,2026-04-30T09:30:00.000Z,Nisha Nair,9700000089,customer90@example.com,"House 107, Block F, Patna Residency, Sector 6",Near main market,800001,Patna,Bihar,COORD-GRN-M,Green Co-ord Set,1,2300,COD,Bluedart,Instagram,Influencer Drop,Instagram,paid,Influencer Drop,INS-1009,48,first_time,RTO,Cash not ready,3,RTO
FAS-24091,EK987650090,2026-04-01T10:30:00.000Z,Aarav Sharma,9700000090,customer91@example.com,"House 18, Block A, Ghaziabad Residency, Sector 7",,201001,Ghaziabad,Uttar Pradesh,DENIM-WIDE-30,Wide Fit Denim,1,2000,COD,Ekart,Shopify,Google Brand Search,Google,paid,Google Brand Search,GOO-1010,54,first_time,Undelivered,Customer requested future delivery,1,In NDR
FAS-24092,XP987650091,2026-04-02T11:30:00.000Z,Diya Verma,9700000091,customer92@example.com,"House 19, Block B, Delhi Residency, Sector 8",Near main market,110024,Delhi,Delhi,KURTI-BLU-M,Blue Printed Kurti,1,1350,COD,Xpressbees,WhatsApp,WhatsApp Repeat Buyers,WhatsApp,crm,WhatsApp Repeat Buyers,WHA-1011,53,first_time,RTO,Customer not available,3,RTO
FAS-24093,SH987650092,2026-04-03T12:30:00.000Z,Kabir Khan,9700000092,customer93@example.com,"House 20, Block C, Bengaluru Residency, Sector 9",Near main market,560095,Bengaluru,Karnataka,DRESS-RED-S,Red Summer Dress,1,2400,COD,Shiprocket,Meta,Meta COD Scale,Meta,paid,Meta COD Scale,MET-1012,42,repeat_delivered,RTO,Incorrect address,2,RTO
FAS-24094,SH987650093,2026-04-04T13:30:00.000Z,Ananya Iyer,9700000093,customer94@example.com,"House 21, Block D, Ahmedabad Residency, Sector 10",Near main market,380015,Ahmedabad,Gujarat,TSH-BLK-L,Oversized Black Tee,1,750,COD,Shadowfax,Instagram,Influencer Drop,Instagram,paid,Influencer Drop,INS-1013,46,first_time,Delivered,,0,Delivered
FAS-24095,BL987650094,2026-04-05T14:30:00.000Z,Riya Patel,9700000094,customer95@example.com,"House 22, Block E, Lucknow Residency, Sector 11",Near main market,226010,Lucknow,Uttar Pradesh,COORD-GRN-M,Green Co-ord Set,1,2400,COD,Bluedart,Shopify,Google Brand Search,Google,paid,Google Brand Search,GOO-1014,53,first_time,Delivered,,0,Delivered
FAS-24096,SH987650095,2026-04-06T15:30:00.000Z,Vivaan Rao,9700000095,customer96@example.com,Near temple main road Patna,,800001,Patna,Bihar,DENIM-WIDE-30,Wide Fit Denim,1,1900,Prepaid,Shadowfax,WhatsApp,WhatsApp Repeat Buyers,WhatsApp,crm,WhatsApp Repeat Buyers,WHA-1015,43,first_time,Delivered,,0,Delivered
FAS-24097,DE987650096,2026-04-07T04:30:00.000Z,Meera Singh,9700000096,customer97@example.com,"House 24, Block A, Kolkata Residency, Sector 1",Near main market,700016,Kolkata,West Bengal,KURTI-BLU-M,Blue Printed Kurti,1,1350,Prepaid,Delhivery,Meta,Meta COD Scale,Meta,paid,Meta COD Scale,MET-1016,46,repeat_delivered,RTO,Cash not ready,2,RTO
FAS-24098,DE987650097,2026-04-08T05:30:00.000Z,Ishaan Gupta,9700000097,customer98@example.com,"House 25, Block B, Ghaziabad Residency, Sector 2",Near main market,201001,Ghaziabad,Uttar Pradesh,DRESS-RED-S,Red Summer Dress,1,2350,COD,Delhivery,Instagram,Influencer Drop,Instagram,paid,Influencer Drop,INS-1017,45,first_time,RTO,Customer requested future delivery,3,RTO
FAS-24099,EK987650098,2026-04-09T06:30:00.000Z,Sara Ali,9700000098,customer99@example.com,"House 26, Block C, Lucknow Residency, Sector 3",Near main market,226010,Lucknow,Uttar Pradesh,TSH-BLK-L,Oversized Black Tee,1,800,COD,Ekart,Shopify,Google Brand Search,Google,paid,Google Brand Search,GOO-1018,57,first_time,RTO,Customer not available,2,RTO
FAS-24100,BL987650099,2026-04-10T07:30:00.000Z,Nisha Nair,9700000099,customer100@example.com,"House 27, Block D, Patna Residency, Sector 4",Near main market,800001,Patna,Bihar,COORD-GRN-M,Green Co-ord Set,1,2450,Prepaid,Bluedart,WhatsApp,WhatsApp Repeat Buyers,WhatsApp,crm,WhatsApp Repeat Buyers,WHA-1019,57,first_time,Undelivered,Incorrect address,2,In NDR
FAS-24101,SH987650100,2026-04-11T08:30:00.000Z,Aarav Sharma,9700000100,customer101@example.com,"House 28, Block E, Hyderabad Residency, Sector 5",,500081,Hyderabad,Telangana,DENIM-WIDE-30,Wide Fit Denim,1,1800,Prepaid,Shadowfax,Meta,Meta COD Scale,Meta,paid,Meta COD Scale,MET-1020,47,repeat_delivered,RTO,No response on phone,2,RTO
FAS-24102,XP987650101,2026-04-12T09:30:00.000Z,Diya Verma,9700000101,customer102@example.com,Near temple main road Ghaziabad,,201001,Ghaziabad,Uttar Pradesh,KURTI-BLU-M,Blue Printed Kurti,1,1200,COD,Xpressbees,Instagram,Influencer Drop,Instagram,paid,Influencer Drop,INS-1021,52,first_time,RTO,Door locked,3,RTO
FAS-24103,DT987650102,2026-04-13T10:30:00.000Z,Kabir Khan,9700000102,customer103@example.com,"House 30, Block A, Chennai Residency, Sector 7",Near main market,600042,Chennai,Tamil Nadu,DRESS-RED-S,Red Summer Dress,1,2400,COD,DTDC,Shopify,Google Brand Search,Google,paid,Google Brand Search,GOO-1022,44,first_time,Undelivered,Customer refused delivery,1,In NDR
FAS-24104,XP987650103,2026-04-14T11:30:00.000Z,Ananya Iyer,9700000103,customer104@example.com,Near temple main road Patna,,800001,Patna,Bihar,TSH-BLK-L,Oversized Black Tee,1,750,Prepaid,Xpressbees,WhatsApp,WhatsApp Repeat Buyers,WhatsApp,crm,WhatsApp Repeat Buyers,WHA-1023,51,first_time,RTO,Cash not ready,3,RTO
FAS-24105,XP987650104,2026-04-15T12:30:00.000Z,Riya Patel,9700000104,customer105@example.com,"House 32, Block C, Patna Residency, Sector 9",Near main market,800001,Patna,Bihar,COORD-GRN-M,Green Co-ord Set,1,2250,COD,Xpressbees,Meta,Meta COD Scale,Meta,paid,Meta COD Scale,MET-1024,45,repeat_delivered,RTO,Customer requested future delivery,2,RTO
FAS-24106,SH987650105,2026-04-16T13:30:00.000Z,Vivaan Rao,9700000105,customer106@example.com,"House 33, Block D, Ghaziabad Residency, Sector 10",,201001,Ghaziabad,Uttar Pradesh,DENIM-WIDE-30,Wide Fit Denim,1,1800,COD,Shadowfax,Instagram,Influencer Drop,Instagram,paid,Influencer Drop,INS-1025,39,first_time,Undelivered,Customer not available,2,In NDR
FAS-24107,DE987650106,2026-04-17T14:30:00.000Z,Meera Singh,9700000106,customer107@example.com,"House 34, Block E, Delhi Residency, Sector 11",Near main market,110024,Delhi,Delhi,KURTI-BLU-M,Blue Printed Kurti,1,1300,Prepaid,Delhivery,Shopify,Google Brand Search,Google,paid,Google Brand Search,GOO-1026,44,first_time,Delivered,,0,Delivered
FAS-24108,DT987650107,2026-04-18T15:30:00.000Z,Ishaan Gupta,9700000107,customer108@example.com,"House 35, Block F, Bengaluru Residency, Sector 12",Near main market,560095,Bengaluru,Karnataka,DRESS-RED-S,Red Summer Dress,1,2300,COD,DTDC,WhatsApp,WhatsApp Repeat Buyers,WhatsApp,crm,WhatsApp Repeat Buyers,WHA-1027,46,first_time,Delivered,,0,Delivered
FAS-24109,XP987650108,2026-04-19T04:30:00.000Z,Sara Ali,9700000108,customer109@example.com,Near temple main road Surat,,395007,Surat,Gujarat,TSH-BLK-L,Oversized Black Tee,1,800,COD,Xpressbees,Meta,Meta COD Scale,Meta,paid,Meta COD Scale,MET-1028,40,repeat_delivered,RTO,Door locked,2,RTO
FAS-24110,XP987650109,2026-04-20T05:30:00.000Z,Nisha Nair,9700000109,customer110@example.com,"House 37, Block B, Ghaziabad Residency, Sector 2",Near main market,201001,Ghaziabad,Uttar Pradesh,COORD-GRN-M,Green Co-ord Set,1,2250,Prepaid,Xpressbees,Instagram,Influencer Drop,Instagram,paid,Influencer Drop,INS-1029,38,first_time,RTO,Customer refused delivery,3,RTO
FAS-24111,EK987650110,2026-04-21T06:30:00.000Z,Aarav Sharma,9700000110,customer111@example.com,"House 38, Block C, Pune Residency, Sector 3",,411045,Pune,Maharashtra,DENIM-WIDE-30,Wide Fit Denim,1,1850,COD,Ekart,Shopify,Google Brand Search,Google,paid,Google Brand Search,GOO-1030,49,first_time,RTO,Cash not ready,2,RTO
FAS-24112,BL987650111,2026-04-22T07:30:00.000Z,Diya Verma,9700000111,customer112@example.com,"House 39, Block D, Kolkata Residency, Sector 4",Near main market,700016,Kolkata,West Bengal,KURTI-BLU-M,Blue Printed Kurti,1,1250,COD,Bluedart,WhatsApp,WhatsApp Repeat Buyers,WhatsApp,crm,WhatsApp Repeat Buyers,WHA-1031,57,first_time,Delivered,,0,Delivered
FAS-24113,BL987650112,2026-04-23T08:30:00.000Z,Kabir Khan,9700000112,customer113@example.com,"House 40, Block E, Lucknow Residency, Sector 5",Near main market,226010,Lucknow,Uttar Pradesh,DRESS-RED-S,Red Summer Dress,1,2600,COD,Bluedart,Meta,Meta COD Scale,Meta,paid,Meta COD Scale,MET-1032,44,repeat_delivered,RTO,Customer not available,2,RTO
FAS-24114,SH987650113,2026-04-24T09:30:00.000Z,Ananya Iyer,9700000113,customer114@example.com,"House 41, Block F, Indore Residency, Sector 6",Near main market,452010,Indore,Madhya Pradesh,TSH-BLK-L,Oversized Black Tee,1,750,COD,Shiprocket,Instagram,Influencer Drop,Instagram,paid,Influencer Drop,INS-1033,55,first_time,Delivered,,0,Delivered
FAS-24115,EK987650114,2026-04-25T10:30:00.000Z,Riya Patel,9700000114,customer115@example.com,"House 42, Block A, Surat Residency, Sector 7",Near main market,395007,Surat,Gujarat,COORD-GRN-M,Green Co-ord Set,1,2250,Prepaid,Ekart,Shopify,Google Brand Search,Google,paid,Google Brand Search,GOO-1034,57,first_time,Undelivered,No response on phone,1,In NDR
FAS-24116,SH987650115,2026-04-26T11:30:00.000Z,Vivaan Rao,9700000115,customer116@example.com,Near temple main road Patna,,800001,Patna,Bihar,DENIM-WIDE-30,Wide Fit Denim,1,2000,COD,Shadowfax,WhatsApp,WhatsApp Repeat Buyers,WhatsApp,crm,WhatsApp Repeat Buyers,WHA-1035,54,first_time,Delivered,,0,Delivered
FAS-24117,SH987650116,2026-04-27T12:30:00.000Z,Meera Singh,9700000116,customer117@example.com,"House 44, Block C, Surat Residency, Sector 9",Near main market,395007,Surat,Gujarat,KURTI-BLU-M,Blue Printed Kurti,2,1400,COD,Shiprocket,Meta,Meta COD Scale,Meta,paid,Meta COD Scale,MET-1036,43,repeat_delivered,Undelivered,Customer refused delivery,1,In NDR
FAS-24118,BL987650117,2026-04-28T13:30:00.000Z,Ishaan Gupta,9700000117,customer118@example.com,"House 45, Block D, Chennai Residency, Sector 10",Near main market,600042,Chennai,Tamil Nadu,DRESS-RED-S,Red Summer Dress,1,2600,COD,Bluedart,Instagram,Influencer Drop,Instagram,paid,Influencer Drop,INS-1037,42,first_time,RTO,Cash not ready,3,RTO
FAS-24119,DE987650118,2026-04-29T14:30:00.000Z,Sara Ali,9700000118,customer119@example.com,"House 46, Block E, Bhubaneswar Residency, Sector 11",Near main market,751024,Bhubaneswar,Odisha,TSH-BLK-L,Oversized Black Tee,1,750,COD,Delhivery,Shopify,Google Brand Search,Google,paid,Google Brand Search,GOO-1038,56,first_time,Undelivered,Customer requested future delivery,1,In NDR
FAS-24120,DT987650119,2026-04-30T15:30:00.000Z,Nisha Nair,9700000119,customer120@example.com,"House 47, Block F, Patna Residency, Sector 12",Near main market,800001,Patna,Bihar,COORD-GRN-M,Green Co-ord Set,1,2400,Prepaid,DTDC,WhatsApp,WhatsApp Repeat Buyers,WhatsApp,crm,WhatsApp Repeat Buyers,WHA-1039,42,first_time,Delivered,,0,Delivered
FAS-24121,XP987650120,2026-04-01T04:30:00.000Z,Aarav Sharma,9700000120,customer121@example.com,Near temple main road Surat,,395007,Surat,Gujarat,DENIM-WIDE-30,Wide Fit Denim,1,1800,COD,Xpressbees,Meta,Meta COD Scale,Meta,paid,Meta COD Scale,MET-1040,44,repeat_delivered,RTO,Incorrect address,2,RTO
FAS-24122,XP987650121,2026-04-02T05:30:00.000Z,Diya Verma,9700000121,customer122@example.com,"House 49, Block B, Delhi Residency, Sector 2",Near main market,110024,Delhi,Delhi,KURTI-BLU-M,Blue Printed Kurti,1,1350,COD,Xpressbees,Instagram,Influencer Drop,Instagram,paid,Influencer Drop,INS-1041,47,first_time,RTO,No response on phone,3,RTO
FAS-24123,BL987650122,2026-04-03T06:30:00.000Z,Kabir Khan,9700000122,customer123@example.com,"House 50, Block C, Bengaluru Residency, Sector 3",Near main market,560095,Bengaluru,Karnataka,DRESS-RED-S,Red Summer Dress,1,2650,COD,Bluedart,Shopify,Google Brand Search,Google,paid,Google Brand Search,GOO-1042,39,first_time,RTO,Door locked,2,RTO
FAS-24124,BL987650123,2026-04-04T07:30:00.000Z,Ananya Iyer,9700000123,customer124@example.com,"House 51, Block D, Patna Residency, Sector 4",Near main market,800001,Patna,Bihar,TSH-BLK-L,Oversized Black Tee,1,750,Prepaid,Bluedart,WhatsApp,WhatsApp Repeat Buyers,WhatsApp,crm,WhatsApp Repeat Buyers,WHA-1043,53,first_time,Undelivered,Customer refused delivery,2,In NDR
FAS-24125,DE987650124,2026-04-05T08:30:00.000Z,Riya Patel,9700000124,customer125@example.com,"House 52, Block E, Surat Residency, Sector 5",Near main market,395007,Surat,Gujarat,COORD-GRN-M,Green Co-ord Set,1,2250,COD,Delhivery,Meta,Meta COD Scale,Meta,paid,Meta COD Scale,MET-1044,45,repeat_delivered,Undelivered,Cash not ready,1,In NDR
FAS-24126,DE987650125,2026-04-06T09:30:00.000Z,Vivaan Rao,9700000125,customer126@example.com,"House 53, Block F, Pune Residency, Sector 6",,411045,Pune,Maharashtra,DENIM-WIDE-30,Wide Fit Denim,1,1750,COD,Delhivery,Instagram,Influencer Drop,Instagram,paid,Influencer Drop,INS-1045,55,first_time,RTO,Customer requested future delivery,3,RTO
FAS-24127,SH987650126,2026-04-07T10:30:00.000Z,Meera Singh,9700000126,customer127@example.com,"House 54, Block A, Lucknow Residency, Sector 7",Near main market,226010,Lucknow,Uttar Pradesh,KURTI-BLU-M,Blue Printed Kurti,1,1200,Prepaid,Shadowfax,Shopify,Google Brand Search,Google,paid,Google Brand Search,GOO-1046,55,first_time,RTO,Customer not available,2,RTO
FAS-24128,SH987650127,2026-04-08T11:30:00.000Z,Ishaan Gupta,9700000127,customer128@example.com,"House 55, Block B, Lucknow Residency, Sector 8",Near main market,226010,Lucknow,Uttar Pradesh,DRESS-RED-S,Red Summer Dress,1,2650,COD,Shadowfax,WhatsApp,WhatsApp Repeat Buyers,WhatsApp,crm,WhatsApp Repeat Buyers,WHA-1047,38,first_time,Undelivered,Incorrect address,2,In NDR
FAS-24129,DT987650128,2026-04-09T12:30:00.000Z,Sara Ali,9700000128,customer129@example.com,"House 56, Block C, Indore Residency, Sector 9",Near main market,452010,Indore,Madhya Pradesh,TSH-BLK-L,Oversized Black Tee,1,850,COD,DTDC,Meta,Meta COD Scale,Meta,paid,Meta COD Scale,MET-1048,42,repeat_delivered,Cancelled,,0,Cancelled before shipping
FAS-24130,SH987650129,2026-04-10T13:30:00.000Z,Nisha Nair,9700000129,customer130@example.com,"House 57, Block D, Ghaziabad Residency, Sector 10",Near main market,201001,Ghaziabad,Uttar Pradesh,COORD-GRN-M,Green Co-ord Set,1,2200,COD,Shadowfax,Instagram,Influencer Drop,Instagram,paid,Influencer Drop,INS-1049,40,first_time,Undelivered,Door locked,2,In NDR
FAS-24131,BL987650130,2026-04-11T14:30:00.000Z,Aarav Sharma,9700000130,customer131@example.com,"House 58, Block E, Hyderabad Residency, Sector 11",,500081,Hyderabad,Telangana,DENIM-WIDE-30,Wide Fit Denim,1,2050,COD,Bluedart,Shopify,Google Brand Search,Google,paid,Google Brand Search,GOO-1050,51,first_time,RTO,Customer refused delivery,2,RTO
FAS-24132,DT987650131,2026-04-12T15:30:00.000Z,Diya Verma,9700000131,customer132@example.com,"House 59, Block F, Mumbai Residency, Sector 12",Near main market,400053,Mumbai,Maharashtra,KURTI-BLU-M,Blue Printed Kurti,1,1300,Prepaid,DTDC,WhatsApp,WhatsApp Repeat Buyers,WhatsApp,crm,WhatsApp Repeat Buyers,WHA-1051,44,first_time,Delivered,,0,Delivered
FAS-24133,DT987650132,2026-04-13T04:30:00.000Z,Kabir Khan,9700000132,customer133@example.com,"House 60, Block A, Chennai Residency, Sector 1",Near main market,600042,Chennai,Tamil Nadu,DRESS-RED-S,Red Summer Dress,1,2550,COD,DTDC,Meta,Meta COD Scale,Meta,paid,Meta COD Scale,MET-1052,46,repeat_delivered,RTO,Customer requested future delivery,2,RTO
FAS-24134,EK987650133,2026-04-14T05:30:00.000Z,Ananya Iyer,9700000133,customer134@example.com,"House 61, Block B, Bhubaneswar Residency, Sector 2",Near main market,751024,Bhubaneswar,Odisha,TSH-BLK-L,Oversized Black Tee,1,800,COD,Ekart,Instagram,Influencer Drop,Instagram,paid,Influencer Drop,INS-1053,47,first_time,Undelivered,Customer not available,2,In NDR
FAS-24135,SH987650134,2026-04-15T06:30:00.000Z,Riya Patel,9700000134,customer135@example.com,"House 62, Block C, Patna Residency, Sector 3",Near main market,800001,Patna,Bihar,COORD-GRN-M,Green Co-ord Set,1,2450,COD,Shiprocket,Shopify,Google Brand Search,Google,paid,Google Brand Search,GOO-1054,54,first_time,RTO,Incorrect address,2,RTO
FAS-24136,SH987650135,2026-04-16T07:30:00.000Z,Vivaan Rao,9700000135,customer136@example.com,Near temple main road Patna,,800001,Patna,Bihar,DENIM-WIDE-30,Wide Fit Denim,1,2000,Prepaid,Shadowfax,WhatsApp,WhatsApp Repeat Buyers,WhatsApp,crm,WhatsApp Repeat Buyers,WHA-1055,43,first_time,Undelivered,No response on phone,2,In NDR
FAS-24137,EK987650136,2026-04-17T08:30:00.000Z,Meera Singh,9700000136,customer137@example.com,"House 64, Block E, Delhi Residency, Sector 5",Near main market,110024,Delhi,Delhi,KURTI-BLU-M,Blue Printed Kurti,1,1200,COD,Ekart,Meta,Meta COD Scale,Meta,paid,Meta COD Scale,MET-1056,44,repeat_delivered,Delivered,,0,Delivered
FAS-24138,EK987650137,2026-04-18T09:30:00.000Z,Ishaan Gupta,9700000137,customer138@example.com,"House 65, Block F, Bengaluru Residency, Sector 6",Near main market,560095,Bengaluru,Karnataka,DRESS-RED-S,Red Summer Dress,1,2550,COD,Ekart,Instagram,Influencer Drop,Instagram,paid,Influencer Drop,INS-1057,42,first_time,RTO,Customer refused delivery,3,RTO
FAS-24139,BL987650138,2026-04-19T10:30:00.000Z,Sara Ali,9700000138,customer139@example.com,"House 66, Block A, Ahmedabad Residency, Sector 7",Near main market,380015,Ahmedabad,Gujarat,TSH-BLK-L,Oversized Black Tee,1,800,COD,Bluedart,Shopify,Google Brand Search,Google,paid,Google Brand Search,GOO-1058,54,first_time,Delivered,,0,Delivered
FAS-24140,DT987650139,2026-04-20T11:30:00.000Z,Nisha Nair,9700000139,customer140@example.com,"House 67, Block B, Jaipur Residency, Sector 8",Near main market,302001,Jaipur,Rajasthan,COORD-GRN-M,Green Co-ord Set,1,2400,COD,DTDC,WhatsApp,WhatsApp Repeat Buyers,WhatsApp,crm,WhatsApp Repeat Buyers,WHA-1059,50,first_time,RTO,Customer requested future delivery,3,RTO
FAS-24141,XP987650140,2026-04-21T12:30:00.000Z,Aarav Sharma,9700000140,customer141@example.com,"House 68, Block C, Pune Residency, Sector 9",,411045,Pune,Maharashtra,DENIM-WIDE-30,Wide Fit Denim,1,1850,COD,Xpressbees,Meta,Meta COD Scale,Meta,paid,Meta COD Scale,MET-1060,48,repeat_delivered,Delivered,,0,Delivered
FAS-24142,EK987650141,2026-04-22T13:30:00.000Z,Diya Verma,9700000141,customer142@example.com,"House 69, Block D, Ghaziabad Residency, Sector 10",Near main market,201001,Ghaziabad,Uttar Pradesh,KURTI-BLU-M,Blue Printed Kurti,1,1400,Prepaid,Ekart,Instagram,Influencer Drop,Instagram,paid,Influencer Drop,INS-1061,55,first_time,RTO,Incorrect address,3,RTO
FAS-24143,DE987650142,2026-04-23T14:30:00.000Z,Kabir Khan,9700000142,customer143@example.com,Near temple main road Lucknow,,226010,Lucknow,Uttar Pradesh,DRESS-RED-S,Red Summer Dress,1,2550,COD,Delhivery,Shopify,Google Brand Search,Google,paid,Google Brand Search,GOO-1062,55,first_time,Cancelled,,0,Cancelled before shipping
FAS-24144,DT987650143,2026-04-24T15:30:00.000Z,Ananya Iyer,9700000143,customer144@example.com,"House 71, Block F, Indore Residency, Sector 12",Near main market,452010,Indore,Madhya Pradesh,TSH-BLK-L,Oversized Black Tee,1,800,COD,DTDC,WhatsApp,WhatsApp Repeat Buyers,WhatsApp,crm,WhatsApp Repeat Buyers,WHA-1063,54,first_time,Delivered,,0,Delivered
FAS-24145,DE987650144,2026-04-25T04:30:00.000Z,Riya Patel,9700000144,customer145@example.com,"House 72, Block A, Surat Residency, Sector 1",Near main market,395007,Surat,Gujarat,COORD-GRN-M,Green Co-ord Set,1,2200,COD,Delhivery,Meta,Meta COD Scale,Meta,paid,Meta COD Scale,MET-1064,50,repeat_delivered,RTO,Customer refused delivery,2,RTO
FAS-24146,DE987650145,2026-04-26T05:30:00.000Z,Vivaan Rao,9700000145,customer146@example.com,"House 73, Block B, Hyderabad Residency, Sector 2",,500081,Hyderabad,Telangana,DENIM-WIDE-30,Wide Fit Denim,2,1750,COD,Delhivery,Instagram,Influencer Drop,Instagram,paid,Influencer Drop,INS-1065,58,first_time,RTO,Cash not ready,3,RTO
FAS-24147,BL987650146,2026-04-27T06:30:00.000Z,Meera Singh,9700000146,customer147@example.com,"House 74, Block C, Mumbai Residency, Sector 3",Near main market,400053,Mumbai,Maharashtra,KURTI-BLU-M,Blue Printed Kurti,1,1350,COD,Bluedart,Shopify,Google Brand Search,Google,paid,Google Brand Search,GOO-1066,40,first_time,Delivered,,0,Delivered
FAS-24148,BL987650147,2026-04-28T07:30:00.000Z,Ishaan Gupta,9700000147,customer148@example.com,"House 75, Block D, Patna Residency, Sector 4",Near main market,800001,Patna,Bihar,DRESS-RED-S,Red Summer Dress,1,2300,COD,Bluedart,WhatsApp,WhatsApp Repeat Buyers,WhatsApp,crm,WhatsApp Repeat Buyers,WHA-1067,54,first_time,Delivered,,0,Delivered
FAS-24149,DT987650148,2026-04-29T08:30:00.000Z,Sara Ali,9700000148,customer149@example.com,"House 76, Block E, Bhubaneswar Residency, Sector 5",Near main market,751024,Bhubaneswar,Odisha,TSH-BLK-L,Oversized Black Tee,1,800,COD,DTDC,Meta,Meta COD Scale,Meta,paid,Meta COD Scale,MET-1068,46,repeat_delivered,RTO,Incorrect address,2,RTO
FAS-24150,BL987650149,2026-04-30T09:30:00.000Z,Nisha Nair,9700000149,customer150@example.com,"House 77, Block F, Ghaziabad Residency, Sector 6",Near main market,201001,Ghaziabad,Uttar Pradesh,COORD-GRN-M,Green Co-ord Set,1,2450,COD,Bluedart,Instagram,Influencer Drop,Instagram,paid,Influencer Drop,INS-1069,57,first_time,RTO,No response on phone,3,RTO
FAS-24151,BL987650150,2026-04-01T10:30:00.000Z,Aarav Sharma,9700000150,customer151@example.com,"House 78, Block A, Ghaziabad Residency, Sector 7",,201001,Ghaziabad,Uttar Pradesh,DENIM-WIDE-30,Wide Fit Denim,1,2050,Prepaid,Bluedart,Shopify,Google Brand Search,Google,paid,Google Brand Search,GOO-1070,54,first_time,Undelivered,Door locked,1,In NDR
FAS-24152,SH987650151,2026-04-02T11:30:00.000Z,Diya Verma,9700000151,customer152@example.com,"House 79, Block B, Delhi Residency, Sector 8",Near main market,110024,Delhi,Delhi,KURTI-BLU-M,Blue Printed Kurti,1,1350,Prepaid,Shiprocket,WhatsApp,WhatsApp Repeat Buyers,WhatsApp,crm,WhatsApp Repeat Buyers,WHA-1071,54,first_time,Undelivered,Customer refused delivery,2,In NDR
FAS-24153,SH987650152,2026-04-03T12:30:00.000Z,Kabir Khan,9700000152,customer153@example.com,"House 80, Block C, Bengaluru Residency, Sector 9",Near main market,560095,Bengaluru,Karnataka,DRESS-RED-S,Red Summer Dress,1,2500,Prepaid,Shiprocket,Meta,Meta COD Scale,Meta,paid,Meta COD Scale,MET-1072,53,repeat_delivered,RTO,Cash not ready,2,RTO
FAS-24154,XP987650153,2026-04-04T13:30:00.000Z,Ananya Iyer,9700000153,customer154@example.com,"House 81, Block D, Ahmedabad Residency, Sector 10",Near main market,380015,Ahmedabad,Gujarat,TSH-BLK-L,Oversized Black Tee,1,800,COD,Xpressbees,Instagram,Influencer Drop,Instagram,paid,Influencer Drop,INS-1073,41,first_time,Undelivered,Customer requested future delivery,2,In NDR
FAS-24155,XP987650154,2026-04-05T14:30:00.000Z,Riya Patel,9700000154,customer155@example.com,"House 82, Block E, Jaipur Residency, Sector 11",Near main market,302001,Jaipur,Rajasthan,COORD-GRN-M,Green Co-ord Set,1,2400,Prepaid,Xpressbees,Shopify,Google Brand Search,Google,paid,Google Brand Search,GOO-1074,38,first_time,Delivered,,0,Delivered
FAS-24156,XP987650155,2026-04-06T15:30:00.000Z,Vivaan Rao,9700000155,customer156@example.com,"House 83, Block F, Patna Residency, Sector 12",,800001,Patna,Bihar,DENIM-WIDE-30,Wide Fit Denim,1,1800,Prepaid,Xpressbees,WhatsApp,WhatsApp Repeat Buyers,WhatsApp,crm,WhatsApp Repeat Buyers,WHA-1075,52,first_time,Undelivered,Incorrect address,2,In NDR
FAS-24157,XP987650156,2026-04-07T04:30:00.000Z,Meera Singh,9700000156,customer157@example.com,"House 84, Block A, Kolkata Residency, Sector 1",Near main market,700016,Kolkata,West Bengal,KURTI-BLU-M,Blue Printed Kurti,1,1250,Prepaid,Xpressbees,Meta,Meta COD Scale,Meta,paid,Meta COD Scale,MET-1076,45,repeat_delivered,RTO,No response on phone,2,RTO
FAS-24158,SH987650157,2026-04-08T05:30:00.000Z,Ishaan Gupta,9700000157,customer158@example.com,"House 85, Block B, Lucknow Residency, Sector 2",Near main market,226010,Lucknow,Uttar Pradesh,DRESS-RED-S,Red Summer Dress,1,2700,COD,Shadowfax,Instagram,Influencer Drop,Instagram,paid,Influencer Drop,INS-1077,39,first_time,Delivered,,0,Delivered
FAS-24159,DT987650158,2026-04-09T06:30:00.000Z,Sara Ali,9700000158,customer159@example.com,"House 86, Block C, Indore Residency, Sector 3",Near main market,452010,Indore,Madhya Pradesh,TSH-BLK-L,Oversized Black Tee,1,850,Prepaid,DTDC,Shopify,Google Brand Search,Google,paid,Google Brand Search,GOO-1078,50,first_time,Delivered,,0,Delivered
FAS-24160,DE987650159,2026-04-10T07:30:00.000Z,Nisha Nair,9700000159,customer160@example.com,"House 87, Block D, Surat Residency, Sector 4",Near main market,395007,Surat,Gujarat,COORD-GRN-M,Green Co-ord Set,1,2250,COD,Delhivery,WhatsApp,WhatsApp Repeat Buyers,WhatsApp,crm,WhatsApp Repeat Buyers,WHA-1079,50,first_time,Delivered,,0,Delivered
FAS-24161,SH987650160,2026-04-11T08:30:00.000Z,Aarav Sharma,9700000160,customer161@example.com,"House 88, Block E, Hyderabad Residency, Sector 5",,500081,Hyderabad,Telangana,DENIM-WIDE-30,Wide Fit Denim,1,2000,COD,Shiprocket,Meta,Meta COD Scale,Meta,paid,Meta COD Scale,MET-1000,54,repeat_delivered,Undelivered,Customer requested future delivery,1,In NDR
FAS-24162,XP987650161,2026-04-12T09:30:00.000Z,Diya Verma,9700000161,customer162@example.com,"House 89, Block F, Mumbai Residency, Sector 6",Near main market,400053,Mumbai,Maharashtra,KURTI-BLU-M,Blue Printed Kurti,1,1250,COD,Xpressbees,Instagram,Influencer Drop,Instagram,paid,Influencer Drop,INS-1001,51,first_time,Undelivered,Customer not available,2,In NDR
FAS-24163,DE987650162,2026-04-13T10:30:00.000Z,Kabir Khan,9700000162,customer163@example.com,"House 90, Block A, Chennai Residency, Sector 7",Near main market,600042,Chennai,Tamil Nadu,DRESS-RED-S,Red Summer Dress,1,2400,COD,Delhivery,Shopify,Google Brand Search,Google,paid,Google Brand Search,GOO-1002,49,first_time,Delivered,,0,Delivered
FAS-24164,SH987650163,2026-04-14T11:30:00.000Z,Ananya Iyer,9700000163,customer164@example.com,"House 91, Block B, Bhubaneswar Residency, Sector 8",Near main market,751024,Bhubaneswar,Odisha,TSH-BLK-L,Oversized Black Tee,1,850,Prepaid,Shiprocket,WhatsApp,WhatsApp Repeat Buyers,WhatsApp,crm,WhatsApp Repeat Buyers,WHA-1003,48,first_time,Delivered,,0,Delivered
FAS-24165,DT987650164,2026-04-15T12:30:00.000Z,Riya Patel,9700000164,customer165@example.com,Near temple main road Surat,,395007,Surat,Gujarat,COORD-GRN-M,Green Co-ord Set,1,2500,COD,DTDC,Meta,Meta COD Scale,Meta,paid,Meta COD Scale,MET-1004,51,repeat_delivered,Undelivered,Door locked,1,In NDR
FAS-24166,SH987650165,2026-04-16T13:30:00.000Z,Vivaan Rao,9700000165,customer166@example.com,"House 93, Block D, Ghaziabad Residency, Sector 10",,201001,Ghaziabad,Uttar Pradesh,DENIM-WIDE-30,Wide Fit Denim,1,1850,COD,Shadowfax,Instagram,Influencer Drop,Instagram,paid,Influencer Drop,INS-1005,41,first_time,Cancelled,,0,Cancelled before shipping
FAS-24167,BL987650166,2026-04-17T14:30:00.000Z,Meera Singh,9700000166,customer167@example.com,"House 94, Block E, Lucknow Residency, Sector 11",Near main market,226010,Lucknow,Uttar Pradesh,KURTI-BLU-M,Blue Printed Kurti,1,1350,COD,Bluedart,Shopify,Google Brand Search,Google,paid,Google Brand Search,GOO-1006,48,first_time,RTO,Cash not ready,2,RTO
FAS-24168,SH987650167,2026-04-18T15:30:00.000Z,Ishaan Gupta,9700000167,customer168@example.com,Near temple main road Patna,,800001,Patna,Bihar,DRESS-RED-S,Red Summer Dress,1,2500,Prepaid,Shadowfax,WhatsApp,WhatsApp Repeat Buyers,WhatsApp,crm,WhatsApp Repeat Buyers,WHA-1007,44,first_time,RTO,Customer requested future delivery,3,RTO
FAS-24169,XP987650168,2026-04-19T04:30:00.000Z,Sara Ali,9700000168,customer169@example.com,"House 96, Block A, Ahmedabad Residency, Sector 1",Near main market,380015,Ahmedabad,Gujarat,TSH-BLK-L,Oversized Black Tee,1,800,Prepaid,Xpressbees,Meta,Meta COD Scale,Meta,paid,Meta COD Scale,MET-1008,53,repeat_delivered,Undelivered,Customer not available,1,In NDR
FAS-24170,EK987650169,2026-04-20T05:30:00.000Z,Nisha Nair,9700000169,customer170@example.com,"House 97, Block B, Jaipur Residency, Sector 2",Near main market,302001,Jaipur,Rajasthan,COORD-GRN-M,Green Co-ord Set,1,2450,Prepaid,Ekart,Instagram,Influencer Drop,Instagram,paid,Influencer Drop,INS-1009,57,first_time,Delivered,,0,Delivered
FAS-24171,DT987650170,2026-04-21T06:30:00.000Z,Aarav Sharma,9700000170,customer171@example.com,"House 98, Block C, Lucknow Residency, Sector 3",,226010,Lucknow,Uttar Pradesh,DENIM-WIDE-30,Wide Fit Denim,1,1850,COD,DTDC,Shopify,Google Brand Search,Google,paid,Google Brand Search,GOO-1010,43,first_time,RTO,No response on phone,2,RTO
FAS-24172,EK987650171,2026-04-22T07:30:00.000Z,Diya Verma,9700000171,customer172@example.com,"House 99, Block D, Kolkata Residency, Sector 4",Near main market,700016,Kolkata,West Bengal,KURTI-BLU-M,Blue Printed Kurti,1,1200,Prepaid,Ekart,WhatsApp,WhatsApp Repeat Buyers,WhatsApp,crm,WhatsApp Repeat Buyers,WHA-1011,48,first_time,Delivered,,0,Delivered
FAS-24173,DT987650172,2026-04-23T08:30:00.000Z,Kabir Khan,9700000172,customer173@example.com,"House 100, Block E, Lucknow Residency, Sector 5",Near main market,226010,Lucknow,Uttar Pradesh,DRESS-RED-S,Red Summer Dress,1,2600,Prepaid,DTDC,Meta,Meta COD Scale,Meta,paid,Meta COD Scale,MET-1012,54,repeat_delivered,Undelivered,Customer refused delivery,1,In NDR
FAS-24174,SH987650173,2026-04-24T09:30:00.000Z,Ananya Iyer,9700000173,customer174@example.com,"House 101, Block F, Indore Residency, Sector 6",Near main market,452010,Indore,Madhya Pradesh,TSH-BLK-L,Oversized Black Tee,1,750,COD,Shiprocket,Instagram,Influencer Drop,Instagram,paid,Influencer Drop,INS-1013,44,first_time,Delivered,,0,Delivered
FAS-24175,SH987650174,2026-04-25T10:30:00.000Z,Riya Patel,9700000174,customer175@example.com,"House 102, Block A, Lucknow Residency, Sector 7",Near main market,226010,Lucknow,Uttar Pradesh,COORD-GRN-M,Green Co-ord Set,2,2250,COD,Shadowfax,Shopify,Google Brand Search,Google,paid,Google Brand Search,GOO-1014,48,first_time,Delivered,,0,Delivered
FAS-24176,DE987650175,2026-04-26T11:30:00.000Z,Vivaan Rao,9700000175,customer176@example.com,"House 103, Block B, Hyderabad Residency, Sector 8",,500081,Hyderabad,Telangana,DENIM-WIDE-30,Wide Fit Denim,1,2000,Prepaid,Delhivery,WhatsApp,WhatsApp Repeat Buyers,WhatsApp,crm,WhatsApp Repeat Buyers,WHA-1015,50,first_time,Delivered,,0,Delivered
FAS-24177,SH987650176,2026-04-27T12:30:00.000Z,Meera Singh,9700000176,customer177@example.com,"House 104, Block C, Mumbai Residency, Sector 9",Near main market,400053,Mumbai,Maharashtra,KURTI-BLU-M,Blue Printed Kurti,1,1300,COD,Shiprocket,Meta,Meta COD Scale,Meta,paid,Meta COD Scale,MET-1016,49,repeat_delivered,Undelivered,Incorrect address,1,In NDR
FAS-24178,SH987650177,2026-04-28T13:30:00.000Z,Ishaan Gupta,9700000177,customer178@example.com,"House 105, Block D, Chennai Residency, Sector 10",Near main market,600042,Chennai,Tamil Nadu,DRESS-RED-S,Red Summer Dress,1,2400,COD,Shadowfax,Instagram,Influencer Drop,Instagram,paid,Influencer Drop,INS-1017,47,first_time,RTO,No response on phone,3,RTO
FAS-24179,BL987650178,2026-04-29T14:30:00.000Z,Sara Ali,9700000178,customer179@example.com,"House 106, Block E, Bhubaneswar Residency, Sector 11",Near main market,751024,Bhubaneswar,Odisha,TSH-BLK-L,Oversized Black Tee,1,750,COD,Bluedart,Shopify,Google Brand Search,Google,paid,Google Brand Search,GOO-1018,40,first_time,Undelivered,Door locked,1,In NDR
FAS-24180,XP987650179,2026-04-30T15:30:00.000Z,Nisha Nair,9700000179,customer180@example.com,"House 107, Block F, Patna Residency, Sector 12",Near main market,800001,Patna,Bihar,COORD-GRN-M,Green Co-ord Set,1,2200,COD,Xpressbees,WhatsApp,WhatsApp Repeat Buyers,WhatsApp,crm,WhatsApp Repeat Buyers,WHA-1019,43,first_time,Undelivered,Customer refused delivery,2,In NDR
FAS-24181,DE987650180,2026-04-01T04:30:00.000Z,Aarav Sharma,9700000180,customer181@example.com,Near temple main road Surat,,395007,Surat,Gujarat,DENIM-WIDE-30,Wide Fit Denim,1,1900,COD,Delhivery,Meta,Meta COD Scale,Meta,paid,Meta COD Scale,MET-1020,49,repeat_delivered,Undelivered,Cash not ready,1,In NDR
FAS-24182,DE987650181,2026-04-02T05:30:00.000Z,Diya Verma,9700000181,customer182@example.com,"House 19, Block B, Delhi Residency, Sector 2",Near main market,110024,Delhi,Delhi,KURTI-BLU-M,Blue Printed Kurti,1,1400,Prepaid,Delhivery,Instagram,Influencer Drop,Instagram,paid,Influencer Drop,INS-1021,49,first_time,Delivered,,0,Delivered
FAS-24183,SH987650182,2026-04-03T06:30:00.000Z,Kabir Khan,9700000182,customer183@example.com,"House 20, Block C, Bengaluru Residency, Sector 3",Near main market,560095,Bengaluru,Karnataka,DRESS-RED-S,Red Summer Dress,1,2700,COD,Shadowfax,Shopify,Google Brand Search,Google,paid,Google Brand Search,GOO-1022,53,first_time,Delivered,,0,Delivered
FAS-24184,EK987650183,2026-04-04T07:30:00.000Z,Ananya Iyer,9700000183,customer184@example.com,"House 21, Block D, Ahmedabad Residency, Sector 4",Near main market,380015,Ahmedabad,Gujarat,TSH-BLK-L,Oversized Black Tee,1,800,COD,Ekart,WhatsApp,WhatsApp Repeat Buyers,WhatsApp,crm,WhatsApp Repeat Buyers,WHA-1023,49,first_time,Delivered,,0,Delivered
FAS-24185,XP987650184,2026-04-05T08:30:00.000Z,Riya Patel,9700000184,customer185@example.com,Near temple main road Surat,,395007,Surat,Gujarat,COORD-GRN-M,Green Co-ord Set,1,2350,Prepaid,Xpressbees,Meta,Meta COD Scale,Meta,paid,Meta COD Scale,MET-1024,57,repeat_delivered,Undelivered,No response on phone,1,In NDR
FAS-24186,EK987650185,2026-04-06T09:30:00.000Z,Vivaan Rao,9700000185,customer186@example.com,"House 23, Block F, Pune Residency, Sector 6",,411045,Pune,Maharashtra,DENIM-WIDE-30,Wide Fit Denim,1,2050,Prepaid,Ekart,Instagram,Influencer Drop,Instagram,paid,Influencer Drop,INS-1025,45,first_time,Undelivered,Door locked,2,In NDR
FAS-24187,EK987650186,2026-04-07T10:30:00.000Z,Meera Singh,9700000186,customer187@example.com,"House 24, Block A, Kolkata Residency, Sector 7",Near main market,700016,Kolkata,West Bengal,KURTI-BLU-M,Blue Printed Kurti,1,1350,COD,Ekart,Shopify,Google Brand Search,Google,paid,Google Brand Search,GOO-1026,42,first_time,Delivered,,0,Delivered
FAS-24188,SH987650187,2026-04-08T11:30:00.000Z,Ishaan Gupta,9700000187,customer188@example.com,"House 25, Block B, Lucknow Residency, Sector 8",Near main market,226010,Lucknow,Uttar Pradesh,DRESS-RED-S,Red Summer Dress,1,2300,COD,Shiprocket,WhatsApp,WhatsApp Repeat Buyers,WhatsApp,crm,WhatsApp Repeat Buyers,WHA-1027,56,first_time,Undelivered,Cash not ready,2,In NDR
FAS-24189,EK987650188,2026-04-09T12:30:00.000Z,Sara Ali,9700000188,customer189@example.com,"House 26, Block C, Indore Residency, Sector 9",Near main market,452010,Indore,Madhya Pradesh,TSH-BLK-L,Oversized Black Tee,1,750,COD,Ekart,Meta,Meta COD Scale,Meta,paid,Meta COD Scale,MET-1028,47,repeat_delivered,RTO,Customer requested future delivery,2,RTO
FAS-24190,SH987650189,2026-04-10T13:30:00.000Z,Nisha Nair,9700000189,customer190@example.com,"House 27, Block D, Ghaziabad Residency, Sector 10",Near main market,201001,Ghaziabad,Uttar Pradesh,COORD-GRN-M,Green Co-ord Set,1,2100,Prepaid,Shiprocket,Instagram,Influencer Drop,Instagram,paid,Influencer Drop,INS-1029,55,first_time,Undelivered,Customer not available,2,In NDR
FAS-24191,DT987650190,2026-04-11T14:30:00.000Z,Aarav Sharma,9700000190,customer191@example.com,"House 28, Block E, Lucknow Residency, Sector 11",,226010,Lucknow,Uttar Pradesh,DENIM-WIDE-30,Wide Fit Denim,1,1900,COD,DTDC,Shopify,Google Brand Search,Google,paid,Google Brand Search,GOO-1030,56,first_time,Delivered,,0,Delivered
FAS-24192,BL987650191,2026-04-12T15:30:00.000Z,Diya Verma,9700000191,customer192@example.com,"House 29, Block F, Patna Residency, Sector 12",Near main market,800001,Patna,Bihar,KURTI-BLU-M,Blue Printed Kurti,1,1350,COD,Bluedart,WhatsApp,WhatsApp Repeat Buyers,WhatsApp,crm,WhatsApp Repeat Buyers,WHA-1031,46,first_time,RTO,No response on phone,3,RTO
FAS-24193,SH987650192,2026-04-13T04:30:00.000Z,Kabir Khan,9700000192,customer193@example.com,"House 30, Block A, Chennai Residency, Sector 1",Near main market,600042,Chennai,Tamil Nadu,DRESS-RED-S,Red Summer Dress,1,2500,Prepaid,Shadowfax,Meta,Meta COD Scale,Meta,paid,Meta COD Scale,MET-1032,51,repeat_delivered,Undelivered,Door locked,1,In NDR
FAS-24194,EK987650193,2026-04-14T05:30:00.000Z,Ananya Iyer,9700000193,customer194@example.com,"House 31, Block B, Bhubaneswar Residency, Sector 2",Near main market,751024,Bhubaneswar,Odisha,TSH-BLK-L,Oversized Black Tee,1,800,COD,Ekart,Instagram,Influencer Drop,Instagram,paid,Influencer Drop,INS-1033,43,first_time,Delivered,,0,Delivered
FAS-24195,BL987650194,2026-04-15T06:30:00.000Z,Riya Patel,9700000194,customer195@example.com,"House 32, Block C, Lucknow Residency, Sector 3",Near main market,226010,Lucknow,Uttar Pradesh,COORD-GRN-M,Green Co-ord Set,1,2100,COD,Bluedart,Shopify,Google Brand Search,Google,paid,Google Brand Search,GOO-1034,39,first_time,Undelivered,Cash not ready,1,In NDR
FAS-24196,DT987650195,2026-04-16T07:30:00.000Z,Vivaan Rao,9700000195,customer196@example.com,"House 33, Block D, Patna Residency, Sector 4",,800001,Patna,Bihar,DENIM-WIDE-30,Wide Fit Denim,1,2000,COD,DTDC,WhatsApp,WhatsApp Repeat Buyers,WhatsApp,crm,WhatsApp Repeat Buyers,WHA-1035,53,first_time,Cancelled,,0,Cancelled before shipping
FAS-24197,XP987650196,2026-04-17T08:30:00.000Z,Meera Singh,9700000196,customer197@example.com,Near temple main road Surat,,395007,Surat,Gujarat,KURTI-BLU-M,Blue Printed Kurti,1,1250,COD,Xpressbees,Meta,Meta COD Scale,Meta,paid,Meta COD Scale,MET-1036,41,repeat_delivered,Undelivered,Customer not available,1,In NDR
FAS-24198,SH987650197,2026-04-18T09:30:00.000Z,Ishaan Gupta,9700000197,customer198@example.com,"House 35, Block F, Bengaluru Residency, Sector 6",Near main market,560095,Bengaluru,Karnataka,DRESS-RED-S,Red Summer Dress,1,2600,COD,Shadowfax,Instagram,Influencer Drop,Instagram,paid,Influencer Drop,INS-1037,54,first_time,RTO,Incorrect address,3,RTO
FAS-24199,SH987650198,2026-04-19T10:30:00.000Z,Sara Ali,9700000198,customer199@example.com,"House 36, Block A, Ahmedabad Residency, Sector 7",Near main market,380015,Ahmedabad,Gujarat,TSH-BLK-L,Oversized Black Tee,1,750,Prepaid,Shiprocket,Shopify,Google Brand Search,Google,paid,Google Brand Search,GOO-1038,56,first_time,Delivered,,0,Delivered
FAS-24200,DE987650199,2026-04-20T11:30:00.000Z,Nisha Nair,9700000199,customer200@example.com,"House 37, Block B, Patna Residency, Sector 8",Near main market,800001,Patna,Bihar,COORD-GRN-M,Green Co-ord Set,1,2350,Prepaid,Delhivery,WhatsApp,WhatsApp Repeat Buyers,WhatsApp,crm,WhatsApp Repeat Buyers,WHA-1039,49,first_time,RTO,Door locked,3,RTO
FAS-24201,DE987650200,2026-04-21T12:30:00.000Z,Aarav Sharma,9700000200,customer201@example.com,"House 38, Block C, Pune Residency, Sector 9",,411045,Pune,Maharashtra,DENIM-WIDE-30,Wide Fit Denim,1,1950,COD,Delhivery,Meta,Meta COD Scale,Meta,paid,Meta COD Scale,MET-1040,55,repeat_delivered,Undelivered,Customer refused delivery,1,In NDR
FAS-24202,DE987650201,2026-04-22T13:30:00.000Z,Diya Verma,9700000201,customer202@example.com,"House 39, Block D, Kolkata Residency, Sector 10",Near main market,700016,Kolkata,West Bengal,KURTI-BLU-M,Blue Printed Kurti,1,1300,Prepaid,Delhivery,Instagram,Influencer Drop,Instagram,paid,Influencer Drop,INS-1041,52,first_time,Undelivered,Cash not ready,2,In NDR
FAS-24203,EK987650202,2026-04-23T14:30:00.000Z,Kabir Khan,9700000202,customer203@example.com,Near temple main road Lucknow,,226010,Lucknow,Uttar Pradesh,DRESS-RED-S,Red Summer Dress,1,2550,Prepaid,Ekart,Shopify,Google Brand Search,Google,paid,Google Brand Search,GOO-1042,40,first_time,RTO,Customer requested future delivery,2,RTO
FAS-24204,XP987650203,2026-04-24T15:30:00.000Z,Ananya Iyer,9700000203,customer204@example.com,"House 41, Block F, Patna Residency, Sector 12",Near main market,800001,Patna,Bihar,TSH-BLK-L,Oversized Black Tee,2,750,COD,Xpressbees,WhatsApp,WhatsApp Repeat Buyers,WhatsApp,crm,WhatsApp Repeat Buyers,WHA-1043,53,first_time,Delivered,,0,Delivered
FAS-24205,SH987650204,2026-04-25T04:30:00.000Z,Riya Patel,9700000204,customer205@example.com,"House 42, Block A, Surat Residency, Sector 1",Near main market,395007,Surat,Gujarat,COORD-GRN-M,Green Co-ord Set,1,2350,Prepaid,Shadowfax,Meta,Meta COD Scale,Meta,paid,Meta COD Scale,MET-1044,53,repeat_delivered,RTO,Incorrect address,2,RTO
FAS-24206,DT987650205,2026-04-26T05:30:00.000Z,Vivaan Rao,9700000205,customer206@example.com,"House 43, Block B, Ghaziabad Residency, Sector 2",,201001,Ghaziabad,Uttar Pradesh,DENIM-WIDE-30,Wide Fit Denim,1,1950,Prepaid,DTDC,Instagram,Influencer Drop,Instagram,paid,Influencer Drop,INS-1045,43,first_time,RTO,No response on phone,3,RTO
FAS-24207,SH987650206,2026-04-27T06:30:00.000Z,Meera Singh,9700000206,customer207@example.com,Near temple main road Lucknow,,226010,Lucknow,Uttar Pradesh,KURTI-BLU-M,Blue Printed Kurti,1,1350,COD,Shadowfax,Shopify,Google Brand Search,Google,paid,Google Brand Search,GOO-1046,57,first_time,RTO,Door locked,2,RTO
FAS-24208,DE987650207,2026-04-28T07:30:00.000Z,Ishaan Gupta,9700000207,customer208@example.com,"House 45, Block D, Chennai Residency, Sector 4",Near main market,600042,Chennai,Tamil Nadu,DRESS-RED-S,Red Summer Dress,1,2700,Prepaid,Delhivery,WhatsApp,WhatsApp Repeat Buyers,WhatsApp,crm,WhatsApp Repeat Buyers,WHA-1047,43,first_time,Delivered,,0,Delivered
FAS-24209,XP987650208,2026-04-29T08:30:00.000Z,Sara Ali,9700000208,customer209@example.com,Near temple main road Surat,,395007,Surat,Gujarat,TSH-BLK-L,Oversized Black Tee,1,750,Prepaid,Xpressbees,Meta,Meta COD Scale,Meta,paid,Meta COD Scale,MET-1048,51,repeat_delivered,RTO,Cash not ready,2,RTO
FAS-24210,SH987650209,2026-04-30T09:30:00.000Z,Nisha Nair,9700000209,customer210@example.com,"House 47, Block F, Patna Residency, Sector 6",Near main market,800001,Patna,Bihar,COORD-GRN-M,Green Co-ord Set,1,2250,COD,Shiprocket,Instagram,Influencer Drop,Instagram,paid,Influencer Drop,INS-1049,49,first_time,Undelivered,Customer requested future delivery,2,In NDR
FAS-24211,DT987650210,2026-04-01T10:30:00.000Z,Aarav Sharma,9700000210,customer211@example.com,"House 48, Block A, Ghaziabad Residency, Sector 7",,201001,Ghaziabad,Uttar Pradesh,DENIM-WIDE-30,Wide Fit Denim,1,2000,Prepaid,DTDC,Shopify,Google Brand Search,Google,paid,Google Brand Search,GOO-1050,39,first_time,Delivered,,0,Delivered
FAS-24212,SH987650211,2026-04-02T11:30:00.000Z,Diya Verma,9700000211,customer212@example.com,"House 49, Block B, Patna Residency, Sector 8",Near main market,800001,Patna,Bihar,KURTI-BLU-M,Blue Printed Kurti,1,1350,Prepaid,Shadowfax,WhatsApp,WhatsApp Repeat Buyers,WhatsApp,crm,WhatsApp Repeat Buyers,WHA-1051,50,first_time,Delivered,,0,Delivered
FAS-24213,XP987650212,2026-04-03T12:30:00.000Z,Kabir Khan,9700000212,customer213@example.com,"House 50, Block C, Bengaluru Residency, Sector 9",Near main market,560095,Bengaluru,Karnataka,DRESS-RED-S,Red Summer Dress,1,2450,Prepaid,Xpressbees,Meta,Meta COD Scale,Meta,paid,Meta COD Scale,MET-1052,56,repeat_delivered,RTO,No response on phone,2,RTO
FAS-24214,SH987650213,2026-04-04T13:30:00.000Z,Ananya Iyer,9700000213,customer214@example.com,"House 51, Block D, Ahmedabad Residency, Sector 10",Near main market,380015,Ahmedabad,Gujarat,TSH-BLK-L,Oversized Black Tee,1,800,COD,Shiprocket,Instagram,Influencer Drop,Instagram,paid,Influencer Drop,INS-1053,46,first_time,Delivered,,0,Delivered
FAS-24215,EK987650214,2026-04-05T14:30:00.000Z,Riya Patel,9700000214,customer215@example.com,"House 52, Block E, Jaipur Residency, Sector 11",Near main market,302001,Jaipur,Rajasthan,COORD-GRN-M,Green Co-ord Set,1,2400,Prepaid,Ekart,Shopify,Google Brand Search,Google,paid,Google Brand Search,GOO-1054,57,first_time,Undelivered,Customer refused delivery,1,In NDR
FAS-24216,SH987650215,2026-04-06T15:30:00.000Z,Vivaan Rao,9700000215,customer216@example.com,"House 53, Block F, Patna Residency, Sector 12",,800001,Patna,Bihar,DENIM-WIDE-30,Wide Fit Denim,1,1750,COD,Shadowfax,WhatsApp,WhatsApp Repeat Buyers,WhatsApp,crm,WhatsApp Repeat Buyers,WHA-1055,49,first_time,Undelivered,Cash not ready,2,In NDR
FAS-24217,BL987650216,2026-04-07T04:30:00.000Z,Meera Singh,9700000216,customer217@example.com,"House 54, Block A, Kolkata Residency, Sector 1",Near main market,700016,Kolkata,West Bengal,KURTI-BLU-M,Blue Printed Kurti,1,1400,Prepaid,Bluedart,Meta,Meta COD Scale,Meta,paid,Meta COD Scale,MET-1056,46,repeat_delivered,Delivered,,0,Delivered
FAS-24218,SH987650217,2026-04-08T05:30:00.000Z,Ishaan Gupta,9700000217,customer218@example.com,Near temple main road Ghaziabad,,201001,Ghaziabad,Uttar Pradesh,DRESS-RED-S,Red Summer Dress,1,2700,COD,Shadowfax,Instagram,Influencer Drop,Instagram,paid,Influencer Drop,INS-1057,51,first_time,RTO,Customer not available,3,RTO
FAS-24219,SH987650218,2026-04-09T06:30:00.000Z,Sara Ali,9700000218,customer219@example.com,"House 56, Block C, Indore Residency, Sector 3",Near main market,452010,Indore,Madhya Pradesh,TSH-BLK-L,Oversized Black Tee,1,750,COD,Shiprocket,Shopify,Google Brand Search,Google,paid,Google Brand Search,GOO-1058,52,first_time,Undelivered,Incorrect address,1,In NDR
FAS-24220,BL987650219,2026-04-10T07:30:00.000Z,Nisha Nair,9700000219,customer220@example.com,"House 57, Block D, Patna Residency, Sector 4",Near main market,800001,Patna,Bihar,COORD-GRN-M,Green Co-ord Set,1,2400,COD,Bluedart,WhatsApp,WhatsApp Repeat Buyers,WhatsApp,crm,WhatsApp Repeat Buyers,WHA-1059,54,first_time,Cancelled,,0,Cancelled before shipping
FAS-24221,SH987650220,2026-04-11T08:30:00.000Z,Aarav Sharma,9700000220,customer221@example.com,"House 58, Block E, Hyderabad Residency, Sector 5",,500081,Hyderabad,Telangana,DENIM-WIDE-30,Wide Fit Denim,1,1950,COD,Shiprocket,Meta,Meta COD Scale,Meta,paid,Meta COD Scale,MET-1060,40,repeat_delivered,Undelivered,Door locked,1,In NDR
FAS-24222,EK987650221,2026-04-12T09:30:00.000Z,Diya Verma,9700000221,customer222@example.com,"House 59, Block F, Mumbai Residency, Sector 6",Near main market,400053,Mumbai,Maharashtra,KURTI-BLU-M,Blue Printed Kurti,1,1200,Prepaid,Ekart,Instagram,Influencer Drop,Instagram,paid,Influencer Drop,INS-1061,47,first_time,Undelivered,Customer refused delivery,2,In NDR
FAS-24223,SH987650222,2026-04-13T10:30:00.000Z,Kabir Khan,9700000222,customer223@example.com,Near temple main road Lucknow,,226010,Lucknow,Uttar Pradesh,DRESS-RED-S,Red Summer Dress,1,2500,Prepaid,Shiprocket,Shopify,Google Brand Search,Google,paid,Google Brand Search,GOO-1062,56,first_time,Undelivered,Cash not ready,1,In NDR
FAS-24224,XP987650223,2026-04-14T11:30:00.000Z,Ananya Iyer,9700000223,customer224@example.com,"House 61, Block B, Patna Residency, Sector 8",Near main market,800001,Patna,Bihar,TSH-BLK-L,Oversized Black Tee,1,750,COD,Xpressbees,WhatsApp,WhatsApp Repeat Buyers,WhatsApp,crm,WhatsApp Repeat Buyers,WHA-1063,45,first_time,Undelivered,Customer requested future delivery,2,In NDR
FAS-24225,DE987650224,2026-04-15T12:30:00.000Z,Riya Patel,9700000224,customer225@example.com,"House 62, Block C, Surat Residency, Sector 9",Near main market,395007,Surat,Gujarat,COORD-GRN-M,Green Co-ord Set,1,2150,Prepaid,Delhivery,Meta,Meta COD Scale,Meta,paid,Meta COD Scale,MET-1064,57,repeat_delivered,Undelivered,Customer not available,1,In NDR
FAS-24226,BL987650225,2026-04-16T13:30:00.000Z,Vivaan Rao,9700000225,customer226@example.com,"House 63, Block D, Ghaziabad Residency, Sector 10",,201001,Ghaziabad,Uttar Pradesh,DENIM-WIDE-30,Wide Fit Denim,1,1850,COD,Bluedart,Instagram,Influencer Drop,Instagram,paid,Influencer Drop,INS-1065,41,first_time,RTO,Incorrect address,3,RTO
FAS-24227,SH987650226,2026-04-17T14:30:00.000Z,Meera Singh,9700000226,customer227@example.com,"House 64, Block E, Lucknow Residency, Sector 11",Near main market,226010,Lucknow,Uttar Pradesh,KURTI-BLU-M,Blue Printed Kurti,1,1200,COD,Shadowfax,Shopify,Google Brand Search,Google,paid,Google Brand Search,GOO-1066,50,first_time,Delivered,,0,Delivered
FAS-24228,DT987650227,2026-04-18T15:30:00.000Z,Ishaan Gupta,9700000227,customer228@example.com,Near temple main road Patna,,800001,Patna,Bihar,DRESS-RED-S,Red Summer Dress,1,2550,COD,DTDC,WhatsApp,WhatsApp Repeat Buyers,WhatsApp,crm,WhatsApp Repeat Buyers,WHA-1067,40,first_time,Undelivered,Door locked,2,In NDR
FAS-24229,EK987650228,2026-04-19T04:30:00.000Z,Sara Ali,9700000228,customer229@example.com,"House 66, Block A, Ahmedabad Residency, Sector 1",Near main market,380015,Ahmedabad,Gujarat,TSH-BLK-L,Oversized Black Tee,1,750,Prepaid,Ekart,Meta,Meta COD Scale,Meta,paid,Meta COD Scale,MET-1068,41,repeat_delivered,RTO,Customer refused delivery,2,RTO
FAS-24230,SH987650229,2026-04-20T05:30:00.000Z,Nisha Nair,9700000229,customer230@example.com,"House 67, Block B, Jaipur Residency, Sector 2",Near main market,302001,Jaipur,Rajasthan,COORD-GRN-M,Green Co-ord Set,1,2450,COD,Shiprocket,Instagram,Influencer Drop,Instagram,paid,Influencer Drop,INS-1069,42,first_time,Delivered,,0,Delivered
FAS-24231,DT987650230,2026-04-21T06:30:00.000Z,Aarav Sharma,9700000230,customer231@example.com,"House 68, Block C, Pune Residency, Sector 3",,411045,Pune,Maharashtra,DENIM-WIDE-30,Wide Fit Denim,1,2000,COD,DTDC,Shopify,Google Brand Search,Google,paid,Google Brand Search,GOO-1070,49,first_time,RTO,Customer requested future delivery,2,RTO
FAS-24232,DT987650231,2026-04-22T07:30:00.000Z,Diya Verma,9700000231,customer232@example.com,"House 69, Block D, Patna Residency, Sector 4",Near main market,800001,Patna,Bihar,KURTI-BLU-M,Blue Printed Kurti,1,1350,COD,DTDC,WhatsApp,WhatsApp Repeat Buyers,WhatsApp,crm,WhatsApp Repeat Buyers,WHA-1071,51,first_time,RTO,Customer not available,3,RTO
FAS-24233,DE987650232,2026-04-23T08:30:00.000Z,Kabir Khan,9700000232,customer233@example.com,Near temple main road Surat,,395007,Surat,Gujarat,DRESS-RED-S,Red Summer Dress,2,2700,COD,Delhivery,Meta,Meta COD Scale,Meta,paid,Meta COD Scale,MET-1072,39,repeat_delivered,RTO,Incorrect address,2,RTO
FAS-24234,SH987650233,2026-04-24T09:30:00.000Z,Ananya Iyer,9700000233,customer234@example.com,"House 71, Block F, Indore Residency, Sector 6",Near main market,452010,Indore,Madhya Pradesh,TSH-BLK-L,Oversized Black Tee,1,850,Prepaid,Shiprocket,Instagram,Influencer Drop,Instagram,paid,Influencer Drop,INS-1073,38,first_time,Delivered,,0,Delivered
FAS-24235,DE987650234,2026-04-25T10:30:00.000Z,Riya Patel,9700000234,customer235@example.com,"House 72, Block A, Surat Residency, Sector 7",Near main market,395007,Surat,Gujarat,COORD-GRN-M,Green Co-ord Set,1,2200,COD,Delhivery,Shopify,Google Brand Search,Google,paid,Google Brand Search,GOO-1074,46,first_time,Undelivered,Door locked,1,In NDR
FAS-24236,SH987650235,2026-04-26T11:30:00.000Z,Vivaan Rao,9700000235,customer236@example.com,"House 73, Block B, Hyderabad Residency, Sector 8",,500081,Hyderabad,Telangana,DENIM-WIDE-30,Wide Fit Denim,1,1850,Prepaid,Shadowfax,WhatsApp,WhatsApp Repeat Buyers,WhatsApp,crm,WhatsApp Repeat Buyers,WHA-1075,52,first_time,Delivered,,0,Delivered
FAS-24237,SH987650236,2026-04-27T12:30:00.000Z,Meera Singh,9700000236,customer237@example.com,"House 74, Block C, Mumbai Residency, Sector 9",Near main market,400053,Mumbai,Maharashtra,KURTI-BLU-M,Blue Printed Kurti,1,1400,COD,Shadowfax,Meta,Meta COD Scale,Meta,paid,Meta COD Scale,MET-1076,46,repeat_delivered,Undelivered,Cash not ready,1,In NDR
FAS-24238,XP987650237,2026-04-28T13:30:00.000Z,Ishaan Gupta,9700000237,customer238@example.com,Near temple main road Ghaziabad,,201001,Ghaziabad,Uttar Pradesh,DRESS-RED-S,Red Summer Dress,1,2650,Prepaid,Xpressbees,Instagram,Influencer Drop,Instagram,paid,Influencer Drop,INS-1077,47,first_time,Undelivered,Customer requested future delivery,2,In NDR
FAS-24239,SH987650238,2026-04-29T14:30:00.000Z,Sara Ali,9700000238,customer239@example.com,"House 76, Block E, Bhubaneswar Residency, Sector 11",Near main market,751024,Bhubaneswar,Odisha,TSH-BLK-L,Oversized Black Tee,1,800,COD,Shiprocket,Shopify,Google Brand Search,Google,paid,Google Brand Search,GOO-1078,47,first_time,RTO,Customer not available,2,RTO
FAS-24240,XP987650239,2026-04-30T15:30:00.000Z,Nisha Nair,9700000239,customer240@example.com,"House 77, Block F, Patna Residency, Sector 12",Near main market,800001,Patna,Bihar,COORD-GRN-M,Green Co-ord Set,1,2350,COD,Xpressbees,WhatsApp,WhatsApp Repeat Buyers,WhatsApp,crm,WhatsApp Repeat Buyers,WHA-1079,54,first_time,Delivered,,0,Delivered
FAS-24241,DT987650240,2026-04-01T04:30:00.000Z,Aarav Sharma,9700000240,customer241@example.com,"House 78, Block A, Surat Residency, Sector 1",,395007,Surat,Gujarat,DENIM-WIDE-30,Wide Fit Denim,1,1800,COD,DTDC,Meta,Meta COD Scale,Meta,paid,Meta COD Scale,MET-1000,54,repeat_delivered,RTO,No response on phone,2,RTO
FAS-24242,BL987650241,2026-04-02T05:30:00.000Z,Diya Verma,9700000241,customer242@example.com,"House 79, Block B, Delhi Residency, Sector 2",Near main market,110024,Delhi,Delhi,KURTI-BLU-M,Blue Printed Kurti,1,1200,Prepaid,Bluedart,Instagram,Influencer Drop,Instagram,paid,Influencer Drop,INS-1001,56,first_time,Undelivered,Door locked,2,In NDR
FAS-24243,SH987650242,2026-04-03T06:30:00.000Z,Kabir Khan,9700000242,customer243@example.com,"House 80, Block C, Bengaluru Residency, Sector 3",Near main market,560095,Bengaluru,Karnataka,DRESS-RED-S,Red Summer Dress,1,2700,COD,Shadowfax,Shopify,Google Brand Search,Google,paid,Google Brand Search,GOO-1002,48,first_time,RTO,Customer refused delivery,2,RTO
FAS-24244,SH987650243,2026-04-04T07:30:00.000Z,Ananya Iyer,9700000243,customer244@example.com,"House 81, Block D, Ahmedabad Residency, Sector 4",Near main market,380015,Ahmedabad,Gujarat,TSH-BLK-L,Oversized Black Tee,1,750,COD,Shadowfax,WhatsApp,WhatsApp Repeat Buyers,WhatsApp,crm,WhatsApp Repeat Buyers,WHA-1003,54,first_time,Delivered,,0,Delivered
FAS-24245,EK987650244,2026-04-05T08:30:00.000Z,Riya Patel,9700000244,customer245@example.com,"House 82, Block E, Jaipur Residency, Sector 5",Near main market,302001,Jaipur,Rajasthan,COORD-GRN-M,Green Co-ord Set,1,2100,COD,Ekart,Meta,Meta COD Scale,Meta,paid,Meta COD Scale,MET-1004,42,repeat_delivered,Undelivered,Customer requested future delivery,1,In NDR
FAS-24246,DT987650245,2026-04-06T09:30:00.000Z,Vivaan Rao,9700000245,customer246@example.com,"House 83, Block F, Pune Residency, Sector 6",,411045,Pune,Maharashtra,DENIM-WIDE-30,Wide Fit Denim,1,1850,Prepaid,DTDC,Instagram,Influencer Drop,Instagram,paid,Influencer Drop,INS-1005,45,first_time,Delivered,,0,Delivered
FAS-24247,SH987650246,2026-04-07T10:30:00.000Z,Meera Singh,9700000246,customer247@example.com,"House 84, Block A, Kolkata Residency, Sector 7",Near main market,700016,Kolkata,West Bengal,KURTI-BLU-M,Blue Printed Kurti,1,1300,Prepaid,Shiprocket,Shopify,Google Brand Search,Google,paid,Google Brand Search,GOO-1006,45,first_time,RTO,Incorrect address,2,RTO
FAS-24248,XP987650247,2026-04-08T11:30:00.000Z,Ishaan Gupta,9700000247,customer248@example.com,"House 85, Block B, Lucknow Residency, Sector 8",Near main market,226010,Lucknow,Uttar Pradesh,DRESS-RED-S,Red Summer Dress,1,2650,COD,Xpressbees,WhatsApp,WhatsApp Repeat Buyers,WhatsApp,crm,WhatsApp Repeat Buyers,WHA-1007,55,first_time,Delivered,,0,Delivered
FAS-24249,BL987650248,2026-04-09T12:30:00.000Z,Sara Ali,9700000248,customer249@example.com,"House 86, Block C, Indore Residency, Sector 9",Near main market,452010,Indore,Madhya Pradesh,TSH-BLK-L,Oversized Black Tee,1,800,COD,Bluedart,Meta,Meta COD Scale,Meta,paid,Meta COD Scale,MET-1008,56,repeat_delivered,RTO,Door locked,2,RTO
FAS-24250,XP987650249,2026-04-10T13:30:00.000Z,Nisha Nair,9700000249,customer250@example.com,"House 87, Block D, Surat Residency, Sector 10",Near main market,395007,Surat,Gujarat,COORD-GRN-M,Green Co-ord Set,1,2150,COD,Xpressbees,Instagram,Influencer Drop,Instagram,paid,Influencer Drop,INS-1009,51,first_time,Undelivered,Customer refused delivery,2,In NDR
FAS-24251,SH987650250,2026-04-11T14:30:00.000Z,Aarav Sharma,9700000250,customer251@example.com,"House 88, Block E, Hyderabad Residency, Sector 11",,500081,Hyderabad,Telangana,DENIM-WIDE-30,Wide Fit Denim,1,1750,COD,Shadowfax,Shopify,Google Brand Search,Google,paid,Google Brand Search,GOO-1010,53,first_time,Delivered,,0,Delivered
FAS-24252,DE987650251,2026-04-12T15:30:00.000Z,Diya Verma,9700000251,customer252@example.com,"House 89, Block F, Mumbai Residency, Sector 12",Near main market,400053,Mumbai,Maharashtra,KURTI-BLU-M,Blue Printed Kurti,1,1300,COD,Delhivery,WhatsApp,WhatsApp Repeat Buyers,WhatsApp,crm,WhatsApp Repeat Buyers,WHA-1011,42,first_time,Undelivered,Customer requested future delivery,2,In NDR
FAS-24253,SH987650252,2026-04-13T04:30:00.000Z,Kabir Khan,9700000252,customer253@example.com,"House 90, Block A, Chennai Residency, Sector 1",Near main market,600042,Chennai,Tamil Nadu,DRESS-RED-S,Red Summer Dress,1,2650,COD,Shadowfax,Meta,Meta COD Scale,Meta,paid,Meta COD Scale,MET-1012,56,repeat_delivered,RTO,Customer not available,2,RTO
FAS-24254,BL987650253,2026-04-14T05:30:00.000Z,Ananya Iyer,9700000253,customer254@example.com,"House 91, Block B, Ghaziabad Residency, Sector 2",Near main market,201001,Ghaziabad,Uttar Pradesh,TSH-BLK-L,Oversized Black Tee,1,850,COD,Bluedart,Instagram,Influencer Drop,Instagram,paid,Influencer Drop,INS-1013,43,first_time,RTO,Incorrect address,3,RTO
FAS-24255,SH987650254,2026-04-15T06:30:00.000Z,Riya Patel,9700000254,customer255@example.com,"House 92, Block C, Patna Residency, Sector 3",Near main market,800001,Patna,Bihar,COORD-GRN-M,Green Co-ord Set,1,2300,COD,Shadowfax,Shopify,Google Brand Search,Google,paid,Google Brand Search,GOO-1014,53,first_time,RTO,No response on phone,2,RTO
FAS-24256,BL987650255,2026-04-16T07:30:00.000Z,Vivaan Rao,9700000255,customer256@example.com,"House 93, Block D, Patna Residency, Sector 4",,800001,Patna,Bihar,DENIM-WIDE-30,Wide Fit Denim,1,2050,COD,Bluedart,WhatsApp,WhatsApp Repeat Buyers,WhatsApp,crm,WhatsApp Repeat Buyers,WHA-1015,40,first_time,Cancelled,,0,Cancelled before shipping
FAS-24257,SH987650256,2026-04-17T08:30:00.000Z,Meera Singh,9700000256,customer257@example.com,Near temple main road Surat,,395007,Surat,Gujarat,KURTI-BLU-M,Blue Printed Kurti,1,1200,COD,Shiprocket,Meta,Meta COD Scale,Meta,paid,Meta COD Scale,MET-1016,40,repeat_delivered,RTO,Customer refused delivery,2,RTO
FAS-24258,SH987650257,2026-04-18T09:30:00.000Z,Ishaan Gupta,9700000257,customer258@example.com,"House 95, Block F, Bengaluru Residency, Sector 6",Near main market,560095,Bengaluru,Karnataka,DRESS-RED-S,Red Summer Dress,1,2600,COD,Shadowfax,Instagram,Influencer Drop,Instagram,paid,Influencer Drop,INS-1017,54,first_time,Undelivered,Cash not ready,2,In NDR
FAS-24259,SH987650258,2026-04-19T10:30:00.000Z,Sara Ali,9700000258,customer259@example.com,"House 96, Block A, Ahmedabad Residency, Sector 7",Near main market,380015,Ahmedabad,Gujarat,TSH-BLK-L,Oversized Black Tee,1,750,COD,Shadowfax,Shopify,Google Brand Search,Google,paid,Google Brand Search,GOO-1018,49,first_time,Undelivered,Customer requested future delivery,1,In NDR
FAS-24260,DT987650259,2026-04-20T11:30:00.000Z,Nisha Nair,9700000259,customer260@example.com,Near temple main road Patna,,800001,Patna,Bihar,COORD-GRN-M,Green Co-ord Set,1,2400,COD,DTDC,WhatsApp,WhatsApp Repeat Buyers,WhatsApp,crm,WhatsApp Repeat Buyers,WHA-1019,56,first_time,Undelivered,Customer not available,2,In NDR
FAS-24261,EK987650260,2026-04-21T12:30:00.000Z,Aarav Sharma,9700000260,customer261@example.com,Near temple main road Surat,,395007,Surat,Gujarat,DENIM-WIDE-30,Wide Fit Denim,1,1950,Prepaid,Ekart,Meta,Meta COD Scale,Meta,paid,Meta COD Scale,MET-1020,50,repeat_delivered,RTO,Incorrect address,2,RTO
FAS-24262,SH987650261,2026-04-22T13:30:00.000Z,Diya Verma,9700000261,customer262@example.com,"House 99, Block D, Kolkata Residency, Sector 10",Near main market,700016,Kolkata,West Bengal,KURTI-BLU-M,Blue Printed Kurti,2,1350,Prepaid,Shiprocket,Instagram,Influencer Drop,Instagram,paid,Influencer Drop,INS-1021,54,first_time,Delivered,,0,Delivered
FAS-24263,BL987650262,2026-04-23T14:30:00.000Z,Kabir Khan,9700000262,customer263@example.com,"House 100, Block E, Lucknow Residency, Sector 11",Near main market,226010,Lucknow,Uttar Pradesh,DRESS-RED-S,Red Summer Dress,1,2350,Prepaid,Bluedart,Shopify,Google Brand Search,Google,paid,Google Brand Search,GOO-1022,51,first_time,Delivered,,0,Delivered
FAS-24264,DT987650263,2026-04-24T15:30:00.000Z,Ananya Iyer,9700000263,customer264@example.com,"House 101, Block F, Indore Residency, Sector 12",Near main market,452010,Indore,Madhya Pradesh,TSH-BLK-L,Oversized Black Tee,1,750,COD,DTDC,WhatsApp,WhatsApp Repeat Buyers,WhatsApp,crm,WhatsApp Repeat Buyers,WHA-1023,51,first_time,Delivered,,0,Delivered
FAS-24265,SH987650264,2026-04-25T04:30:00.000Z,Riya Patel,9700000264,customer265@example.com,"House 102, Block A, Surat Residency, Sector 1",Near main market,395007,Surat,Gujarat,COORD-GRN-M,Green Co-ord Set,1,2300,COD,Shadowfax,Meta,Meta COD Scale,Meta,paid,Meta COD Scale,MET-1024,47,repeat_delivered,RTO,Cash not ready,2,RTO
FAS-24266,SH987650265,2026-04-26T05:30:00.000Z,Vivaan Rao,9700000265,customer266@example.com,"House 103, Block B, Hyderabad Residency, Sector 2",,500081,Hyderabad,Telangana,DENIM-WIDE-30,Wide Fit Denim,1,2050,Prepaid,Shiprocket,Instagram,Influencer Drop,Instagram,paid,Influencer Drop,INS-1025,40,first_time,RTO,Customer requested future delivery,3,RTO
FAS-24267,DE987650266,2026-04-27T06:30:00.000Z,Meera Singh,9700000266,customer267@example.com,"House 104, Block C, Mumbai Residency, Sector 3",Near main market,400053,Mumbai,Maharashtra,KURTI-BLU-M,Blue Printed Kurti,1,1300,COD,Delhivery,Shopify,Google Brand Search,Google,paid,Google Brand Search,GOO-1026,49,first_time,Delivered,,0,Delivered
FAS-24268,SH987650267,2026-04-28T07:30:00.000Z,Ishaan Gupta,9700000267,customer268@example.com,Near temple main road Patna,,800001,Patna,Bihar,DRESS-RED-S,Red Summer Dress,1,2350,COD,Shadowfax,WhatsApp,WhatsApp Repeat Buyers,WhatsApp,crm,WhatsApp Repeat Buyers,WHA-1027,42,first_time,Delivered,,0,Delivered
FAS-24269,SH987650268,2026-04-29T08:30:00.000Z,Sara Ali,9700000268,customer269@example.com,"House 106, Block E, Bhubaneswar Residency, Sector 5",Near main market,751024,Bhubaneswar,Odisha,TSH-BLK-L,Oversized Black Tee,1,750,COD,Shadowfax,Meta,Meta COD Scale,Meta,paid,Meta COD Scale,MET-1028,39,repeat_delivered,RTO,No response on phone,2,RTO
FAS-24270,DT987650269,2026-04-30T09:30:00.000Z,Nisha Nair,9700000269,customer270@example.com,"House 107, Block F, Ghaziabad Residency, Sector 6",Near main market,201001,Ghaziabad,Uttar Pradesh,COORD-GRN-M,Green Co-ord Set,1,2250,COD,DTDC,Instagram,Influencer Drop,Instagram,paid,Influencer Drop,INS-1029,44,first_time,RTO,Door locked,3,RTO
FAS-24271,EK987650270,2026-04-01T10:30:00.000Z,Aarav Sharma,9700000270,customer271@example.com,"House 18, Block A, Lucknow Residency, Sector 7",,226010,Lucknow,Uttar Pradesh,DENIM-WIDE-30,Wide Fit Denim,1,2000,Prepaid,Ekart,Shopify,Google Brand Search,Google,paid,Google Brand Search,GOO-1030,54,first_time,RTO,Customer refused delivery,2,RTO
FAS-24272,DT987650271,2026-04-02T11:30:00.000Z,Diya Verma,9700000271,customer272@example.com,"House 19, Block B, Delhi Residency, Sector 8",Near main market,110024,Delhi,Delhi,KURTI-BLU-M,Blue Printed Kurti,1,1400,Prepaid,DTDC,WhatsApp,WhatsApp Repeat Buyers,WhatsApp,crm,WhatsApp Repeat Buyers,WHA-1031,53,first_time,Delivered,,0,Delivered
FAS-24273,DT987650272,2026-04-03T12:30:00.000Z,Kabir Khan,9700000272,customer273@example.com,"House 20, Block C, Surat Residency, Sector 9",Near main market,395007,Surat,Gujarat,DRESS-RED-S,Red Summer Dress,1,2700,COD,DTDC,Meta,Meta COD Scale,Meta,paid,Meta COD Scale,MET-1032,53,repeat_delivered,RTO,Customer requested future delivery,2,RTO
FAS-24274,DE987650273,2026-04-04T13:30:00.000Z,Ananya Iyer,9700000273,customer274@example.com,"House 21, Block D, Ahmedabad Residency, Sector 10",Near main market,380015,Ahmedabad,Gujarat,TSH-BLK-L,Oversized Black Tee,1,850,COD,Delhivery,Instagram,Influencer Drop,Instagram,paid,Influencer Drop,INS-1033,43,first_time,Delivered,,0,Delivered
FAS-24275,SH987650274,2026-04-05T14:30:00.000Z,Riya Patel,9700000274,customer275@example.com,"House 22, Block E, Jaipur Residency, Sector 11",Near main market,302001,Jaipur,Rajasthan,COORD-GRN-M,Green Co-ord Set,1,2150,Prepaid,Shiprocket,Shopify,Google Brand Search,Google,paid,Google Brand Search,GOO-1034,52,first_time,Delivered,,0,Delivered
FAS-24276,SH987650275,2026-04-06T15:30:00.000Z,Vivaan Rao,9700000275,customer276@example.com,"House 23, Block F, Pune Residency, Sector 12",,411045,Pune,Maharashtra,DENIM-WIDE-30,Wide Fit Denim,1,1750,COD,Shiprocket,WhatsApp,WhatsApp Repeat Buyers,WhatsApp,crm,WhatsApp Repeat Buyers,WHA-1035,38,first_time,RTO,No response on phone,3,RTO
FAS-24277,SH987650276,2026-04-07T04:30:00.000Z,Meera Singh,9700000276,customer277@example.com,"House 24, Block A, Kolkata Residency, Sector 1",Near main market,700016,Kolkata,West Bengal,KURTI-BLU-M,Blue Printed Kurti,1,1400,COD,Shadowfax,Meta,Meta COD Scale,Meta,paid,Meta COD Scale,MET-1036,43,repeat_delivered,RTO,Door locked,2,RTO
FAS-24278,SH987650277,2026-04-08T05:30:00.000Z,Ishaan Gupta,9700000277,customer278@example.com,"House 25, Block B, Ghaziabad Residency, Sector 2",Near main market,201001,Ghaziabad,Uttar Pradesh,DRESS-RED-S,Red Summer Dress,1,2450,COD,Shadowfax,Instagram,Influencer Drop,Instagram,paid,Influencer Drop,INS-1037,51,first_time,RTO,Customer refused delivery,3,RTO
FAS-24279,XP987650278,2026-04-09T06:30:00.000Z,Sara Ali,9700000278,customer279@example.com,"House 26, Block C, Lucknow Residency, Sector 3",Near main market,226010,Lucknow,Uttar Pradesh,TSH-BLK-L,Oversized Black Tee,1,800,COD,Xpressbees,Shopify,Google Brand Search,Google,paid,Google Brand Search,GOO-1038,48,first_time,RTO,Cash not ready,2,RTO
FAS-24280,EK987650279,2026-04-10T07:30:00.000Z,Nisha Nair,9700000279,customer280@example.com,"House 27, Block D, Surat Residency, Sector 4",Near main market,395007,Surat,Gujarat,COORD-GRN-M,Green Co-ord Set,1,2150,COD,Ekart,WhatsApp,WhatsApp Repeat Buyers,WhatsApp,crm,WhatsApp Repeat Buyers,WHA-1039,45,first_time,RTO,Customer requested future delivery,3,RTO
FAS-24281,DE987650280,2026-04-11T08:30:00.000Z,Aarav Sharma,9700000280,customer281@example.com,"House 28, Block E, Hyderabad Residency, Sector 5",,500081,Hyderabad,Telangana,DENIM-WIDE-30,Wide Fit Denim,1,2000,COD,Delhivery,Meta,Meta COD Scale,Meta,paid,Meta COD Scale,MET-1040,51,repeat_delivered,RTO,Customer not available,2,RTO
FAS-24282,BL987650281,2026-04-12T09:30:00.000Z,Diya Verma,9700000281,customer282@example.com,"House 29, Block F, Mumbai Residency, Sector 6",Near main market,400053,Mumbai,Maharashtra,KURTI-BLU-M,Blue Printed Kurti,1,1350,COD,Bluedart,Instagram,Influencer Drop,Instagram,paid,Influencer Drop,INS-1041,45,first_time,RTO,Incorrect address,3,RTO
FAS-24283,BL987650282,2026-04-13T10:30:00.000Z,Kabir Khan,9700000282,customer283@example.com,"House 30, Block A, Chennai Residency, Sector 7",Near main market,600042,Chennai,Tamil Nadu,DRESS-RED-S,Red Summer Dress,1,2700,COD,Bluedart,Shopify,Google Brand Search,Google,paid,Google Brand Search,GOO-1042,48,first_time,Delivered,,0,Delivered
FAS-24284,DT987650283,2026-04-14T11:30:00.000Z,Ananya Iyer,9700000283,customer284@example.com,"House 31, Block B, Bhubaneswar Residency, Sector 8",Near main market,751024,Bhubaneswar,Odisha,TSH-BLK-L,Oversized Black Tee,1,800,COD,DTDC,WhatsApp,WhatsApp Repeat Buyers,WhatsApp,crm,WhatsApp Repeat Buyers,WHA-1043,39,first_time,Delivered,,0,Delivered
FAS-24285,XP987650284,2026-04-15T12:30:00.000Z,Riya Patel,9700000284,customer285@example.com,"House 32, Block C, Patna Residency, Sector 9",Near main market,800001,Patna,Bihar,COORD-GRN-M,Green Co-ord Set,1,2250,COD,Xpressbees,Meta,Meta COD Scale,Meta,paid,Meta COD Scale,MET-1044,47,repeat_delivered,Cancelled,,0,Cancelled before shipping
FAS-24286,BL987650285,2026-04-16T13:30:00.000Z,Vivaan Rao,9700000285,customer286@example.com,"House 33, Block D, Ghaziabad Residency, Sector 10",,201001,Ghaziabad,Uttar Pradesh,DENIM-WIDE-30,Wide Fit Denim,1,2050,COD,Bluedart,Instagram,Influencer Drop,Instagram,paid,Influencer Drop,INS-1045,48,first_time,RTO,Cash not ready,3,RTO
FAS-24287,EK987650286,2026-04-17T14:30:00.000Z,Meera Singh,9700000286,customer287@example.com,"House 34, Block E, Lucknow Residency, Sector 11",Near main market,226010,Lucknow,Uttar Pradesh,KURTI-BLU-M,Blue Printed Kurti,1,1300,Prepaid,Ekart,Shopify,Google Brand Search,Google,paid,Google Brand Search,GOO-1046,43,first_time,RTO,Customer requested future delivery,2,RTO
FAS-24288,SH987650287,2026-04-18T15:30:00.000Z,Ishaan Gupta,9700000287,customer288@example.com,"House 35, Block F, Bengaluru Residency, Sector 12",Near main market,560095,Bengaluru,Karnataka,DRESS-RED-S,Red Summer Dress,1,2400,Prepaid,Shadowfax,WhatsApp,WhatsApp Repeat Buyers,WhatsApp,crm,WhatsApp Repeat Buyers,WHA-1047,39,first_time,Undelivered,Customer not available,2,In NDR
FAS-24289,XP987650288,2026-04-19T04:30:00.000Z,Sara Ali,9700000288,customer289@example.com,"House 36, Block A, Ahmedabad Residency, Sector 1",Near main market,380015,Ahmedabad,Gujarat,TSH-BLK-L,Oversized Black Tee,1,750,Prepaid,Xpressbees,Meta,Meta COD Scale,Meta,paid,Meta COD Scale,MET-1048,55,repeat_delivered,Delivered,,0,Delivered
FAS-24290,SH987650289,2026-04-20T05:30:00.000Z,Nisha Nair,9700000289,customer290@example.com,"House 37, Block B, Jaipur Residency, Sector 2",Near main market,302001,Jaipur,Rajasthan,COORD-GRN-M,Green Co-ord Set,1,2350,Prepaid,Shadowfax,Instagram,Influencer Drop,Instagram,paid,Influencer Drop,INS-1049,54,first_time,RTO,No response on phone,3,RTO
FAS-24291,XP987650290,2026-04-21T06:30:00.000Z,Aarav Sharma,9700000290,customer291@example.com,"House 38, Block C, Pune Residency, Sector 3",,411045,Pune,Maharashtra,DENIM-WIDE-30,Wide Fit Denim,2,1900,COD,Xpressbees,Shopify,Google Brand Search,Google,paid,Google Brand Search,GOO-1050,47,first_time,Delivered,,0,Delivered
FAS-24292,BL987650291,2026-04-22T07:30:00.000Z,Diya Verma,9700000291,customer292@example.com,Near temple main road Patna,,800001,Patna,Bihar,KURTI-BLU-M,Blue Printed Kurti,1,1250,COD,Bluedart,WhatsApp,WhatsApp Repeat Buyers,WhatsApp,crm,WhatsApp Repeat Buyers,WHA-1051,47,first_time,Delivered,,0,Delivered
FAS-24293,BL987650292,2026-04-23T08:30:00.000Z,Kabir Khan,9700000292,customer293@example.com,"House 40, Block E, Lucknow Residency, Sector 5",Near main market,226010,Lucknow,Uttar Pradesh,DRESS-RED-S,Red Summer Dress,1,2300,COD,Bluedart,Meta,Meta COD Scale,Meta,paid,Meta COD Scale,MET-1052,55,repeat_delivered,RTO,Cash not ready,2,RTO
FAS-24294,SH987650293,2026-04-24T09:30:00.000Z,Ananya Iyer,9700000293,customer294@example.com,"House 41, Block F, Indore Residency, Sector 6",Near main market,452010,Indore,Madhya Pradesh,TSH-BLK-L,Oversized Black Tee,1,800,COD,Shadowfax,Instagram,Influencer Drop,Instagram,paid,Influencer Drop,INS-1053,58,first_time,Delivered,,0,Delivered
FAS-24295,XP987650294,2026-04-25T10:30:00.000Z,Riya Patel,9700000294,customer295@example.com,"House 42, Block A, Surat Residency, Sector 7",Near main market,395007,Surat,Gujarat,COORD-GRN-M,Green Co-ord Set,1,2500,COD,Xpressbees,Shopify,Google Brand Search,Google,paid,Google Brand Search,GOO-1054,49,first_time,Undelivered,Customer not available,1,In NDR
FAS-24296,DE987650295,2026-04-26T11:30:00.000Z,Vivaan Rao,9700000295,customer296@example.com,"House 43, Block B, Hyderabad Residency, Sector 8",,500081,Hyderabad,Telangana,DENIM-WIDE-30,Wide Fit Denim,1,1850,COD,Delhivery,WhatsApp,WhatsApp Repeat Buyers,WhatsApp,crm,WhatsApp Repeat Buyers,WHA-1055,55,first_time,RTO,Incorrect address,3,RTO
FAS-24297,SH987650296,2026-04-27T12:30:00.000Z,Meera Singh,9700000296,customer297@example.com,"House 44, Block C, Mumbai Residency, Sector 9",Near main market,400053,Mumbai,Maharashtra,KURTI-BLU-M,Blue Printed Kurti,1,1350,Prepaid,Shiprocket,Meta,Meta COD Scale,Meta,paid,Meta COD Scale,MET-1056,46,repeat_delivered,RTO,No response on phone,2,RTO
FAS-24298,DE987650297,2026-04-28T13:30:00.000Z,Ishaan Gupta,9700000297,customer298@example.com,"House 45, Block D, Chennai Residency, Sector 10",Near main market,600042,Chennai,Tamil Nadu,DRESS-RED-S,Red Summer Dress,1,2300,Prepaid,Delhivery,Instagram,Influencer Drop,Instagram,paid,Influencer Drop,INS-1057,58,first_time,Delivered,,0,Delivered
FAS-24299,BL987650298,2026-04-29T14:30:00.000Z,Sara Ali,9700000298,customer299@example.com,"House 46, Block E, Bhubaneswar Residency, Sector 11",Near main market,751024,Bhubaneswar,Odisha,TSH-BLK-L,Oversized Black Tee,1,850,COD,Bluedart,Shopify,Google Brand Search,Google,paid,Google Brand Search,GOO-1058,41,first_time,Delivered,,0,Delivered
FAS-24300,DE987650299,2026-04-30T15:30:00.000Z,Nisha Nair,9700000299,customer300@example.com,"House 47, Block F, Patna Residency, Sector 12",Near main market,800001,Patna,Bihar,COORD-GRN-M,Green Co-ord Set,1,2250,Prepaid,Delhivery,WhatsApp,WhatsApp Repeat Buyers,WhatsApp,crm,WhatsApp Repeat Buyers,WHA-1059,51,first_time,Undelivered,Cash not ready,2,In NDR
FAS-24301,DT987650300,2026-04-01T04:30:00.000Z,Aarav Sharma,9700000300,customer301@example.com,"House 48, Block A, Ghaziabad Residency, Sector 1",,201001,Ghaziabad,Uttar Pradesh,DENIM-WIDE-30,Wide Fit Denim,1,1800,COD,DTDC,Meta,Meta COD Scale,Meta,paid,Meta COD Scale,MET-1060,41,repeat_delivered,Cancelled,,0,Cancelled before shipping
FAS-24302,DE987650301,2026-04-02T05:30:00.000Z,Diya Verma,9700000301,customer302@example.com,"House 49, Block B, Ghaziabad Residency, Sector 2",Near main market,201001,Ghaziabad,Uttar Pradesh,KURTI-BLU-M,Blue Printed Kurti,1,1200,COD,Delhivery,Instagram,Influencer Drop,Instagram,paid,Influencer Drop,INS-1061,58,first_time,RTO,Customer not available,3,RTO
FAS-24303,SH987650302,2026-04-03T06:30:00.000Z,Kabir Khan,9700000302,customer303@example.com,"House 50, Block C, Bengaluru Residency, Sector 3",Near main market,560095,Bengaluru,Karnataka,DRESS-RED-S,Red Summer Dress,1,2600,COD,Shadowfax,Shopify,Google Brand Search,Google,paid,Google Brand Search,GOO-1062,51,first_time,RTO,Incorrect address,2,RTO
FAS-24304,SH987650303,2026-04-04T07:30:00.000Z,Ananya Iyer,9700000303,customer304@example.com,"House 51, Block D, Patna Residency, Sector 4",Near main market,800001,Patna,Bihar,TSH-BLK-L,Oversized Black Tee,1,800,COD,Shiprocket,WhatsApp,WhatsApp Repeat Buyers,WhatsApp,crm,WhatsApp Repeat Buyers,WHA-1063,47,first_time,Undelivered,No response on phone,2,In NDR
FAS-24305,DE987650304,2026-04-05T08:30:00.000Z,Riya Patel,9700000304,customer305@example.com,"House 52, Block E, Jaipur Residency, Sector 5",Near main market,302001,Jaipur,Rajasthan,COORD-GRN-M,Green Co-ord Set,1,2200,COD,Delhivery,Meta,Meta COD Scale,Meta,paid,Meta COD Scale,MET-1064,42,repeat_delivered,RTO,Door locked,2,RTO
FAS-24306,SH987650305,2026-04-06T09:30:00.000Z,Vivaan Rao,9700000305,customer306@example.com,"House 53, Block F, Pune Residency, Sector 6",,411045,Pune,Maharashtra,DENIM-WIDE-30,Wide Fit Denim,1,1900,COD,Shiprocket,Instagram,Influencer Drop,Instagram,paid,Influencer Drop,INS-1065,46,first_time,RTO,Customer refused delivery,3,RTO
FAS-24307,DT987650306,2026-04-07T10:30:00.000Z,Meera Singh,9700000306,customer307@example.com,Near temple main road Lucknow,,226010,Lucknow,Uttar Pradesh,KURTI-BLU-M,Blue Printed Kurti,1,1200,Prepaid,DTDC,Shopify,Google Brand Search,Google,paid,Google Brand Search,GOO-1066,48,first_time,Undelivered,Cash not ready,1,In NDR
FAS-24308,EK987650307,2026-04-08T11:30:00.000Z,Ishaan Gupta,9700000307,customer308@example.com,"House 55, Block B, Lucknow Residency, Sector 8",Near main market,226010,Lucknow,Uttar Pradesh,DRESS-RED-S,Red Summer Dress,1,2350,Prepaid,Ekart,WhatsApp,WhatsApp Repeat Buyers,WhatsApp,crm,WhatsApp Repeat Buyers,WHA-1067,47,first_time,Delivered,,0,Delivered
FAS-24309,DE987650308,2026-04-09T12:30:00.000Z,Sara Ali,9700000308,customer309@example.com,"House 56, Block C, Indore Residency, Sector 9",Near main market,452010,Indore,Madhya Pradesh,TSH-BLK-L,Oversized Black Tee,1,850,COD,Delhivery,Meta,Meta COD Scale,Meta,paid,Meta COD Scale,MET-1068,50,repeat_delivered,Undelivered,Customer not available,1,In NDR
FAS-24310,EK987650309,2026-04-10T13:30:00.000Z,Nisha Nair,9700000309,customer310@example.com,"House 57, Block D, Surat Residency, Sector 10",Near main market,395007,Surat,Gujarat,COORD-GRN-M,Green Co-ord Set,1,2150,COD,Ekart,Instagram,Influencer Drop,Instagram,paid,Influencer Drop,INS-1069,42,first_time,RTO,Incorrect address,3,RTO
FAS-24311,BL987650310,2026-04-11T14:30:00.000Z,Aarav Sharma,9700000310,customer311@example.com,"House 58, Block E, Hyderabad Residency, Sector 11",,500081,Hyderabad,Telangana,DENIM-WIDE-30,Wide Fit Denim,1,2050,COD,Bluedart,Shopify,Google Brand Search,Google,paid,Google Brand Search,GOO-1070,42,first_time,RTO,No response on phone,2,RTO
FAS-24312,SH987650311,2026-04-12T15:30:00.000Z,Diya Verma,9700000311,customer312@example.com,"House 59, Block F, Patna Residency, Sector 12",Near main market,800001,Patna,Bihar,KURTI-BLU-M,Blue Printed Kurti,1,1300,COD,Shiprocket,WhatsApp,WhatsApp Repeat Buyers,WhatsApp,crm,WhatsApp Repeat Buyers,WHA-1071,55,first_time,Delivered,,0,Delivered
FAS-24313,SH987650312,2026-04-13T04:30:00.000Z,Kabir Khan,9700000312,customer313@example.com,"House 60, Block A, Surat Residency, Sector 1",Near main market,395007,Surat,Gujarat,DRESS-RED-S,Red Summer Dress,1,2650,Prepaid,Shiprocket,Meta,Meta COD Scale,Meta,paid,Meta COD Scale,MET-1072,43,repeat_delivered,RTO,Customer refused delivery,2,RTO
FAS-24314,SH987650313,2026-04-14T05:30:00.000Z,Ananya Iyer,9700000313,customer314@example.com,Near temple main road Ghaziabad,,201001,Ghaziabad,Uttar Pradesh,TSH-BLK-L,Oversized Black Tee,1,750,COD,Shiprocket,Instagram,Influencer Drop,Instagram,paid,Influencer Drop,INS-1073,44,first_time,RTO,Cash not ready,3,RTO
FAS-24315,DT987650314,2026-04-15T06:30:00.000Z,Riya Patel,9700000314,customer315@example.com,"House 62, Block C, Patna Residency, Sector 3",Near main market,800001,Patna,Bihar,COORD-GRN-M,Green Co-ord Set,1,2400,COD,DTDC,Shopify,Google Brand Search,Google,paid,Google Brand Search,GOO-1074,49,first_time,Delivered,,0,Delivered
FAS-24316,XP987650315,2026-04-16T07:30:00.000Z,Vivaan Rao,9700000315,customer316@example.com,"House 63, Block D, Ghaziabad Residency, Sector 4",,201001,Ghaziabad,Uttar Pradesh,DENIM-WIDE-30,Wide Fit Denim,1,1950,COD,Xpressbees,WhatsApp,WhatsApp Repeat Buyers,WhatsApp,crm,WhatsApp Repeat Buyers,WHA-1075,51,first_time,Delivered,,0,Delivered
FAS-24317,EK987650316,2026-04-17T08:30:00.000Z,Meera Singh,9700000316,customer317@example.com,Near temple main road Surat,,395007,Surat,Gujarat,KURTI-BLU-M,Blue Printed Kurti,1,1200,COD,Ekart,Meta,Meta COD Scale,Meta,paid,Meta COD Scale,MET-1076,44,repeat_delivered,Undelivered,Incorrect address,1,In NDR
FAS-24318,EK987650317,2026-04-18T09:30:00.000Z,Ishaan Gupta,9700000317,customer318@example.com,"House 65, Block F, Bengaluru Residency, Sector 6",Near main market,560095,Bengaluru,Karnataka,DRESS-RED-S,Red Summer Dress,1,2450,COD,Ekart,Instagram,Influencer Drop,Instagram,paid,Influencer Drop,INS-1077,57,first_time,Undelivered,No response on phone,2,In NDR
FAS-24319,SH987650318,2026-04-19T10:30:00.000Z,Sara Ali,9700000318,customer319@example.com,"House 66, Block A, Ahmedabad Residency, Sector 7",Near main market,380015,Ahmedabad,Gujarat,TSH-BLK-L,Oversized Black Tee,1,850,COD,Shadowfax,Shopify,Google Brand Search,Google,paid,Google Brand Search,GOO-1078,39,first_time,Cancelled,,0,Cancelled before shipping
FAS-24320,SH987650319,2026-04-20T11:30:00.000Z,Nisha Nair,9700000319,customer320@example.com,"House 67, Block B, Patna Residency, Sector 8",Near main market,800001,Patna,Bihar,COORD-GRN-M,Green Co-ord Set,2,2400,Prepaid,Shadowfax,WhatsApp,WhatsApp Repeat Buyers,WhatsApp,crm,WhatsApp Repeat Buyers,WHA-1079,39,first_time,Delivered,,0,Delivered
FAS-24321,BL987650320,2026-04-21T12:30:00.000Z,Aarav Sharma,9700000320,customer321@example.com,Near temple main road Surat,,395007,Surat,Gujarat,DENIM-WIDE-30,Wide Fit Denim,1,1800,COD,Bluedart,Meta,Meta COD Scale,Meta,paid,Meta COD Scale,MET-1000,45,repeat_delivered,RTO,Cash not ready,2,RTO
FAS-24322,EK987650321,2026-04-22T13:30:00.000Z,Diya Verma,9700000321,customer322@example.com,Near temple main road Ghaziabad,,201001,Ghaziabad,Uttar Pradesh,KURTI-BLU-M,Blue Printed Kurti,1,1250,COD,Ekart,Instagram,Influencer Drop,Instagram,paid,Influencer Drop,INS-1001,53,first_time,RTO,Customer requested future delivery,3,RTO
FAS-24323,EK987650322,2026-04-23T14:30:00.000Z,Kabir Khan,9700000322,customer323@example.com,"House 70, Block E, Lucknow Residency, Sector 11",Near main market,226010,Lucknow,Uttar Pradesh,DRESS-RED-S,Red Summer Dress,1,2400,Prepaid,Ekart,Shopify,Google Brand Search,Google,paid,Google Brand Search,GOO-1002,57,first_time,Delivered,,0,Delivered
FAS-24324,EK987650323,2026-04-24T15:30:00.000Z,Ananya Iyer,9700000323,customer324@example.com,"House 71, Block F, Patna Residency, Sector 12",Near main market,800001,Patna,Bihar,TSH-BLK-L,Oversized Black Tee,1,800,Prepaid,Ekart,WhatsApp,WhatsApp Repeat Buyers,WhatsApp,crm,WhatsApp Repeat Buyers,WHA-1003,56,first_time,Undelivered,Incorrect address,2,In NDR
FAS-24325,SH987650324,2026-04-25T04:30:00.000Z,Riya Patel,9700000324,customer325@example.com,"House 72, Block A, Surat Residency, Sector 1",Near main market,395007,Surat,Gujarat,COORD-GRN-M,Green Co-ord Set,1,2450,COD,Shadowfax,Meta,Meta COD Scale,Meta,paid,Meta COD Scale,MET-1004,52,repeat_delivered,RTO,No response on phone,2,RTO
FAS-24326,SH987650325,2026-04-26T05:30:00.000Z,Vivaan Rao,9700000325,customer326@example.com,"House 73, Block B, Hyderabad Residency, Sector 2",,500081,Hyderabad,Telangana,DENIM-WIDE-30,Wide Fit Denim,1,1850,COD,Shiprocket,Instagram,Influencer Drop,Instagram,paid,Influencer Drop,INS-1005,56,first_time,RTO,Door locked,3,RTO
FAS-24327,EK987650326,2026-04-27T06:30:00.000Z,Meera Singh,9700000326,customer327@example.com,"House 74, Block C, Mumbai Residency, Sector 3",Near main market,400053,Mumbai,Maharashtra,KURTI-BLU-M,Blue Printed Kurti,1,1300,Prepaid,Ekart,Shopify,Google Brand Search,Google,paid,Google Brand Search,GOO-1006,56,first_time,Delivered,,0,Delivered
FAS-24328,SH987650327,2026-04-28T07:30:00.000Z,Ishaan Gupta,9700000327,customer328@example.com,"House 75, Block D, Chennai Residency, Sector 4",Near main market,600042,Chennai,Tamil Nadu,DRESS-RED-S,Red Summer Dress,1,2650,Prepaid,Shiprocket,WhatsApp,WhatsApp Repeat Buyers,WhatsApp,crm,WhatsApp Repeat Buyers,WHA-1007,49,first_time,Undelivered,Cash not ready,2,In NDR
FAS-24329,BL987650328,2026-04-29T08:30:00.000Z,Sara Ali,9700000328,customer329@example.com,"House 76, Block E, Bhubaneswar Residency, Sector 5",Near main market,751024,Bhubaneswar,Odisha,TSH-BLK-L,Oversized Black Tee,1,800,Prepaid,Bluedart,Meta,Meta COD Scale,Meta,paid,Meta COD Scale,MET-1008,55,repeat_delivered,Undelivered,Customer requested future delivery,1,In NDR
FAS-24330,SH987650329,2026-04-30T09:30:00.000Z,Nisha Nair,9700000329,customer330@example.com,"House 77, Block F, Patna Residency, Sector 6",Near main market,800001,Patna,Bihar,COORD-GRN-M,Green Co-ord Set,1,2100,COD,Shiprocket,Instagram,Influencer Drop,Instagram,paid,Influencer Drop,INS-1009,51,first_time,Cancelled,,0,Cancelled before shipping
FAS-24331,BL987650330,2026-04-01T10:30:00.000Z,Aarav Sharma,9700000330,customer331@example.com,"House 78, Block A, Lucknow Residency, Sector 7",,226010,Lucknow,Uttar Pradesh,DENIM-WIDE-30,Wide Fit Denim,1,1750,COD,Bluedart,Shopify,Google Brand Search,Google,paid,Google Brand Search,GOO-1010,41,first_time,Undelivered,Incorrect address,1,In NDR
FAS-24332,EK987650331,2026-04-02T11:30:00.000Z,Diya Verma,9700000331,customer332@example.com,"House 79, Block B, Delhi Residency, Sector 8",Near main market,110024,Delhi,Delhi,KURTI-BLU-M,Blue Printed Kurti,1,1200,Prepaid,Ekart,WhatsApp,WhatsApp Repeat Buyers,WhatsApp,crm,WhatsApp Repeat Buyers,WHA-1011,44,first_time,RTO,No response on phone,3,RTO
FAS-24333,SH987650332,2026-04-03T12:30:00.000Z,Kabir Khan,9700000332,customer333@example.com,"House 80, Block C, Bengaluru Residency, Sector 9",Near main market,560095,Bengaluru,Karnataka,DRESS-RED-S,Red Summer Dress,1,2550,COD,Shadowfax,Meta,Meta COD Scale,Meta,paid,Meta COD Scale,MET-1012,46,repeat_delivered,Undelivered,Door locked,1,In NDR
FAS-24334,EK987650333,2026-04-04T13:30:00.000Z,Ananya Iyer,9700000333,customer334@example.com,"House 81, Block D, Ahmedabad Residency, Sector 10",Near main market,380015,Ahmedabad,Gujarat,TSH-BLK-L,Oversized Black Tee,1,850,COD,Ekart,Instagram,Influencer Drop,Instagram,paid,Influencer Drop,INS-1013,55,first_time,Undelivered,Customer refused delivery,2,In NDR
FAS-24335,EK987650334,2026-04-05T14:30:00.000Z,Riya Patel,9700000334,customer335@example.com,"House 82, Block E, Lucknow Residency, Sector 11",Near main market,226010,Lucknow,Uttar Pradesh,COORD-GRN-M,Green Co-ord Set,1,2150,COD,Ekart,Shopify,Google Brand Search,Google,paid,Google Brand Search,GOO-1014,45,first_time,Delivered,,0,Delivered
FAS-24336,SH987650335,2026-04-06T15:30:00.000Z,Vivaan Rao,9700000335,customer336@example.com,"House 83, Block F, Pune Residency, Sector 12",,411045,Pune,Maharashtra,DENIM-WIDE-30,Wide Fit Denim,1,2000,COD,Shadowfax,WhatsApp,WhatsApp Repeat Buyers,WhatsApp,crm,WhatsApp Repeat Buyers,WHA-1015,44,first_time,Delivered,,0,Delivered
FAS-24337,DE987650336,2026-04-07T04:30:00.000Z,Meera Singh,9700000336,customer337@example.com,Near temple main road Surat,,395007,Surat,Gujarat,KURTI-BLU-M,Blue Printed Kurti,1,1350,COD,Delhivery,Meta,Meta COD Scale,Meta,paid,Meta COD Scale,MET-1016,52,repeat_delivered,Undelivered,Customer not available,1,In NDR
FAS-24338,DT987650337,2026-04-08T05:30:00.000Z,Ishaan Gupta,9700000337,customer338@example.com,"House 85, Block B, Lucknow Residency, Sector 2",Near main market,226010,Lucknow,Uttar Pradesh,DRESS-RED-S,Red Summer Dress,1,2500,COD,DTDC,Instagram,Influencer Drop,Instagram,paid,Influencer Drop,INS-1017,40,first_time,RTO,Incorrect address,3,RTO
FAS-24339,DT987650338,2026-04-09T06:30:00.000Z,Sara Ali,9700000338,customer339@example.com,"House 86, Block C, Lucknow Residency, Sector 3",Near main market,226010,Lucknow,Uttar Pradesh,TSH-BLK-L,Oversized Black Tee,1,850,Prepaid,DTDC,Shopify,Google Brand Search,Google,paid,Google Brand Search,GOO-1018,43,first_time,Undelivered,No response on phone,1,In NDR
FAS-24340,SH987650339,2026-04-10T07:30:00.000Z,Nisha Nair,9700000339,customer340@example.com,"House 87, Block D, Patna Residency, Sector 4",Near main market,800001,Patna,Bihar,COORD-GRN-M,Green Co-ord Set,1,2350,COD,Shiprocket,WhatsApp,WhatsApp Repeat Buyers,WhatsApp,crm,WhatsApp Repeat Buyers,WHA-1019,50,first_time,Delivered,,0,Delivered
FAS-24341,EK987650340,2026-04-11T08:30:00.000Z,Aarav Sharma,9700000340,customer341@example.com,"House 88, Block E, Hyderabad Residency, Sector 5",,500081,Hyderabad,Telangana,DENIM-WIDE-30,Wide Fit Denim,1,1750,COD,Ekart,Meta,Meta COD Scale,Meta,paid,Meta COD Scale,MET-1020,53,repeat_delivered,RTO,Customer refused delivery,2,RTO
FAS-24342,XP987650341,2026-04-12T09:30:00.000Z,Diya Verma,9700000341,customer342@example.com,"House 89, Block F, Mumbai Residency, Sector 6",Near main market,400053,Mumbai,Maharashtra,KURTI-BLU-M,Blue Printed Kurti,1,1300,COD,Xpressbees,Instagram,Influencer Drop,Instagram,paid,Influencer Drop,INS-1021,55,first_time,RTO,Cash not ready,3,RTO
FAS-24343,DE987650342,2026-04-13T10:30:00.000Z,Kabir Khan,9700000342,customer343@example.com,"House 90, Block A, Chennai Residency, Sector 7",Near main market,600042,Chennai,Tamil Nadu,DRESS-RED-S,Red Summer Dress,1,2350,Prepaid,Delhivery,Shopify,Google Brand Search,Google,paid,Google Brand Search,GOO-1022,52,first_time,RTO,Customer requested future delivery,2,RTO
FAS-24344,SH987650343,2026-04-14T11:30:00.000Z,Ananya Iyer,9700000343,customer344@example.com,"House 91, Block B, Patna Residency, Sector 8",Near main market,800001,Patna,Bihar,TSH-BLK-L,Oversized Black Tee,1,850,COD,Shiprocket,WhatsApp,WhatsApp Repeat Buyers,WhatsApp,crm,WhatsApp Repeat Buyers,WHA-1023,46,first_time,Delivered,,0,Delivered
FAS-24345,XP987650344,2026-04-15T12:30:00.000Z,Riya Patel,9700000344,customer345@example.com,"House 92, Block C, Patna Residency, Sector 9",Near main market,800001,Patna,Bihar,COORD-GRN-M,Green Co-ord Set,1,2200,COD,Xpressbees,Meta,Meta COD Scale,Meta,paid,Meta COD Scale,MET-1024,44,repeat_delivered,Undelivered,Incorrect address,1,In NDR
FAS-24346,DT987650345,2026-04-16T13:30:00.000Z,Vivaan Rao,9700000345,customer346@example.com,"House 93, Block D, Ghaziabad Residency, Sector 10",,201001,Ghaziabad,Uttar Pradesh,DENIM-WIDE-30,Wide Fit Denim,1,1850,COD,DTDC,Instagram,Influencer Drop,Instagram,paid,Influencer Drop,INS-1025,54,first_time,Undelivered,No response on phone,2,In NDR
FAS-24347,DE987650346,2026-04-17T14:30:00.000Z,Meera Singh,9700000346,customer347@example.com,Near temple main road Lucknow,,226010,Lucknow,Uttar Pradesh,KURTI-BLU-M,Blue Printed Kurti,1,1200,Prepaid,Delhivery,Shopify,Google Brand Search,Google,paid,Google Brand Search,GOO-1026,38,first_time,Undelivered,Door locked,1,In NDR
FAS-24348,SH987650347,2026-04-18T15:30:00.000Z,Ishaan Gupta,9700000347,customer348@example.com,"House 95, Block F, Bengaluru Residency, Sector 12",Near main market,560095,Bengaluru,Karnataka,DRESS-RED-S,Red Summer Dress,1,2500,COD,Shiprocket,WhatsApp,WhatsApp Repeat Buyers,WhatsApp,crm,WhatsApp Repeat Buyers,WHA-1027,49,first_time,Cancelled,,0,Cancelled before shipping
FAS-24349,EK987650348,2026-04-19T04:30:00.000Z,Sara Ali,9700000348,customer349@example.com,"House 96, Block A, Ahmedabad Residency, Sector 1",Near main market,380015,Ahmedabad,Gujarat,TSH-BLK-L,Oversized Black Tee,2,800,COD,Ekart,Meta,Meta COD Scale,Meta,paid,Meta COD Scale,MET-1028,48,repeat_delivered,Cancelled,,0,Cancelled before shipping
FAS-24350,EK987650349,2026-04-20T05:30:00.000Z,Nisha Nair,9700000349,customer350@example.com,"House 97, Block B, Ghaziabad Residency, Sector 2",Near main market,201001,Ghaziabad,Uttar Pradesh,COORD-GRN-M,Green Co-ord Set,1,2450,Prepaid,Ekart,Instagram,Influencer Drop,Instagram,paid,Influencer Drop,INS-1029,54,first_time,RTO,Customer requested future delivery,3,RTO
FAS-24351,EK987650350,2026-04-21T06:30:00.000Z,Aarav Sharma,9700000000,customer351@example.com,Near temple main road Lucknow,,226010,Lucknow,Uttar Pradesh,DENIM-WIDE-30,Wide Fit Denim,1,2050,COD,Ekart,Shopify,Google Brand Search,Google,paid,Google Brand Search,GOO-1030,58,first_time,Undelivered,Customer not available,1,In NDR
FAS-24352,DT987650351,2026-04-22T07:30:00.000Z,Diya Verma,9700000001,customer352@example.com,"House 99, Block D, Kolkata Residency, Sector 4",Near main market,700016,Kolkata,West Bengal,KURTI-BLU-M,Blue Printed Kurti,1,1200,COD,DTDC,WhatsApp,WhatsApp Repeat Buyers,WhatsApp,crm,WhatsApp Repeat Buyers,WHA-1031,38,first_time,Delivered,,0,Delivered
FAS-24353,EK987650352,2026-04-23T08:30:00.000Z,Kabir Khan,9700000002,customer353@example.com,"House 100, Block E, Lucknow Residency, Sector 5",Near main market,226010,Lucknow,Uttar Pradesh,DRESS-RED-S,Red Summer Dress,1,2700,COD,Ekart,Meta,Meta COD Scale,Meta,paid,Meta COD Scale,MET-1032,55,repeat_delivered,RTO,No response on phone,2,RTO
FAS-24354,BL987650353,2026-04-24T09:30:00.000Z,Ananya Iyer,9700000003,customer354@example.com,"House 101, Block F, Indore Residency, Sector 6",Near main market,452010,Indore,Madhya Pradesh,TSH-BLK-L,Oversized Black Tee,1,850,COD,Bluedart,Instagram,Influencer Drop,Instagram,paid,Influencer Drop,INS-1033,51,first_time,Cancelled,,0,Cancelled before shipping
FAS-24355,EK987650354,2026-04-25T10:30:00.000Z,Riya Patel,9700000004,customer355@example.com,"House 102, Block A, Surat Residency, Sector 7",Near main market,395007,Surat,Gujarat,COORD-GRN-M,Green Co-ord Set,1,2500,COD,Ekart,Shopify,Google Brand Search,Google,paid,Google Brand Search,GOO-1034,56,first_time,RTO,Customer refused delivery,2,RTO
FAS-24356,BL987650355,2026-04-26T11:30:00.000Z,Vivaan Rao,9700000005,customer356@example.com,"House 103, Block B, Hyderabad Residency, Sector 8",,500081,Hyderabad,Telangana,DENIM-WIDE-30,Wide Fit Denim,1,1900,Prepaid,Bluedart,WhatsApp,WhatsApp Repeat Buyers,WhatsApp,crm,WhatsApp Repeat Buyers,WHA-1035,57,first_time,RTO,Cash not ready,3,RTO
FAS-24357,DE987650356,2026-04-27T12:30:00.000Z,Meera Singh,9700000006,customer357@example.com,"House 104, Block C, Mumbai Residency, Sector 9",Near main market,400053,Mumbai,Maharashtra,KURTI-BLU-M,Blue Printed Kurti,1,1350,Prepaid,Delhivery,Meta,Meta COD Scale,Meta,paid,Meta COD Scale,MET-1036,46,repeat_delivered,Undelivered,Customer requested future delivery,1,In NDR
FAS-24358,DE987650357,2026-04-28T13:30:00.000Z,Ishaan Gupta,9700000007,customer358@example.com,Near temple main road Ghaziabad,,201001,Ghaziabad,Uttar Pradesh,DRESS-RED-S,Red Summer Dress,1,2300,Prepaid,Delhivery,Instagram,Influencer Drop,Instagram,paid,Influencer Drop,INS-1037,56,first_time,RTO,Customer not available,3,RTO
FAS-24359,EK987650358,2026-04-29T14:30:00.000Z,Sara Ali,9700000008,customer359@example.com,"House 106, Block E, Bhubaneswar Residency, Sector 11",Near main market,751024,Bhubaneswar,Odisha,TSH-BLK-L,Oversized Black Tee,1,850,COD,Ekart,Shopify,Google Brand Search,Google,paid,Google Brand Search,GOO-1038,39,first_time,Delivered,,0,Delivered
FAS-24360,DE987650359,2026-04-30T15:30:00.000Z,Nisha Nair,9700000009,customer360@example.com,"House 107, Block F, Patna Residency, Sector 12",Near main market,800001,Patna,Bihar,COORD-GRN-M,Green Co-ord Set,1,2200,COD,Delhivery,WhatsApp,WhatsApp Repeat Buyers,WhatsApp,crm,WhatsApp Repeat Buyers,WHA-1039,43,first_time,RTO,No response on phone,3,RTO
FAS-24361,SH987650360,2026-04-01T04:30:00.000Z,Aarav Sharma,9700000010,customer361@example.com,"House 18, Block A, Ghaziabad Residency, Sector 1",,201001,Ghaziabad,Uttar Pradesh,DENIM-WIDE-30,Wide Fit Denim,1,1850,COD,Shiprocket,Meta,Meta COD Scale,Meta,paid,Meta COD Scale,MET-1040,50,repeat_delivered,Delivered,,0,Delivered
FAS-24362,DE987650361,2026-04-02T05:30:00.000Z,Diya Verma,9700000011,customer362@example.com,"House 19, Block B, Delhi Residency, Sector 2",Near main market,110024,Delhi,Delhi,KURTI-BLU-M,Blue Printed Kurti,1,1200,COD,Delhivery,Instagram,Influencer Drop,Instagram,paid,Influencer Drop,INS-1041,46,first_time,RTO,Customer refused delivery,3,RTO
FAS-24363,EK987650362,2026-04-03T06:30:00.000Z,Kabir Khan,9700000012,customer363@example.com,"House 20, Block C, Bengaluru Residency, Sector 3",Near main market,560095,Bengaluru,Karnataka,DRESS-RED-S,Red Summer Dress,1,2400,COD,Ekart,Shopify,Google Brand Search,Google,paid,Google Brand Search,GOO-1042,42,first_time,RTO,Cash not ready,2,RTO
FAS-24364,SH987650363,2026-04-04T07:30:00.000Z,Ananya Iyer,9700000013,customer364@example.com,"House 21, Block D, Ahmedabad Residency, Sector 4",Near main market,380015,Ahmedabad,Gujarat,TSH-BLK-L,Oversized Black Tee,1,800,COD,Shiprocket,WhatsApp,WhatsApp Repeat Buyers,WhatsApp,crm,WhatsApp Repeat Buyers,WHA-1043,40,first_time,Delivered,,0,Delivered
FAS-24365,BL987650364,2026-04-05T08:30:00.000Z,Riya Patel,9700000014,customer365@example.com,"House 22, Block E, Jaipur Residency, Sector 5",Near main market,302001,Jaipur,Rajasthan,COORD-GRN-M,Green Co-ord Set,1,2400,Prepaid,Bluedart,Meta,Meta COD Scale,Meta,paid,Meta COD Scale,MET-1044,53,repeat_delivered,Delivered,,0,Delivered
FAS-24366,XP987650365,2026-04-06T09:30:00.000Z,Vivaan Rao,9700000015,customer366@example.com,"House 23, Block F, Pune Residency, Sector 6",,411045,Pune,Maharashtra,DENIM-WIDE-30,Wide Fit Denim,1,1850,COD,Xpressbees,Instagram,Influencer Drop,Instagram,paid,Influencer Drop,INS-1045,54,first_time,Undelivered,Incorrect address,2,In NDR
FAS-24367,DE987650366,2026-04-07T10:30:00.000Z,Meera Singh,9700000016,customer367@example.com,"House 24, Block A, Lucknow Residency, Sector 7",Near main market,226010,Lucknow,Uttar Pradesh,KURTI-BLU-M,Blue Printed Kurti,1,1300,COD,Delhivery,Shopify,Google Brand Search,Google,paid,Google Brand Search,GOO-1046,54,first_time,RTO,No response on phone,2,RTO
FAS-24368,DT987650367,2026-04-08T11:30:00.000Z,Ishaan Gupta,9700000017,customer368@example.com,"House 25, Block B, Patna Residency, Sector 8",Near main market,800001,Patna,Bihar,DRESS-RED-S,Red Summer Dress,1,2450,Prepaid,DTDC,WhatsApp,WhatsApp Repeat Buyers,WhatsApp,crm,WhatsApp Repeat Buyers,WHA-1047,48,first_time,RTO,Door locked,3,RTO
FAS-24369,XP987650368,2026-04-09T12:30:00.000Z,Sara Ali,9700000018,customer369@example.com,"House 26, Block C, Surat Residency, Sector 9",Near main market,395007,Surat,Gujarat,TSH-BLK-L,Oversized Black Tee,1,800,COD,Xpressbees,Meta,Meta COD Scale,Meta,paid,Meta COD Scale,MET-1048,41,repeat_delivered,RTO,Customer refused delivery,2,RTO
FAS-24370,SH987650369,2026-04-10T13:30:00.000Z,Nisha Nair,9700000019,customer370@example.com,"House 27, Block D, Surat Residency, Sector 10",Near main market,395007,Surat,Gujarat,COORD-GRN-M,Green Co-ord Set,1,2400,COD,Shiprocket,Instagram,Influencer Drop,Instagram,paid,Influencer Drop,INS-1049,57,first_time,RTO,Cash not ready,3,RTO
FAS-24371,DE987650370,2026-04-11T14:30:00.000Z,Aarav Sharma,9700000020,customer371@example.com,"House 28, Block E, Hyderabad Residency, Sector 11",,500081,Hyderabad,Telangana,DENIM-WIDE-30,Wide Fit Denim,1,2000,COD,Delhivery,Shopify,Google Brand Search,Google,paid,Google Brand Search,GOO-1050,57,first_time,Undelivered,Customer requested future delivery,1,In NDR
FAS-24372,EK987650371,2026-04-12T15:30:00.000Z,Diya Verma,9700000021,customer372@example.com,"House 29, Block F, Patna Residency, Sector 12",Near main market,800001,Patna,Bihar,KURTI-BLU-M,Blue Printed Kurti,1,1250,COD,Ekart,WhatsApp,WhatsApp Repeat Buyers,WhatsApp,crm,WhatsApp Repeat Buyers,WHA-1051,52,first_time,Undelivered,Customer not available,2,In NDR
FAS-24373,SH987650372,2026-04-13T04:30:00.000Z,Kabir Khan,9700000022,customer373@example.com,"House 30, Block A, Chennai Residency, Sector 1",Near main market,600042,Chennai,Tamil Nadu,DRESS-RED-S,Red Summer Dress,1,2350,Prepaid,Shiprocket,Meta,Meta COD Scale,Meta,paid,Meta COD Scale,MET-1052,49,repeat_delivered,RTO,Incorrect address,2,RTO
FAS-24374,EK987650373,2026-04-14T05:30:00.000Z,Ananya Iyer,9700000023,customer374@example.com,"House 31, Block B, Ghaziabad Residency, Sector 2",Near main market,201001,Ghaziabad,Uttar Pradesh,TSH-BLK-L,Oversized Black Tee,1,750,COD,Ekart,Instagram,Influencer Drop,Instagram,paid,Influencer Drop,INS-1053,44,first_time,RTO,No response on phone,3,RTO
FAS-24375,DE987650374,2026-04-15T06:30:00.000Z,Riya Patel,9700000024,customer375@example.com,"House 32, Block C, Lucknow Residency, Sector 3",Near main market,226010,Lucknow,Uttar Pradesh,COORD-GRN-M,Green Co-ord Set,1,2300,COD,Delhivery,Shopify,Google Brand Search,Google,paid,Google Brand Search,GOO-1054,40,first_time,Undelivered,Door locked,1,In NDR
FAS-24376,DT987650375,2026-04-16T07:30:00.000Z,Vivaan Rao,9700000025,customer376@example.com,"House 33, Block D, Ghaziabad Residency, Sector 4",,201001,Ghaziabad,Uttar Pradesh,DENIM-WIDE-30,Wide Fit Denim,1,1900,COD,DTDC,WhatsApp,WhatsApp Repeat Buyers,WhatsApp,crm,WhatsApp Repeat Buyers,WHA-1055,45,first_time,Undelivered,Customer refused delivery,2,In NDR
FAS-24377,DE987650376,2026-04-17T08:30:00.000Z,Meera Singh,9700000026,customer377@example.com,"House 34, Block E, Delhi Residency, Sector 5",Near main market,110024,Delhi,Delhi,KURTI-BLU-M,Blue Printed Kurti,1,1300,COD,Delhivery,Meta,Meta COD Scale,Meta,paid,Meta COD Scale,MET-1056,45,repeat_delivered,Undelivered,Cash not ready,1,In NDR
FAS-24378,EK987650377,2026-04-18T09:30:00.000Z,Ishaan Gupta,9700000027,customer378@example.com,"House 35, Block F, Bengaluru Residency, Sector 6",Near main market,560095,Bengaluru,Karnataka,DRESS-RED-S,Red Summer Dress,2,2550,COD,Ekart,Instagram,Influencer Drop,Instagram,paid,Influencer Drop,INS-1057,43,first_time,RTO,Customer requested future delivery,3,RTO
FAS-24379,SH987650378,2026-04-19T10:30:00.000Z,Sara Ali,9700000028,customer379@example.com,"House 36, Block A, Ahmedabad Residency, Sector 7",Near main market,380015,Ahmedabad,Gujarat,TSH-BLK-L,Oversized Black Tee,1,800,COD,Shadowfax,Shopify,Google Brand Search,Google,paid,Google Brand Search,GOO-1058,48,first_time,Cancelled,,0,Cancelled before shipping
FAS-24380,SH987650379,2026-04-20T11:30:00.000Z,Nisha Nair,9700000029,customer380@example.com,Near temple main road Patna,,800001,Patna,Bihar,COORD-GRN-M,Green Co-ord Set,1,2150,COD,Shadowfax,WhatsApp,WhatsApp Repeat Buyers,WhatsApp,crm,WhatsApp Repeat Buyers,WHA-1059,52,first_time,Delivered,,0,Delivered
FAS-24381,BL987650380,2026-04-21T12:30:00.000Z,Aarav Sharma,9700000030,customer381@example.com,"House 38, Block C, Pune Residency, Sector 9",,411045,Pune,Maharashtra,DENIM-WIDE-30,Wide Fit Denim,1,1900,COD,Bluedart,Meta,Meta COD Scale,Meta,paid,Meta COD Scale,MET-1060,48,repeat_delivered,RTO,No response on phone,2,RTO
FAS-24382,SH987650381,2026-04-22T13:30:00.000Z,Diya Verma,9700000031,customer382@example.com,"House 39, Block D, Kolkata Residency, Sector 10",Near main market,700016,Kolkata,West Bengal,KURTI-BLU-M,Blue Printed Kurti,1,1350,Prepaid,Shadowfax,Instagram,Influencer Drop,Instagram,paid,Influencer Drop,INS-1061,58,first_time,Delivered,,0,Delivered
FAS-24383,XP987650382,2026-04-23T14:30:00.000Z,Kabir Khan,9700000032,customer383@example.com,"House 40, Block E, Lucknow Residency, Sector 11",Near main market,226010,Lucknow,Uttar Pradesh,DRESS-RED-S,Red Summer Dress,1,2550,COD,Xpressbees,Shopify,Google Brand Search,Google,paid,Google Brand Search,GOO-1062,42,first_time,Delivered,,0,Delivered
FAS-24384,DT987650383,2026-04-24T15:30:00.000Z,Ananya Iyer,9700000033,customer384@example.com,Near temple main road Patna,,800001,Patna,Bihar,TSH-BLK-L,Oversized Black Tee,1,800,COD,DTDC,WhatsApp,WhatsApp Repeat Buyers,WhatsApp,crm,WhatsApp Repeat Buyers,WHA-1063,46,first_time,RTO,Cash not ready,3,RTO
FAS-24385,DE987650384,2026-04-25T04:30:00.000Z,Riya Patel,9700000034,customer385@example.com,"House 42, Block A, Surat Residency, Sector 1",Near main market,395007,Surat,Gujarat,COORD-GRN-M,Green Co-ord Set,1,2100,COD,Delhivery,Meta,Meta COD Scale,Meta,paid,Meta COD Scale,MET-1064,40,repeat_delivered,Undelivered,Customer requested future delivery,1,In NDR
FAS-24386,SH987650385,2026-04-26T05:30:00.000Z,Vivaan Rao,9700000035,customer386@example.com,"House 43, Block B, Ghaziabad Residency, Sector 2",,201001,Ghaziabad,Uttar Pradesh,DENIM-WIDE-30,Wide Fit Denim,1,1850,Prepaid,Shiprocket,Instagram,Influencer Drop,Instagram,paid,Influencer Drop,INS-1065,41,first_time,RTO,Customer not available,3,RTO
FAS-24387,DE987650386,2026-04-27T06:30:00.000Z,Meera Singh,9700000036,customer387@example.com,"House 44, Block C, Mumbai Residency, Sector 3",Near main market,400053,Mumbai,Maharashtra,KURTI-BLU-M,Blue Printed Kurti,1,1400,COD,Delhivery,Shopify,Google Brand Search,Google,paid,Google Brand Search,GOO-1066,45,first_time,Delivered,,0,Delivered
FAS-24388,XP987650387,2026-04-28T07:30:00.000Z,Ishaan Gupta,9700000037,customer388@example.com,"House 45, Block D, Chennai Residency, Sector 4",Near main market,600042,Chennai,Tamil Nadu,DRESS-RED-S,Red Summer Dress,1,2400,Prepaid,Xpressbees,WhatsApp,WhatsApp Repeat Buyers,WhatsApp,crm,WhatsApp Repeat Buyers,WHA-1067,47,first_time,Delivered,,0,Delivered
FAS-24389,XP987650388,2026-04-29T08:30:00.000Z,Sara Ali,9700000038,customer389@example.com,"House 46, Block E, Bhubaneswar Residency, Sector 5",Near main market,751024,Bhubaneswar,Odisha,TSH-BLK-L,Oversized Black Tee,1,850,COD,Xpressbees,Meta,Meta COD Scale,Meta,paid,Meta COD Scale,MET-1068,47,repeat_delivered,Undelivered,Door locked,1,In NDR
FAS-24390,EK987650389,2026-04-30T09:30:00.000Z,Nisha Nair,9700000039,customer390@example.com,"House 47, Block F, Patna Residency, Sector 6",Near main market,800001,Patna,Bihar,COORD-GRN-M,Green Co-ord Set,1,2150,COD,Ekart,Instagram,Influencer Drop,Instagram,paid,Influencer Drop,INS-1069,55,first_time,RTO,Customer refused delivery,3,RTO
FAS-24391,DE987650390,2026-04-01T10:30:00.000Z,Aarav Sharma,9700000040,customer391@example.com,"House 48, Block A, Ghaziabad Residency, Sector 7",,201001,Ghaziabad,Uttar Pradesh,DENIM-WIDE-30,Wide Fit Denim,1,1800,Prepaid,Delhivery,Shopify,Google Brand Search,Google,paid,Google Brand Search,GOO-1070,44,first_time,RTO,Cash not ready,2,RTO
FAS-24392,SH987650391,2026-04-02T11:30:00.000Z,Diya Verma,9700000041,customer392@example.com,"House 49, Block B, Delhi Residency, Sector 8",Near main market,110024,Delhi,Delhi,KURTI-BLU-M,Blue Printed Kurti,1,1350,COD,Shadowfax,WhatsApp,WhatsApp Repeat Buyers,WhatsApp,crm,WhatsApp Repeat Buyers,WHA-1071,47,first_time,Undelivered,Customer requested future delivery,2,In NDR
FAS-24393,SH987650392,2026-04-03T12:30:00.000Z,Kabir Khan,9700000042,customer393@example.com,"House 50, Block C, Bengaluru Residency, Sector 9",Near main market,560095,Bengaluru,Karnataka,DRESS-RED-S,Red Summer Dress,1,2500,COD,Shiprocket,Meta,Meta COD Scale,Meta,paid,Meta COD Scale,MET-1072,48,repeat_delivered,RTO,Customer not available,2,RTO
FAS-24394,SH987650393,2026-04-04T13:30:00.000Z,Ananya Iyer,9700000043,customer394@example.com,"House 51, Block D, Ghaziabad Residency, Sector 10",Near main market,201001,Ghaziabad,Uttar Pradesh,TSH-BLK-L,Oversized Black Tee,1,850,COD,Shiprocket,Instagram,Influencer Drop,Instagram,paid,Influencer Drop,INS-1073,58,first_time,RTO,Incorrect address,3,RTO
FAS-24395,SH987650394,2026-04-05T14:30:00.000Z,Riya Patel,9700000044,customer395@example.com,Near temple main road Lucknow,,226010,Lucknow,Uttar Pradesh,COORD-GRN-M,Green Co-ord Set,1,2450,Prepaid,Shiprocket,Shopify,Google Brand Search,Google,paid,Google Brand Search,GOO-1074,50,first_time,Delivered,,0,Delivered
FAS-24396,DT987650395,2026-04-06T15:30:00.000Z,Vivaan Rao,9700000045,customer396@example.com,"House 53, Block F, Pune Residency, Sector 12",,411045,Pune,Maharashtra,DENIM-WIDE-30,Wide Fit Denim,1,2050,COD,DTDC,WhatsApp,WhatsApp Repeat Buyers,WhatsApp,crm,WhatsApp Repeat Buyers,WHA-1075,47,first_time,Undelivered,Door locked,2,In NDR
FAS-24397,DE987650396,2026-04-07T04:30:00.000Z,Meera Singh,9700000046,customer397@example.com,"House 54, Block A, Kolkata Residency, Sector 1",Near main market,700016,Kolkata,West Bengal,KURTI-BLU-M,Blue Printed Kurti,1,1350,COD,Delhivery,Meta,Meta COD Scale,Meta,paid,Meta COD Scale,MET-1076,47,repeat_delivered,RTO,Customer refused delivery,2,RTO
FAS-24398,DE987650397,2026-04-08T05:30:00.000Z,Ishaan Gupta,9700000047,customer398@example.com,"House 55, Block B, Lucknow Residency, Sector 2",Near main market,226010,Lucknow,Uttar Pradesh,DRESS-RED-S,Red Summer Dress,1,2450,Prepaid,Delhivery,Instagram,Influencer Drop,Instagram,paid,Influencer Drop,INS-1077,42,first_time,Delivered,,0,Delivered
FAS-24399,SH987650398,2026-04-09T06:30:00.000Z,Sara Ali,9700000048,customer399@example.com,Near temple main road Lucknow,,226010,Lucknow,Uttar Pradesh,TSH-BLK-L,Oversized Black Tee,1,750,COD,Shadowfax,Shopify,Google Brand Search,Google,paid,Google Brand Search,GOO-1078,40,first_time,Delivered,,0,Delivered
FAS-24400,SH987650399,2026-04-10T07:30:00.000Z,Nisha Nair,9700000049,customer400@example.com,"House 57, Block D, Surat Residency, Sector 4",Near main market,395007,Surat,Gujarat,COORD-GRN-M,Green Co-ord Set,1,2350,COD,Shadowfax,WhatsApp,WhatsApp Repeat Buyers,WhatsApp,crm,WhatsApp Repeat Buyers,WHA-1079,43,first_time,Delivered,,0,Delivered
FAS-24401,BL987650400,2026-04-11T08:30:00.000Z,Aarav Sharma,9700000050,customer401@example.com,"House 58, Block E, Hyderabad Residency, Sector 5",,500081,Hyderabad,Telangana,DENIM-WIDE-30,Wide Fit Denim,1,1850,Prepaid,Bluedart,Meta,Meta COD Scale,Meta,paid,Meta COD Scale,MET-1000,58,repeat_delivered,Undelivered,Incorrect address,1,In NDR
FAS-24402,EK987650401,2026-04-12T09:30:00.000Z,Diya Verma,9700000051,customer402@example.com,Near temple main road Ghaziabad,,201001,Ghaziabad,Uttar Pradesh,KURTI-BLU-M,Blue Printed Kurti,1,1400,Prepaid,Ekart,Instagram,Influencer Drop,Instagram,paid,Influencer Drop,INS-1001,53,first_time,Undelivered,No response on phone,2,In NDR
FAS-24403,SH987650402,2026-04-13T10:30:00.000Z,Kabir Khan,9700000052,customer403@example.com,Near temple main road Lucknow,,226010,Lucknow,Uttar Pradesh,DRESS-RED-S,Red Summer Dress,1,2700,COD,Shiprocket,Shopify,Google Brand Search,Google,paid,Google Brand Search,GOO-1002,53,first_time,Undelivered,Door locked,1,In NDR
FAS-24404,XP987650403,2026-04-14T11:30:00.000Z,Ananya Iyer,9700000053,customer404@example.com,"House 61, Block B, Bhubaneswar Residency, Sector 8",Near main market,751024,Bhubaneswar,Odisha,TSH-BLK-L,Oversized Black Tee,1,750,COD,Xpressbees,WhatsApp,WhatsApp Repeat Buyers,WhatsApp,crm,WhatsApp Repeat Buyers,WHA-1003,43,first_time,Delivered,,0,Delivered
FAS-24405,XP987650404,2026-04-15T12:30:00.000Z,Riya Patel,9700000054,customer405@example.com,"House 62, Block C, Surat Residency, Sector 9",Near main market,395007,Surat,Gujarat,COORD-GRN-M,Green Co-ord Set,1,2400,COD,Xpressbees,Meta,Meta COD Scale,Meta,paid,Meta COD Scale,MET-1004,46,repeat_delivered,RTO,Cash not ready,2,RTO
FAS-24406,XP987650405,2026-04-16T13:30:00.000Z,Vivaan Rao,9700000055,customer406@example.com,"House 63, Block D, Ghaziabad Residency, Sector 10",,201001,Ghaziabad,Uttar Pradesh,DENIM-WIDE-30,Wide Fit Denim,1,1900,COD,Xpressbees,Instagram,Influencer Drop,Instagram,paid,Influencer Drop,INS-1005,52,first_time,RTO,Customer requested future delivery,3,RTO
FAS-24407,EK987650406,2026-04-17T14:30:00.000Z,Meera Singh,9700000056,customer407@example.com,"House 64, Block E, Delhi Residency, Sector 11",Near main market,110024,Delhi,Delhi,KURTI-BLU-M,Blue Printed Kurti,2,1300,Prepaid,Ekart,Shopify,Google Brand Search,Google,paid,Google Brand Search,GOO-1006,47,first_time,Delivered,,0,Delivered
FAS-24408,DT987650407,2026-04-18T15:30:00.000Z,Ishaan Gupta,9700000057,customer408@example.com,"House 65, Block F, Patna Residency, Sector 12",Near main market,800001,Patna,Bihar,DRESS-RED-S,Red Summer Dress,1,2550,COD,DTDC,WhatsApp,WhatsApp Repeat Buyers,WhatsApp,crm,WhatsApp Repeat Buyers,WHA-1007,38,first_time,RTO,Incorrect address,3,RTO
FAS-24409,EK987650408,2026-04-19T04:30:00.000Z,Sara Ali,9700000058,customer409@example.com,"House 66, Block A, Ahmedabad Residency, Sector 1",Near main market,380015,Ahmedabad,Gujarat,TSH-BLK-L,Oversized Black Tee,1,800,COD,Ekart,Meta,Meta COD Scale,Meta,paid,Meta COD Scale,MET-1008,48,repeat_delivered,Undelivered,No response on phone,1,In NDR
FAS-24410,SH987650409,2026-04-20T05:30:00.000Z,Nisha Nair,9700000059,customer410@example.com,"House 67, Block B, Jaipur Residency, Sector 2",Near main market,302001,Jaipur,Rajasthan,COORD-GRN-M,Green Co-ord Set,1,2400,Prepaid,Shiprocket,Instagram,Influencer Drop,Instagram,paid,Influencer Drop,INS-1009,55,first_time,Undelivered,Door locked,2,In NDR
FAS-24411,XP987650410,2026-04-21T06:30:00.000Z,Aarav Sharma,9700000060,customer411@example.com,"House 68, Block C, Pune Residency, Sector 3",,411045,Pune,Maharashtra,DENIM-WIDE-30,Wide Fit Denim,1,2050,COD,Xpressbees,Shopify,Google Brand Search,Google,paid,Google Brand Search,GOO-1010,46,first_time,Delivered,,0,Delivered
FAS-24412,DT987650411,2026-04-22T07:30:00.000Z,Diya Verma,9700000061,customer412@example.com,"House 69, Block D, Kolkata Residency, Sector 4",Near main market,700016,Kolkata,West Bengal,KURTI-BLU-M,Blue Printed Kurti,1,1300,Prepaid,DTDC,WhatsApp,WhatsApp Repeat Buyers,WhatsApp,crm,WhatsApp Repeat Buyers,WHA-1011,51,first_time,Delivered,,0,Delivered
FAS-24413,SH987650412,2026-04-23T08:30:00.000Z,Kabir Khan,9700000062,customer413@example.com,"House 70, Block E, Lucknow Residency, Sector 5",Near main market,226010,Lucknow,Uttar Pradesh,DRESS-RED-S,Red Summer Dress,1,2700,COD,Shadowfax,Meta,Meta COD Scale,Meta,paid,Meta COD Scale,MET-1012,48,repeat_delivered,RTO,Customer requested future delivery,2,RTO
FAS-24414,DE987650413,2026-04-24T09:30:00.000Z,Ananya Iyer,9700000063,customer414@example.com,"House 71, Block F, Indore Residency, Sector 6",Near main market,452010,Indore,Madhya Pradesh,TSH-BLK-L,Oversized Black Tee,1,850,COD,Delhivery,Instagram,Influencer Drop,Instagram,paid,Influencer Drop,INS-1013,50,first_time,Delivered,,0,Delivered
FAS-24415,EK987650414,2026-04-25T10:30:00.000Z,Riya Patel,9700000064,customer415@example.com,"House 72, Block A, Surat Residency, Sector 7",Near main market,395007,Surat,Gujarat,COORD-GRN-M,Green Co-ord Set,1,2150,COD,Ekart,Shopify,Google Brand Search,Google,paid,Google Brand Search,GOO-1014,42,first_time,RTO,Incorrect address,2,RTO
FAS-24416,DT987650415,2026-04-26T11:30:00.000Z,Vivaan Rao,9700000065,customer416@example.com,"House 73, Block B, Patna Residency, Sector 8",,800001,Patna,Bihar,DENIM-WIDE-30,Wide Fit Denim,1,1850,COD,DTDC,WhatsApp,WhatsApp Repeat Buyers,WhatsApp,crm,WhatsApp Repeat Buyers,WHA-1015,42,first_time,Undelivered,No response on phone,2,In NDR
FAS-24417,DE987650416,2026-04-27T12:30:00.000Z,Meera Singh,9700000066,customer417@example.com,"House 74, Block C, Mumbai Residency, Sector 9",Near main market,400053,Mumbai,Maharashtra,KURTI-BLU-M,Blue Printed Kurti,1,1250,COD,Delhivery,Meta,Meta COD Scale,Meta,paid,Meta COD Scale,MET-1016,46,repeat_delivered,RTO,Door locked,2,RTO
FAS-24418,SH987650417,2026-04-28T13:30:00.000Z,Ishaan Gupta,9700000067,customer418@example.com,"House 75, Block D, Ghaziabad Residency, Sector 10",Near main market,201001,Ghaziabad,Uttar Pradesh,DRESS-RED-S,Red Summer Dress,1,2550,COD,Shadowfax,Instagram,Influencer Drop,Instagram,paid,Influencer Drop,INS-1017,43,first_time,RTO,Customer refused delivery,3,RTO
FAS-24419,SH987650418,2026-04-29T14:30:00.000Z,Sara Ali,9700000068,customer419@example.com,"House 76, Block E, Bhubaneswar Residency, Sector 11",Near main market,751024,Bhubaneswar,Odisha,TSH-BLK-L,Oversized Black Tee,1,850,COD,Shadowfax,Shopify,Google Brand Search,Google,paid,Google Brand Search,GOO-1018,49,first_time,Delivered,,0,Delivered
FAS-24420,XP987650419,2026-04-30T15:30:00.000Z,Nisha Nair,9700000069,customer420@example.com,"House 77, Block F, Patna Residency, Sector 12",Near main market,800001,Patna,Bihar,COORD-GRN-M,Green Co-ord Set,1,2200,COD,Xpressbees,WhatsApp,WhatsApp Repeat Buyers,WhatsApp,crm,WhatsApp Repeat Buyers,WHA-1019,54,first_time,Delivered,,0,Delivered
FAS-24421,EK987650420,2026-04-01T04:30:00.000Z,Aarav Sharma,9700000070,customer421@example.com,"House 78, Block A, Ghaziabad Residency, Sector 1",,201001,Ghaziabad,Uttar Pradesh,DENIM-WIDE-30,Wide Fit Denim,1,1850,COD,Ekart,Meta,Meta COD Scale,Meta,paid,Meta COD Scale,MET-1020,48,repeat_delivered,Undelivered,Customer not available,1,In NDR
FAS-24422,XP987650421,2026-04-02T05:30:00.000Z,Diya Verma,9700000071,customer422@example.com,"House 79, Block B, Delhi Residency, Sector 2",Near main market,110024,Delhi,Delhi,KURTI-BLU-M,Blue Printed Kurti,1,1300,COD,Xpressbees,Instagram,Influencer Drop,Instagram,paid,Influencer Drop,INS-1021,39,first_time,RTO,Incorrect address,3,RTO
FAS-24423,SH987650422,2026-04-03T06:30:00.000Z,Kabir Khan,9700000072,customer423@example.com,"House 80, Block C, Bengaluru Residency, Sector 3",Near main market,560095,Bengaluru,Karnataka,DRESS-RED-S,Red Summer Dress,1,2450,Prepaid,Shiprocket,Shopify,Google Brand Search,Google,paid,Google Brand Search,GOO-1022,44,first_time,Undelivered,No response on phone,1,In NDR
FAS-24424,DE987650423,2026-04-04T07:30:00.000Z,Ananya Iyer,9700000073,customer424@example.com,"House 81, Block D, Ahmedabad Residency, Sector 4",Near main market,380015,Ahmedabad,Gujarat,TSH-BLK-L,Oversized Black Tee,1,850,COD,Delhivery,WhatsApp,WhatsApp Repeat Buyers,WhatsApp,crm,WhatsApp Repeat Buyers,WHA-1023,49,first_time,Delivered,,0,Delivered
FAS-24425,DT987650424,2026-04-05T08:30:00.000Z,Riya Patel,9700000074,customer425@example.com,"House 82, Block E, Jaipur Residency, Sector 5",Near main market,302001,Jaipur,Rajasthan,COORD-GRN-M,Green Co-ord Set,1,2150,Prepaid,DTDC,Meta,Meta COD Scale,Meta,paid,Meta COD Scale,MET-1024,54,repeat_delivered,Undelivered,Customer refused delivery,1,In NDR
FAS-24426,XP987650425,2026-04-06T09:30:00.000Z,Vivaan Rao,9700000075,customer426@example.com,"House 83, Block F, Pune Residency, Sector 6",,411045,Pune,Maharashtra,DENIM-WIDE-30,Wide Fit Denim,1,1900,COD,Xpressbees,Instagram,Influencer Drop,Instagram,paid,Influencer Drop,INS-1025,52,first_time,RTO,Cash not ready,3,RTO
FAS-24427,BL987650426,2026-04-07T10:30:00.000Z,Meera Singh,9700000076,customer427@example.com,"House 84, Block A, Kolkata Residency, Sector 7",Near main market,700016,Kolkata,West Bengal,KURTI-BLU-M,Blue Printed Kurti,1,1250,COD,Bluedart,Shopify,Google Brand Search,Google,paid,Google Brand Search,GOO-1026,39,first_time,Delivered,,0,Delivered
FAS-24428,SH987650427,2026-04-08T11:30:00.000Z,Ishaan Gupta,9700000077,customer428@example.com,"House 85, Block B, Lucknow Residency, Sector 8",Near main market,226010,Lucknow,Uttar Pradesh,DRESS-RED-S,Red Summer Dress,1,2400,COD,Shiprocket,WhatsApp,WhatsApp Repeat Buyers,WhatsApp,crm,WhatsApp Repeat Buyers,WHA-1027,52,first_time,Delivered,,0,Delivered
FAS-24429,BL987650428,2026-04-09T12:30:00.000Z,Sara Ali,9700000078,customer429@example.com,"House 86, Block C, Indore Residency, Sector 9",Near main market,452010,Indore,Madhya Pradesh,TSH-BLK-L,Oversized Black Tee,1,800,COD,Bluedart,Meta,Meta COD Scale,Meta,paid,Meta COD Scale,MET-1028,41,repeat_delivered,Delivered,,0,Delivered
FAS-24430,DE987650429,2026-04-10T13:30:00.000Z,Nisha Nair,9700000079,customer430@example.com,"House 87, Block D, Surat Residency, Sector 10",Near main market,395007,Surat,Gujarat,COORD-GRN-M,Green Co-ord Set,1,2250,Prepaid,Delhivery,Instagram,Influencer Drop,Instagram,paid,Influencer Drop,INS-1029,44,first_time,RTO,No response on phone,3,RTO
FAS-24431,XP987650430,2026-04-11T14:30:00.000Z,Aarav Sharma,9700000080,customer431@example.com,"House 88, Block E, Hyderabad Residency, Sector 11",,500081,Hyderabad,Telangana,DENIM-WIDE-30,Wide Fit Denim,1,1800,Prepaid,Xpressbees,Shopify,Google Brand Search,Google,paid,Google Brand Search,GOO-1030,42,first_time,Undelivered,Door locked,1,In NDR
FAS-24432,DE987650431,2026-04-12T15:30:00.000Z,Diya Verma,9700000081,customer432@example.com,"House 89, Block F, Mumbai Residency, Sector 12",Near main market,400053,Mumbai,Maharashtra,KURTI-BLU-M,Blue Printed Kurti,1,1350,Prepaid,Delhivery,WhatsApp,WhatsApp Repeat Buyers,WhatsApp,crm,WhatsApp Repeat Buyers,WHA-1031,46,first_time,RTO,Customer refused delivery,3,RTO
FAS-24433,DE987650432,2026-04-13T04:30:00.000Z,Kabir Khan,9700000082,customer433@example.com,Near temple main road Surat,,395007,Surat,Gujarat,DRESS-RED-S,Red Summer Dress,1,2350,COD,Delhivery,Meta,Meta COD Scale,Meta,paid,Meta COD Scale,MET-1032,41,repeat_delivered,Undelivered,Cash not ready,1,In NDR
FAS-24434,SH987650433,2026-04-14T05:30:00.000Z,Ananya Iyer,9700000083,customer434@example.com,"House 91, Block B, Bhubaneswar Residency, Sector 2",Near main market,751024,Bhubaneswar,Odisha,TSH-BLK-L,Oversized Black Tee,1,850,Prepaid,Shiprocket,Instagram,Influencer Drop,Instagram,paid,Influencer Drop,INS-1033,49,first_time,Undelivered,Customer requested future delivery,2,In NDR
FAS-24435,EK987650434,2026-04-15T06:30:00.000Z,Riya Patel,9700000084,customer435@example.com,"House 92, Block C, Patna Residency, Sector 3",Near main market,800001,Patna,Bihar,COORD-GRN-M,Green Co-ord Set,1,2400,COD,Ekart,Shopify,Google Brand Search,Google,paid,Google Brand Search,GOO-1034,50,first_time,Undelivered,Customer not available,1,In NDR
FAS-24436,DE987650435,2026-04-16T07:30:00.000Z,Vivaan Rao,9700000085,customer436@example.com,"House 93, Block D, Ghaziabad Residency, Sector 4",,201001,Ghaziabad,Uttar Pradesh,DENIM-WIDE-30,Wide Fit Denim,2,1950,COD,Delhivery,WhatsApp,WhatsApp Repeat Buyers,WhatsApp,crm,WhatsApp Repeat Buyers,WHA-1035,51,first_time,Undelivered,Incorrect address,2,In NDR
FAS-24437,DE987650436,2026-04-17T08:30:00.000Z,Meera Singh,9700000086,customer437@example.com,"House 94, Block E, Delhi Residency, Sector 5",Near main market,110024,Delhi,Delhi,KURTI-BLU-M,Blue Printed Kurti,1,1400,COD,Delhivery,Meta,Meta COD Scale,Meta,paid,Meta COD Scale,MET-1036,43,repeat_delivered,RTO,No response on phone,2,RTO
FAS-24438,XP987650437,2026-04-18T09:30:00.000Z,Ishaan Gupta,9700000087,customer438@example.com,"House 95, Block F, Bengaluru Residency, Sector 6",Near main market,560095,Bengaluru,Karnataka,DRESS-RED-S,Red Summer Dress,1,2550,COD,Xpressbees,Instagram,Influencer Drop,Instagram,paid,Influencer Drop,INS-1037,50,first_time,Undelivered,Door locked,2,In NDR
FAS-24439,BL987650438,2026-04-19T10:30:00.000Z,Sara Ali,9700000088,customer439@example.com,"House 96, Block A, Ahmedabad Residency, Sector 7",Near main market,380015,Ahmedabad,Gujarat,TSH-BLK-L,Oversized Black Tee,1,800,Prepaid,Bluedart,Shopify,Google Brand Search,Google,paid,Google Brand Search,GOO-1038,42,first_time,Delivered,,0,Delivered
FAS-24440,SH987650439,2026-04-20T11:30:00.000Z,Nisha Nair,9700000089,customer440@example.com,"House 97, Block B, Jaipur Residency, Sector 8",Near main market,302001,Jaipur,Rajasthan,COORD-GRN-M,Green Co-ord Set,1,2150,COD,Shadowfax,WhatsApp,WhatsApp Repeat Buyers,WhatsApp,crm,WhatsApp Repeat Buyers,WHA-1039,46,first_time,RTO,Cash not ready,3,RTO
FAS-24441,SH987650440,2026-04-21T12:30:00.000Z,Aarav Sharma,9700000090,customer441@example.com,"House 98, Block C, Pune Residency, Sector 9",,411045,Pune,Maharashtra,DENIM-WIDE-30,Wide Fit Denim,1,2000,COD,Shadowfax,Meta,Meta COD Scale,Meta,paid,Meta COD Scale,MET-1040,55,repeat_delivered,Undelivered,Customer requested future delivery,1,In NDR
FAS-24442,SH987650441,2026-04-22T13:30:00.000Z,Diya Verma,9700000091,customer442@example.com,Near temple main road Ghaziabad,,201001,Ghaziabad,Uttar Pradesh,KURTI-BLU-M,Blue Printed Kurti,1,1250,COD,Shiprocket,Instagram,Influencer Drop,Instagram,paid,Influencer Drop,INS-1041,57,first_time,Undelivered,Customer not available,2,In NDR
FAS-24443,DE987650442,2026-04-23T14:30:00.000Z,Kabir Khan,9700000092,customer443@example.com,Near temple main road Lucknow,,226010,Lucknow,Uttar Pradesh,DRESS-RED-S,Red Summer Dress,1,2350,COD,Delhivery,Shopify,Google Brand Search,Google,paid,Google Brand Search,GOO-1042,42,first_time,RTO,Incorrect address,2,RTO
FAS-24444,EK987650443,2026-04-24T15:30:00.000Z,Ananya Iyer,9700000093,customer444@example.com,"House 101, Block F, Indore Residency, Sector 12",Near main market,452010,Indore,Madhya Pradesh,TSH-BLK-L,Oversized Black Tee,1,800,COD,Ekart,WhatsApp,WhatsApp Repeat Buyers,WhatsApp,crm,WhatsApp Repeat Buyers,WHA-1043,57,first_time,Delivered,,0,Delivered
FAS-24445,EK987650444,2026-04-25T04:30:00.000Z,Riya Patel,9700000094,customer445@example.com,"House 102, Block A, Surat Residency, Sector 1",Near main market,395007,Surat,Gujarat,COORD-GRN-M,Green Co-ord Set,1,2500,COD,Ekart,Meta,Meta COD Scale,Meta,paid,Meta COD Scale,MET-1044,53,repeat_delivered,RTO,Door locked,2,RTO
FAS-24446,XP987650445,2026-04-26T05:30:00.000Z,Vivaan Rao,9700000095,customer446@example.com,Near temple main road Ghaziabad,,201001,Ghaziabad,Uttar Pradesh,DENIM-WIDE-30,Wide Fit Denim,1,1900,Prepaid,Xpressbees,Instagram,Influencer Drop,Instagram,paid,Influencer Drop,INS-1045,58,first_time,Undelivered,Customer refused delivery,2,In NDR
FAS-24447,SH987650446,2026-04-27T06:30:00.000Z,Meera Singh,9700000096,customer447@example.com,"House 104, Block C, Lucknow Residency, Sector 3",Near main market,226010,Lucknow,Uttar Pradesh,KURTI-BLU-M,Blue Printed Kurti,1,1200,COD,Shadowfax,Shopify,Google Brand Search,Google,paid,Google Brand Search,GOO-1046,52,first_time,Delivered,,0,Delivered
FAS-24448,XP987650447,2026-04-28T07:30:00.000Z,Ishaan Gupta,9700000097,customer448@example.com,"House 105, Block D, Chennai Residency, Sector 4",Near main market,600042,Chennai,Tamil Nadu,DRESS-RED-S,Red Summer Dress,1,2400,Prepaid,Xpressbees,WhatsApp,WhatsApp Repeat Buyers,WhatsApp,crm,WhatsApp Repeat Buyers,WHA-1047,43,first_time,Delivered,,0,Delivered
FAS-24449,DT987650448,2026-04-29T08:30:00.000Z,Sara Ali,9700000098,customer449@example.com,"House 106, Block E, Surat Residency, Sector 5",Near main market,395007,Surat,Gujarat,TSH-BLK-L,Oversized Black Tee,1,750,COD,DTDC,Meta,Meta COD Scale,Meta,paid,Meta COD Scale,MET-1048,39,repeat_delivered,Undelivered,Customer not available,1,In NDR
FAS-24450,DE987650449,2026-04-30T09:30:00.000Z,Nisha Nair,9700000099,customer450@example.com,"House 107, Block F, Patna Residency, Sector 6",Near main market,800001,Patna,Bihar,COORD-GRN-M,Green Co-ord Set,1,2100,Prepaid,Delhivery,Instagram,Influencer Drop,Instagram,paid,Influencer Drop,INS-1049,50,first_time,Delivered,,0,Delivered
FAS-24451,EK987650450,2026-04-01T10:30:00.000Z,Aarav Sharma,9700000100,customer451@example.com,"House 18, Block A, Ghaziabad Residency, Sector 7",,201001,Ghaziabad,Uttar Pradesh,DENIM-WIDE-30,Wide Fit Denim,1,2000,COD,Ekart,Shopify,Google Brand Search,Google,paid,Google Brand Search,GOO-1050,57,first_time,Delivered,,0,Delivered
FAS-24452,DT987650451,2026-04-02T11:30:00.000Z,Diya Verma,9700000101,customer452@example.com,"House 19, Block B, Delhi Residency, Sector 8",Near main market,110024,Delhi,Delhi,KURTI-BLU-M,Blue Printed Kurti,1,1400,Prepaid,DTDC,WhatsApp,WhatsApp Repeat Buyers,WhatsApp,crm,WhatsApp Repeat Buyers,WHA-1051,42,first_time,Delivered,,0,Delivered
FAS-24453,XP987650452,2026-04-03T12:30:00.000Z,Kabir Khan,9700000102,customer453@example.com,"House 20, Block C, Surat Residency, Sector 9",Near main market,395007,Surat,Gujarat,DRESS-RED-S,Red Summer Dress,1,2700,Prepaid,Xpressbees,Meta,Meta COD Scale,Meta,paid,Meta COD Scale,MET-1052,46,repeat_delivered,RTO,Customer refused delivery,2,RTO
FAS-24454,SH987650453,2026-04-04T13:30:00.000Z,Ananya Iyer,9700000103,customer454@example.com,"House 21, Block D, Ahmedabad Residency, Sector 10",Near main market,380015,Ahmedabad,Gujarat,TSH-BLK-L,Oversized Black Tee,1,850,Prepaid,Shadowfax,Instagram,Influencer Drop,Instagram,paid,Influencer Drop,INS-1053,57,first_time,Delivered,,0,Delivered
FAS-24455,DT987650454,2026-04-05T14:30:00.000Z,Riya Patel,9700000104,customer455@example.com,"House 22, Block E, Jaipur Residency, Sector 11",Near main market,302001,Jaipur,Rajasthan,COORD-GRN-M,Green Co-ord Set,1,2350,COD,DTDC,Shopify,Google Brand Search,Google,paid,Google Brand Search,GOO-1054,46,first_time,Undelivered,Customer requested future delivery,1,In NDR
FAS-24456,DE987650455,2026-04-06T15:30:00.000Z,Vivaan Rao,9700000105,customer456@example.com,Near temple main road Patna,,800001,Patna,Bihar,DENIM-WIDE-30,Wide Fit Denim,1,1900,COD,Delhivery,WhatsApp,WhatsApp Repeat Buyers,WhatsApp,crm,WhatsApp Repeat Buyers,WHA-1055,52,first_time,RTO,Customer not available,3,RTO
FAS-24457,BL987650456,2026-04-07T04:30:00.000Z,Meera Singh,9700000106,customer457@example.com,"House 24, Block A, Kolkata Residency, Sector 1",Near main market,700016,Kolkata,West Bengal,KURTI-BLU-M,Blue Printed Kurti,1,1200,COD,Bluedart,Meta,Meta COD Scale,Meta,paid,Meta COD Scale,MET-1056,46,repeat_delivered,RTO,Incorrect address,2,RTO
FAS-24458,DT987650457,2026-04-08T05:30:00.000Z,Ishaan Gupta,9700000107,customer458@example.com,Near temple main road Ghaziabad,,201001,Ghaziabad,Uttar Pradesh,DRESS-RED-S,Red Summer Dress,1,2550,COD,DTDC,Instagram,Influencer Drop,Instagram,paid,Influencer Drop,INS-1057,40,first_time,RTO,No response on phone,3,RTO
FAS-24459,XP987650458,2026-04-09T06:30:00.000Z,Sara Ali,9700000108,customer459@example.com,"House 26, Block C, Indore Residency, Sector 3",Near main market,452010,Indore,Madhya Pradesh,TSH-BLK-L,Oversized Black Tee,1,800,Prepaid,Xpressbees,Shopify,Google Brand Search,Google,paid,Google Brand Search,GOO-1058,49,first_time,Delivered,,0,Delivered
FAS-24460,SH987650459,2026-04-10T07:30:00.000Z,Nisha Nair,9700000109,customer460@example.com,"House 27, Block D, Surat Residency, Sector 4",Near main market,395007,Surat,Gujarat,COORD-GRN-M,Green Co-ord Set,1,2350,COD,Shadowfax,WhatsApp,WhatsApp Repeat Buyers,WhatsApp,crm,WhatsApp Repeat Buyers,WHA-1059,55,first_time,Delivered,,0,Delivered
FAS-24461,BL987650460,2026-04-11T08:30:00.000Z,Aarav Sharma,9700000110,customer461@example.com,"House 28, Block E, Hyderabad Residency, Sector 5",,500081,Hyderabad,Telangana,DENIM-WIDE-30,Wide Fit Denim,1,1900,COD,Bluedart,Meta,Meta COD Scale,Meta,paid,Meta COD Scale,MET-1060,49,repeat_delivered,RTO,Cash not ready,2,RTO
FAS-24462,DT987650461,2026-04-12T09:30:00.000Z,Diya Verma,9700000111,customer462@example.com,"House 29, Block F, Mumbai Residency, Sector 6",Near main market,400053,Mumbai,Maharashtra,KURTI-BLU-M,Blue Printed Kurti,1,1350,Prepaid,DTDC,Instagram,Influencer Drop,Instagram,paid,Influencer Drop,INS-1061,44,first_time,RTO,Customer requested future delivery,3,RTO
FAS-24463,BL987650462,2026-04-13T10:30:00.000Z,Kabir Khan,9700000112,customer463@example.com,Near temple main road Lucknow,,226010,Lucknow,Uttar Pradesh,DRESS-RED-S,Red Summer Dress,1,2350,COD,Bluedart,Shopify,Google Brand Search,Google,paid,Google Brand Search,GOO-1062,46,first_time,Undelivered,Customer not available,1,In NDR
FAS-24464,DE987650463,2026-04-14T11:30:00.000Z,Ananya Iyer,9700000113,customer464@example.com,"House 31, Block B, Bhubaneswar Residency, Sector 8",Near main market,751024,Bhubaneswar,Odisha,TSH-BLK-L,Oversized Black Tee,1,800,COD,Delhivery,WhatsApp,WhatsApp Repeat Buyers,WhatsApp,crm,WhatsApp Repeat Buyers,WHA-1063,51,first_time,Undelivered,Incorrect address,2,In NDR
FAS-24465,DE987650464,2026-04-15T12:30:00.000Z,Riya Patel,9700000114,customer465@example.com,"House 32, Block C, Patna Residency, Sector 9",Near main market,800001,Patna,Bihar,COORD-GRN-M,Green Co-ord Set,2,2150,COD,Delhivery,Meta,Meta COD Scale,Meta,paid,Meta COD Scale,MET-1064,41,repeat_delivered,Undelivered,No response on phone,1,In NDR
FAS-24466,XP987650465,2026-04-16T13:30:00.000Z,Vivaan Rao,9700000115,customer466@example.com,"House 33, Block D, Ghaziabad Residency, Sector 10",,201001,Ghaziabad,Uttar Pradesh,DENIM-WIDE-30,Wide Fit Denim,1,2050,Prepaid,Xpressbees,Instagram,Influencer Drop,Instagram,paid,Influencer Drop,INS-1065,57,first_time,RTO,Door locked,3,RTO
FAS-24467,XP987650466,2026-04-17T14:30:00.000Z,Meera Singh,9700000116,customer467@example.com,"House 34, Block E, Delhi Residency, Sector 11",Near main market,110024,Delhi,Delhi,KURTI-BLU-M,Blue Printed Kurti,1,1350,COD,Xpressbees,Shopify,Google Brand Search,Google,paid,Google Brand Search,GOO-1066,49,first_time,Delivered,,0,Delivered
FAS-24468,BL987650467,2026-04-18T15:30:00.000Z,Ishaan Gupta,9700000117,customer468@example.com,"House 35, Block F, Patna Residency, Sector 12",Near main market,800001,Patna,Bihar,DRESS-RED-S,Red Summer Dress,1,2600,Prepaid,Bluedart,WhatsApp,WhatsApp Repeat Buyers,WhatsApp,crm,WhatsApp Repeat Buyers,WHA-1067,51,first_time,Undelivered,Cash not ready,2,In NDR
FAS-24469,EK987650468,2026-04-19T04:30:00.000Z,Sara Ali,9700000118,customer469@example.com,"House 36, Block A, Ahmedabad Residency, Sector 1",Near main market,380015,Ahmedabad,Gujarat,TSH-BLK-L,Oversized Black Tee,1,750,Prepaid,Ekart,Meta,Meta COD Scale,Meta,paid,Meta COD Scale,MET-1068,46,repeat_delivered,RTO,Customer requested future delivery,2,RTO
FAS-24470,DE987650469,2026-04-20T05:30:00.000Z,Nisha Nair,9700000119,customer470@example.com,"House 37, Block B, Jaipur Residency, Sector 2",Near main market,302001,Jaipur,Rajasthan,COORD-GRN-M,Green Co-ord Set,1,2350,COD,Delhivery,Instagram,Influencer Drop,Instagram,paid,Influencer Drop,INS-1069,53,first_time,RTO,Customer not available,3,RTO
FAS-24471,EK987650470,2026-04-21T06:30:00.000Z,Aarav Sharma,9700000120,customer471@example.com,"House 38, Block C, Pune Residency, Sector 3",,411045,Pune,Maharashtra,DENIM-WIDE-30,Wide Fit Denim,1,1850,COD,Ekart,Shopify,Google Brand Search,Google,paid,Google Brand Search,GOO-1070,56,first_time,RTO,Incorrect address,2,RTO
FAS-24472,SH987650471,2026-04-22T07:30:00.000Z,Diya Verma,9700000121,customer472@example.com,Near temple main road Patna,,800001,Patna,Bihar,KURTI-BLU-M,Blue Printed Kurti,1,1300,COD,Shadowfax,WhatsApp,WhatsApp Repeat Buyers,WhatsApp,crm,WhatsApp Repeat Buyers,WHA-1071,40,first_time,RTO,No response on phone,3,RTO
FAS-24473,BL987650472,2026-04-23T08:30:00.000Z,Kabir Khan,9700000122,customer473@example.com,"House 40, Block E, Lucknow Residency, Sector 5",Near main market,226010,Lucknow,Uttar Pradesh,DRESS-RED-S,Red Summer Dress,1,2600,Prepaid,Bluedart,Meta,Meta COD Scale,Meta,paid,Meta COD Scale,MET-1072,48,repeat_delivered,RTO,Door locked,2,RTO
FAS-24474,DE987650473,2026-04-24T09:30:00.000Z,Ananya Iyer,9700000123,customer474@example.com,"House 41, Block F, Indore Residency, Sector 6",Near main market,452010,Indore,Madhya Pradesh,TSH-BLK-L,Oversized Black Tee,1,850,Prepaid,Delhivery,Instagram,Influencer Drop,Instagram,paid,Influencer Drop,INS-1073,48,first_time,Delivered,,0,Delivered
FAS-24475,DE987650474,2026-04-25T10:30:00.000Z,Riya Patel,9700000124,customer475@example.com,"House 42, Block A, Surat Residency, Sector 7",Near main market,395007,Surat,Gujarat,COORD-GRN-M,Green Co-ord Set,1,2300,COD,Delhivery,Shopify,Google Brand Search,Google,paid,Google Brand Search,GOO-1074,41,first_time,Delivered,,0,Delivered
FAS-24476,SH987650475,2026-04-26T11:30:00.000Z,Vivaan Rao,9700000125,customer476@example.com,"House 43, Block B, Hyderabad Residency, Sector 8",,500081,Hyderabad,Telangana,DENIM-WIDE-30,Wide Fit Denim,1,1800,COD,Shadowfax,WhatsApp,WhatsApp Repeat Buyers,WhatsApp,crm,WhatsApp Repeat Buyers,WHA-1075,49,first_time,Delivered,,0,Delivered
FAS-24477,DE987650476,2026-04-27T12:30:00.000Z,Meera Singh,9700000126,customer477@example.com,Near temple main road Surat,,395007,Surat,Gujarat,KURTI-BLU-M,Blue Printed Kurti,1,1250,COD,Delhivery,Meta,Meta COD Scale,Meta,paid,Meta COD Scale,MET-1076,53,repeat_delivered,RTO,Customer not available,2,RTO
FAS-24478,DT987650477,2026-04-28T13:30:00.000Z,Ishaan Gupta,9700000127,customer478@example.com,"House 45, Block D, Chennai Residency, Sector 10",Near main market,600042,Chennai,Tamil Nadu,DRESS-RED-S,Red Summer Dress,1,2500,COD,DTDC,Instagram,Influencer Drop,Instagram,paid,Influencer Drop,INS-1077,41,first_time,RTO,Incorrect address,3,RTO
FAS-24479,EK987650478,2026-04-29T14:30:00.000Z,Sara Ali,9700000128,customer479@example.com,"House 46, Block E, Lucknow Residency, Sector 11",Near main market,226010,Lucknow,Uttar Pradesh,TSH-BLK-L,Oversized Black Tee,1,750,Prepaid,Ekart,Shopify,Google Brand Search,Google,paid,Google Brand Search,GOO-1078,53,first_time,Delivered,,0,Delivered
FAS-24480,DT987650479,2026-04-30T15:30:00.000Z,Nisha Nair,9700000129,customer480@example.com,"House 47, Block F, Patna Residency, Sector 12",Near main market,800001,Patna,Bihar,COORD-GRN-M,Green Co-ord Set,1,2100,COD,DTDC,WhatsApp,WhatsApp Repeat Buyers,WhatsApp,crm,WhatsApp Repeat Buyers,WHA-1079,55,first_time,Delivered,,0,Delivered
FAS-24481,EK987650480,2026-04-01T04:30:00.000Z,Aarav Sharma,9700000130,customer481@example.com,"House 48, Block A, Ghaziabad Residency, Sector 1",,201001,Ghaziabad,Uttar Pradesh,DENIM-WIDE-30,Wide Fit Denim,1,2050,COD,Ekart,Meta,Meta COD Scale,Meta,paid,Meta COD Scale,MET-1000,45,repeat_delivered,RTO,Customer refused delivery,2,RTO
FAS-24482,DT987650481,2026-04-02T05:30:00.000Z,Diya Verma,9700000131,customer482@example.com,"House 49, Block B, Ghaziabad Residency, Sector 2",Near main market,201001,Ghaziabad,Uttar Pradesh,KURTI-BLU-M,Blue Printed Kurti,1,1200,Prepaid,DTDC,Instagram,Influencer Drop,Instagram,paid,Influencer Drop,INS-1001,38,first_time,Delivered,,0,Delivered
FAS-24483,SH987650482,2026-04-03T06:30:00.000Z,Kabir Khan,9700000132,customer483@example.com,"House 50, Block C, Bengaluru Residency, Sector 3",Near main market,560095,Bengaluru,Karnataka,DRESS-RED-S,Red Summer Dress,1,2600,COD,Shiprocket,Shopify,Google Brand Search,Google,paid,Google Brand Search,GOO-1002,58,first_time,Undelivered,Customer requested future delivery,1,In NDR
FAS-24484,XP987650483,2026-04-04T07:30:00.000Z,Ananya Iyer,9700000133,customer484@example.com,"House 51, Block D, Ahmedabad Residency, Sector 4",Near main market,380015,Ahmedabad,Gujarat,TSH-BLK-L,Oversized Black Tee,1,850,COD,Xpressbees,WhatsApp,WhatsApp Repeat Buyers,WhatsApp,crm,WhatsApp Repeat Buyers,WHA-1003,47,first_time,Delivered,,0,Delivered
FAS-24485,SH987650484,2026-04-05T08:30:00.000Z,Riya Patel,9700000134,customer485@example.com,Near temple main road Surat,,395007,Surat,Gujarat,COORD-GRN-M,Green Co-ord Set,1,2450,COD,Shadowfax,Meta,Meta COD Scale,Meta,paid,Meta COD Scale,MET-1004,51,repeat_delivered,RTO,Incorrect address,2,RTO
FAS-24486,DE987650485,2026-04-06T09:30:00.000Z,Vivaan Rao,9700000135,customer486@example.com,"House 53, Block F, Pune Residency, Sector 6",,411045,Pune,Maharashtra,DENIM-WIDE-30,Wide Fit Denim,1,1900,COD,Delhivery,Instagram,Influencer Drop,Instagram,paid,Influencer Drop,INS-1005,58,first_time,Undelivered,No response on phone,2,In NDR
FAS-24487,SH987650486,2026-04-07T10:30:00.000Z,Meera Singh,9700000136,customer487@example.com,"House 54, Block A, Kolkata Residency, Sector 7",Near main market,700016,Kolkata,West Bengal,KURTI-BLU-M,Blue Printed Kurti,1,1200,COD,Shadowfax,Shopify,Google Brand Search,Google,paid,Google Brand Search,GOO-1006,45,first_time,Delivered,,0,Delivered
FAS-24488,SH987650487,2026-04-08T11:30:00.000Z,Ishaan Gupta,9700000137,customer488@example.com,"House 55, Block B, Lucknow Residency, Sector 8",Near main market,226010,Lucknow,Uttar Pradesh,DRESS-RED-S,Red Summer Dress,1,2600,COD,Shiprocket,WhatsApp,WhatsApp Repeat Buyers,WhatsApp,crm,WhatsApp Repeat Buyers,WHA-1007,43,first_time,RTO,Customer refused delivery,3,RTO
FAS-24489,XP987650488,2026-04-09T12:30:00.000Z,Sara Ali,9700000138,customer489@example.com,"House 56, Block C, Indore Residency, Sector 9",Near main market,452010,Indore,Madhya Pradesh,TSH-BLK-L,Oversized Black Tee,1,850,Prepaid,Xpressbees,Meta,Meta COD Scale,Meta,paid,Meta COD Scale,MET-1008,57,repeat_delivered,Undelivered,Cash not ready,1,In NDR
FAS-24490,SH987650489,2026-04-10T13:30:00.000Z,Nisha Nair,9700000139,customer490@example.com,"House 57, Block D, Surat Residency, Sector 10",Near main market,395007,Surat,Gujarat,COORD-GRN-M,Green Co-ord Set,1,2400,COD,Shiprocket,Instagram,Influencer Drop,Instagram,paid,Influencer Drop,INS-1009,47,first_time,Delivered,,0,Delivered
FAS-24491,SH987650490,2026-04-11T14:30:00.000Z,Aarav Sharma,9700000140,customer491@example.com,"House 58, Block E, Hyderabad Residency, Sector 11",,500081,Hyderabad,Telangana,DENIM-WIDE-30,Wide Fit Denim,1,1950,COD,Shadowfax,Shopify,Google Brand Search,Google,paid,Google Brand Search,GOO-1010,45,first_time,Undelivered,Customer not available,1,In NDR
FAS-24492,BL987650491,2026-04-12T15:30:00.000Z,Diya Verma,9700000141,customer492@example.com,"House 59, Block F, Mumbai Residency, Sector 12",Near main market,400053,Mumbai,Maharashtra,KURTI-BLU-M,Blue Printed Kurti,1,1250,Prepaid,Bluedart,WhatsApp,WhatsApp Repeat Buyers,WhatsApp,crm,WhatsApp Repeat Buyers,WHA-1011,53,first_time,Delivered,,0,Delivered
FAS-24493,XP987650492,2026-04-13T04:30:00.000Z,Kabir Khan,9700000142,customer493@example.com,"House 60, Block A, Chennai Residency, Sector 1",Near main market,600042,Chennai,Tamil Nadu,DRESS-RED-S,Red Summer Dress,1,2600,Prepaid,Xpressbees,Meta,Meta COD Scale,Meta,paid,Meta COD Scale,MET-1012,44,repeat_delivered,Undelivered,No response on phone,1,In NDR
FAS-24494,SH987650493,2026-04-14T05:30:00.000Z,Ananya Iyer,9700000143,customer494@example.com,"House 61, Block B, Bhubaneswar Residency, Sector 2",Near main market,751024,Bhubaneswar,Odisha,TSH-BLK-L,Oversized Black Tee,2,800,COD,Shadowfax,Instagram,Influencer Drop,Instagram,paid,Influencer Drop,INS-1013,45,first_time,Delivered,,0,Delivered
FAS-24495,SH987650494,2026-04-15T06:30:00.000Z,Riya Patel,9700000144,customer495@example.com,"House 62, Block C, Patna Residency, Sector 3",Near main market,800001,Patna,Bihar,COORD-GRN-M,Green Co-ord Set,1,2450,Prepaid,Shadowfax,Shopify,Google Brand Search,Google,paid,Google Brand Search,GOO-1014,45,first_time,Undelivered,Customer refused delivery,1,In NDR
FAS-24496,EK987650495,2026-04-16T07:30:00.000Z,Vivaan Rao,9700000145,customer496@example.com,"House 63, Block D, Ghaziabad Residency, Sector 4",,201001,Ghaziabad,Uttar Pradesh,DENIM-WIDE-30,Wide Fit Denim,1,1850,Prepaid,Ekart,WhatsApp,WhatsApp Repeat Buyers,WhatsApp,crm,WhatsApp Repeat Buyers,WHA-1015,42,first_time,Delivered,,0,Delivered
FAS-24497,SH987650496,2026-04-17T08:30:00.000Z,Meera Singh,9700000146,customer497@example.com,"House 64, Block E, Surat Residency, Sector 5",Near main market,395007,Surat,Gujarat,KURTI-BLU-M,Blue Printed Kurti,1,1250,Prepaid,Shadowfax,Meta,Meta COD Scale,Meta,paid,Meta COD Scale,MET-1016,45,repeat_delivered,RTO,Customer requested future delivery,2,RTO
FAS-24498,EK987650497,2026-04-18T09:30:00.000Z,Ishaan Gupta,9700000147,customer498@example.com,"House 65, Block F, Bengaluru Residency, Sector 6",Near main market,560095,Bengaluru,Karnataka,DRESS-RED-S,Red Summer Dress,1,2400,COD,Ekart,Instagram,Influencer Drop,Instagram,paid,Influencer Drop,INS-1017,45,first_time,RTO,Customer not available,3,RTO
FAS-24499,SH987650498,2026-04-19T10:30:00.000Z,Sara Ali,9700000148,customer499@example.com,"House 66, Block A, Ahmedabad Residency, Sector 7",Near main market,380015,Ahmedabad,Gujarat,TSH-BLK-L,Oversized Black Tee,1,800,COD,Shadowfax,Shopify,Google Brand Search,Google,paid,Google Brand Search,GOO-1018,43,first_time,Delivered,,0,Delivered
FAS-24500,XP987650499,2026-04-20T11:30:00.000Z,Nisha Nair,9700000149,customer500@example.com,"House 67, Block B, Jaipur Residency, Sector 8",Near main market,302001,Jaipur,Rajasthan,COORD-GRN-M,Green Co-ord Set,1,2150,COD,Xpressbees,WhatsApp,WhatsApp Repeat Buyers,WhatsApp,crm,WhatsApp Repeat Buyers,WHA-1019,54,first_time,RTO,No response on phone,3,RTO
FAS-24501,DE987650500,2026-04-21T12:30:00.000Z,Aarav Sharma,9700000150,customer501@example.com,"House 68, Block C, Pune Residency, Sector 9",,411045,Pune,Maharashtra,DENIM-WIDE-30,Wide Fit Denim,1,1950,Prepaid,Delhivery,Meta,Meta COD Scale,Meta,paid,Meta COD Scale,MET-1020,42,repeat_delivered,Undelivered,Door locked,1,In NDR
FAS-24502,SH987650501,2026-04-22T13:30:00.000Z,Diya Verma,9700000151,customer502@example.com,"House 69, Block D, Kolkata Residency, Sector 10",Near main market,700016,Kolkata,West Bengal,KURTI-BLU-M,Blue Printed Kurti,1,1200,COD,Shiprocket,Instagram,Influencer Drop,Instagram,paid,Influencer Drop,INS-1021,55,first_time,RTO,Customer refused delivery,3,RTO
FAS-24503,DE987650502,2026-04-23T14:30:00.000Z,Kabir Khan,9700000152,customer503@example.com,"House 70, Block E, Lucknow Residency, Sector 11",Near main market,226010,Lucknow,Uttar Pradesh,DRESS-RED-S,Red Summer Dress,1,2650,Prepaid,Delhivery,Shopify,Google Brand Search,Google,paid,Google Brand Search,GOO-1022,53,first_time,RTO,Cash not ready,2,RTO
FAS-24504,SH987650503,2026-04-24T15:30:00.000Z,Ananya Iyer,9700000153,customer504@example.com,Near temple main road Patna,,800001,Patna,Bihar,TSH-BLK-L,Oversized Black Tee,1,800,COD,Shadowfax,WhatsApp,WhatsApp Repeat Buyers,WhatsApp,crm,WhatsApp Repeat Buyers,WHA-1023,44,first_time,Delivered,,0,Delivered
FAS-24505,BL987650504,2026-04-25T04:30:00.000Z,Riya Patel,9700000154,customer505@example.com,"House 72, Block A, Surat Residency, Sector 1",Near main market,395007,Surat,Gujarat,COORD-GRN-M,Green Co-ord Set,1,2500,COD,Bluedart,Meta,Meta COD Scale,Meta,paid,Meta COD Scale,MET-1024,51,repeat_delivered,Cancelled,,0,Cancelled before shipping
FAS-24506,XP987650505,2026-04-26T05:30:00.000Z,Vivaan Rao,9700000155,customer506@example.com,"House 73, Block B, Hyderabad Residency, Sector 2",,500081,Hyderabad,Telangana,DENIM-WIDE-30,Wide Fit Denim,1,1950,COD,Xpressbees,Instagram,Influencer Drop,Instagram,paid,Influencer Drop,INS-1025,55,first_time,Undelivered,Incorrect address,2,In NDR
FAS-24507,SH987650506,2026-04-27T06:30:00.000Z,Meera Singh,9700000156,customer507@example.com,"House 74, Block C, Mumbai Residency, Sector 3",Near main market,400053,Mumbai,Maharashtra,KURTI-BLU-M,Blue Printed Kurti,1,1350,COD,Shadowfax,Shopify,Google Brand Search,Google,paid,Google Brand Search,GOO-1026,43,first_time,Delivered,,0,Delivered
FAS-24508,DT987650507,2026-04-28T07:30:00.000Z,Ishaan Gupta,9700000157,customer508@example.com,"House 75, Block D, Chennai Residency, Sector 4",Near main market,600042,Chennai,Tamil Nadu,DRESS-RED-S,Red Summer Dress,1,2500,Prepaid,DTDC,WhatsApp,WhatsApp Repeat Buyers,WhatsApp,crm,WhatsApp Repeat Buyers,WHA-1027,47,first_time,Undelivered,Door locked,2,In NDR
FAS-24509,SH987650508,2026-04-29T08:30:00.000Z,Sara Ali,9700000158,customer509@example.com,"House 76, Block E, Bhubaneswar Residency, Sector 5",Near main market,751024,Bhubaneswar,Odisha,TSH-BLK-L,Oversized Black Tee,1,750,COD,Shadowfax,Meta,Meta COD Scale,Meta,paid,Meta COD Scale,MET-1028,41,repeat_delivered,Delivered,,0,Delivered
FAS-24510,DE987650509,2026-04-30T09:30:00.000Z,Nisha Nair,9700000159,customer510@example.com,"House 77, Block F, Patna Residency, Sector 6",Near main market,800001,Patna,Bihar,COORD-GRN-M,Green Co-ord Set,1,2300,COD,Delhivery,Instagram,Influencer Drop,Instagram,paid,Influencer Drop,INS-1029,40,first_time,RTO,Cash not ready,3,RTO
FAS-24511,EK987650510,2026-04-01T10:30:00.000Z,Aarav Sharma,9700000160,customer511@example.com,Near temple main road Lucknow,,226010,Lucknow,Uttar Pradesh,DENIM-WIDE-30,Wide Fit Denim,1,1850,COD,Ekart,Shopify,Google Brand Search,Google,paid,Google Brand Search,GOO-1030,49,first_time,RTO,Customer requested future delivery,2,RTO
FAS-24512,BL987650511,2026-04-02T11:30:00.000Z,Diya Verma,9700000161,customer512@example.com,"House 79, Block B, Delhi Residency, Sector 8",Near main market,110024,Delhi,Delhi,KURTI-BLU-M,Blue Printed Kurti,1,1250,COD,Bluedart,WhatsApp,WhatsApp Repeat Buyers,WhatsApp,crm,WhatsApp Repeat Buyers,WHA-1031,56,first_time,Delivered,,0,Delivered
FAS-24513,BL987650512,2026-04-03T12:30:00.000Z,Kabir Khan,9700000162,customer513@example.com,"House 80, Block C, Bengaluru Residency, Sector 9",Near main market,560095,Bengaluru,Karnataka,DRESS-RED-S,Red Summer Dress,1,2700,Prepaid,Bluedart,Meta,Meta COD Scale,Meta,paid,Meta COD Scale,MET-1032,53,repeat_delivered,Undelivered,Incorrect address,1,In NDR
FAS-24514,DT987650513,2026-04-04T13:30:00.000Z,Ananya Iyer,9700000163,customer514@example.com,"House 81, Block D, Ahmedabad Residency, Sector 10",Near main market,380015,Ahmedabad,Gujarat,TSH-BLK-L,Oversized Black Tee,1,800,COD,DTDC,Instagram,Influencer Drop,Instagram,paid,Influencer Drop,INS-1033,44,first_time,RTO,No response on phone,3,RTO
FAS-24515,BL987650514,2026-04-05T14:30:00.000Z,Riya Patel,9700000164,customer515@example.com,"House 82, Block E, Jaipur Residency, Sector 11",Near main market,302001,Jaipur,Rajasthan,COORD-GRN-M,Green Co-ord Set,1,2100,COD,Bluedart,Shopify,Google Brand Search,Google,paid,Google Brand Search,GOO-1034,49,first_time,RTO,Door locked,2,RTO
FAS-24516,DT987650515,2026-04-06T15:30:00.000Z,Vivaan Rao,9700000165,customer516@example.com,"House 83, Block F, Pune Residency, Sector 12",,411045,Pune,Maharashtra,DENIM-WIDE-30,Wide Fit Denim,1,1750,COD,DTDC,WhatsApp,WhatsApp Repeat Buyers,WhatsApp,crm,WhatsApp Repeat Buyers,WHA-1035,54,first_time,Delivered,,0,Delivered
FAS-24517,DE987650516,2026-04-07T04:30:00.000Z,Meera Singh,9700000166,customer517@example.com,"House 84, Block A, Kolkata Residency, Sector 1",Near main market,700016,Kolkata,West Bengal,KURTI-BLU-M,Blue Printed Kurti,1,1200,COD,Delhivery,Meta,Meta COD Scale,Meta,paid,Meta COD Scale,MET-1036,57,repeat_delivered,RTO,Cash not ready,2,RTO
FAS-24518,BL987650517,2026-04-08T05:30:00.000Z,Ishaan Gupta,9700000167,customer518@example.com,"House 85, Block B, Ghaziabad Residency, Sector 2",Near main market,201001,Ghaziabad,Uttar Pradesh,DRESS-RED-S,Red Summer Dress,1,2600,Prepaid,Bluedart,Instagram,Influencer Drop,Instagram,paid,Influencer Drop,INS-1037,43,first_time,RTO,Customer requested future delivery,3,RTO
FAS-24519,SH987650518,2026-04-09T06:30:00.000Z,Sara Ali,9700000168,customer519@example.com,"House 86, Block C, Lucknow Residency, Sector 3",Near main market,226010,Lucknow,Uttar Pradesh,TSH-BLK-L,Oversized Black Tee,1,750,COD,Shadowfax,Shopify,Google Brand Search,Google,paid,Google Brand Search,GOO-1038,47,first_time,Delivered,,0,Delivered
FAS-24520,XP987650519,2026-04-10T07:30:00.000Z,Nisha Nair,9700000169,customer520@example.com,"House 87, Block D, Surat Residency, Sector 4",Near main market,395007,Surat,Gujarat,COORD-GRN-M,Green Co-ord Set,1,2350,Prepaid,Xpressbees,WhatsApp,WhatsApp Repeat Buyers,WhatsApp,crm,WhatsApp Repeat Buyers,WHA-1039,47,first_time,Delivered,,0,Delivered
FAS-24521,SH987650520,2026-04-11T08:30:00.000Z,Aarav Sharma,9700000170,customer521@example.com,"House 88, Block E, Hyderabad Residency, Sector 5",,500081,Hyderabad,Telangana,DENIM-WIDE-30,Wide Fit Denim,1,2050,COD,Shadowfax,Meta,Meta COD Scale,Meta,paid,Meta COD Scale,MET-1040,47,repeat_delivered,RTO,No response on phone,2,RTO
FAS-24522,EK987650521,2026-04-12T09:30:00.000Z,Diya Verma,9700000171,customer522@example.com,"House 89, Block F, Ghaziabad Residency, Sector 6",Near main market,201001,Ghaziabad,Uttar Pradesh,KURTI-BLU-M,Blue Printed Kurti,1,1300,Prepaid,Ekart,Instagram,Influencer Drop,Instagram,paid,Influencer Drop,INS-1041,58,first_time,Undelivered,Door locked,2,In NDR
FAS-24523,BL987650522,2026-04-13T10:30:00.000Z,Kabir Khan,9700000172,customer523@example.com,Near temple main road Lucknow,,226010,Lucknow,Uttar Pradesh,DRESS-RED-S,Red Summer Dress,2,2600,COD,Bluedart,Shopify,Google Brand Search,Google,paid,Google Brand Search,GOO-1042,56,first_time,Undelivered,Customer refused delivery,1,In NDR
FAS-24524,EK987650523,2026-04-14T11:30:00.000Z,Ananya Iyer,9700000173,customer524@example.com,Near temple main road Patna,,800001,Patna,Bihar,TSH-BLK-L,Oversized Black Tee,1,850,COD,Ekart,WhatsApp,WhatsApp Repeat Buyers,WhatsApp,crm,WhatsApp Repeat Buyers,WHA-1043,42,first_time,Delivered,,0,Delivered
FAS-24525,BL987650524,2026-04-15T12:30:00.000Z,Riya Patel,9700000174,customer525@example.com,"House 92, Block C, Patna Residency, Sector 9",Near main market,800001,Patna,Bihar,COORD-GRN-M,Green Co-ord Set,1,2250,COD,Bluedart,Meta,Meta COD Scale,Meta,paid,Meta COD Scale,MET-1044,56,repeat_delivered,Delivered,,0,Delivered
FAS-24526,DE987650525,2026-04-16T13:30:00.000Z,Vivaan Rao,9700000175,customer526@example.com,"House 93, Block D, Ghaziabad Residency, Sector 10",,201001,Ghaziabad,Uttar Pradesh,DENIM-WIDE-30,Wide Fit Denim,1,1800,COD,Delhivery,Instagram,Influencer Drop,Instagram,paid,Influencer Drop,INS-1045,49,first_time,RTO,Customer not available,3,RTO
FAS-24527,BL987650526,2026-04-17T14:30:00.000Z,Meera Singh,9700000176,customer527@example.com,"House 94, Block E, Delhi Residency, Sector 11",Near main market,110024,Delhi,Delhi,KURTI-BLU-M,Blue Printed Kurti,1,1250,Prepaid,Bluedart,Shopify,Google Brand Search,Google,paid,Google Brand Search,GOO-1046,41,first_time,Delivered,,0,Delivered
FAS-24528,XP987650527,2026-04-18T15:30:00.000Z,Ishaan Gupta,9700000177,customer528@example.com,"House 95, Block F, Bengaluru Residency, Sector 12",Near main market,560095,Bengaluru,Karnataka,DRESS-RED-S,Red Summer Dress,1,2500,Prepaid,Xpressbees,WhatsApp,WhatsApp Repeat Buyers,WhatsApp,crm,WhatsApp Repeat Buyers,WHA-1047,40,first_time,Delivered,,0,Delivered
FAS-24529,DT987650528,2026-04-19T04:30:00.000Z,Sara Ali,9700000178,customer529@example.com,"House 96, Block A, Ahmedabad Residency, Sector 1",Near main market,380015,Ahmedabad,Gujarat,TSH-BLK-L,Oversized Black Tee,1,750,Prepaid,DTDC,Meta,Meta COD Scale,Meta,paid,Meta COD Scale,MET-1048,57,repeat_delivered,RTO,Door locked,2,RTO
FAS-24530,DT987650529,2026-04-20T05:30:00.000Z,Nisha Nair,9700000179,customer530@example.com,"House 97, Block B, Jaipur Residency, Sector 2",Near main market,302001,Jaipur,Rajasthan,COORD-GRN-M,Green Co-ord Set,1,2200,Prepaid,DTDC,Instagram,Influencer Drop,Instagram,paid,Influencer Drop,INS-1049,44,first_time,Undelivered,Customer refused delivery,2,In NDR
FAS-24531,SH987650530,2026-04-21T06:30:00.000Z,Aarav Sharma,9700000180,customer531@example.com,"House 98, Block C, Lucknow Residency, Sector 3",,226010,Lucknow,Uttar Pradesh,DENIM-WIDE-30,Wide Fit Denim,1,1800,COD,Shadowfax,Shopify,Google Brand Search,Google,paid,Google Brand Search,GOO-1050,43,first_time,Delivered,,0,Delivered
FAS-24532,SH987650531,2026-04-22T07:30:00.000Z,Diya Verma,9700000181,customer532@example.com,"House 99, Block D, Kolkata Residency, Sector 4",Near main market,700016,Kolkata,West Bengal,KURTI-BLU-M,Blue Printed Kurti,1,1200,Prepaid,Shiprocket,WhatsApp,WhatsApp Repeat Buyers,WhatsApp,crm,WhatsApp Repeat Buyers,WHA-1051,53,first_time,RTO,Customer requested future delivery,3,RTO
FAS-24533,DE987650532,2026-04-23T08:30:00.000Z,Kabir Khan,9700000182,customer533@example.com,"House 100, Block E, Lucknow Residency, Sector 5",Near main market,226010,Lucknow,Uttar Pradesh,DRESS-RED-S,Red Summer Dress,1,2350,COD,Delhivery,Meta,Meta COD Scale,Meta,paid,Meta COD Scale,MET-1052,47,repeat_delivered,RTO,Customer not available,2,RTO
FAS-24534,DT987650533,2026-04-24T09:30:00.000Z,Ananya Iyer,9700000183,customer534@example.com,"House 101, Block F, Indore Residency, Sector 6",Near main market,452010,Indore,Madhya Pradesh,TSH-BLK-L,Oversized Black Tee,1,800,Prepaid,DTDC,Instagram,Influencer Drop,Instagram,paid,Influencer Drop,INS-1053,47,first_time,RTO,Incorrect address,3,RTO
FAS-24535,EK987650534,2026-04-25T10:30:00.000Z,Riya Patel,9700000184,customer535@example.com,"House 102, Block A, Surat Residency, Sector 7",Near main market,395007,Surat,Gujarat,COORD-GRN-M,Green Co-ord Set,1,2400,COD,Ekart,Shopify,Google Brand Search,Google,paid,Google Brand Search,GOO-1054,39,first_time,Delivered,,0,Delivered
FAS-24536,DT987650535,2026-04-26T11:30:00.000Z,Vivaan Rao,9700000185,customer536@example.com,Near temple main road Patna,,800001,Patna,Bihar,DENIM-WIDE-30,Wide Fit Denim,1,2050,Prepaid,DTDC,WhatsApp,WhatsApp Repeat Buyers,WhatsApp,crm,WhatsApp Repeat Buyers,WHA-1055,45,first_time,Delivered,,0,Delivered
FAS-24537,EK987650536,2026-04-27T12:30:00.000Z,Meera Singh,9700000186,customer537@example.com,"House 104, Block C, Mumbai Residency, Sector 9",Near main market,400053,Mumbai,Maharashtra,KURTI-BLU-M,Blue Printed Kurti,1,1200,COD,Ekart,Meta,Meta COD Scale,Meta,paid,Meta COD Scale,MET-1056,39,repeat_delivered,Delivered,,0,Delivered
FAS-24538,DE987650537,2026-04-28T13:30:00.000Z,Ishaan Gupta,9700000187,customer538@example.com,"House 105, Block D, Chennai Residency, Sector 10",Near main market,600042,Chennai,Tamil Nadu,DRESS-RED-S,Red Summer Dress,1,2350,COD,Delhivery,Instagram,Influencer Drop,Instagram,paid,Influencer Drop,INS-1057,57,first_time,RTO,Cash not ready,3,RTO
FAS-24539,SH987650538,2026-04-29T14:30:00.000Z,Sara Ali,9700000188,customer539@example.com,"House 106, Block E, Bhubaneswar Residency, Sector 11",Near main market,751024,Bhubaneswar,Odisha,TSH-BLK-L,Oversized Black Tee,1,850,COD,Shadowfax,Shopify,Google Brand Search,Google,paid,Google Brand Search,GOO-1058,45,first_time,Delivered,,0,Delivered
FAS-24540,SH987650539,2026-04-30T15:30:00.000Z,Nisha Nair,9700000189,customer540@example.com,"House 107, Block F, Patna Residency, Sector 12",Near main market,800001,Patna,Bihar,COORD-GRN-M,Green Co-ord Set,1,2300,COD,Shadowfax,WhatsApp,WhatsApp Repeat Buyers,WhatsApp,crm,WhatsApp Repeat Buyers,WHA-1059,53,first_time,Delivered,,0,Delivered
FAS-24541,DT987650540,2026-04-01T04:30:00.000Z,Aarav Sharma,9700000190,customer541@example.com,"House 18, Block A, Surat Residency, Sector 1",,395007,Surat,Gujarat,DENIM-WIDE-30,Wide Fit Denim,1,1800,COD,DTDC,Meta,Meta COD Scale,Meta,paid,Meta COD Scale,MET-1060,54,repeat_delivered,RTO,Incorrect address,2,RTO
FAS-24542,DT987650541,2026-04-02T05:30:00.000Z,Diya Verma,9700000191,customer542@example.com,"House 19, Block B, Delhi Residency, Sector 2",Near main market,110024,Delhi,Delhi,KURTI-BLU-M,Blue Printed Kurti,1,1350,COD,DTDC,Instagram,Influencer Drop,Instagram,paid,Influencer Drop,INS-1061,46,first_time,Delivered,,0,Delivered
FAS-24543,XP987650542,2026-04-03T06:30:00.000Z,Kabir Khan,9700000192,customer543@example.com,"House 20, Block C, Bengaluru Residency, Sector 3",Near main market,560095,Bengaluru,Karnataka,DRESS-RED-S,Red Summer Dress,1,2600,Prepaid,Xpressbees,Shopify,Google Brand Search,Google,paid,Google Brand Search,GOO-1062,48,first_time,Delivered,,0,Delivered
FAS-24544,DE987650543,2026-04-04T07:30:00.000Z,Ananya Iyer,9700000193,customer544@example.com,"House 21, Block D, Ahmedabad Residency, Sector 4",Near main market,380015,Ahmedabad,Gujarat,TSH-BLK-L,Oversized Black Tee,1,800,Prepaid,Delhivery,WhatsApp,WhatsApp Repeat Buyers,WhatsApp,crm,WhatsApp Repeat Buyers,WHA-1063,45,first_time,Delivered,,0,Delivered
FAS-24545,BL987650544,2026-04-05T08:30:00.000Z,Riya Patel,9700000194,customer545@example.com,"House 22, Block E, Jaipur Residency, Sector 5",Near main market,302001,Jaipur,Rajasthan,COORD-GRN-M,Green Co-ord Set,1,2450,COD,Bluedart,Meta,Meta COD Scale,Meta,paid,Meta COD Scale,MET-1064,45,repeat_delivered,Undelivered,Cash not ready,1,In NDR
FAS-24546,EK987650545,2026-04-06T09:30:00.000Z,Vivaan Rao,9700000195,customer546@example.com,"House 23, Block F, Ghaziabad Residency, Sector 6",,201001,Ghaziabad,Uttar Pradesh,DENIM-WIDE-30,Wide Fit Denim,1,1800,Prepaid,Ekart,Instagram,Influencer Drop,Instagram,paid,Influencer Drop,INS-1065,56,first_time,RTO,Customer requested future delivery,3,RTO
FAS-24547,BL987650546,2026-04-07T10:30:00.000Z,Meera Singh,9700000196,customer547@example.com,"House 24, Block A, Kolkata Residency, Sector 7",Near main market,700016,Kolkata,West Bengal,KURTI-BLU-M,Blue Printed Kurti,1,1350,Prepaid,Bluedart,Shopify,Google Brand Search,Google,paid,Google Brand Search,GOO-1066,41,first_time,Delivered,,0,Delivered
FAS-24548,EK987650547,2026-04-08T11:30:00.000Z,Ishaan Gupta,9700000197,customer548@example.com,"House 25, Block B, Patna Residency, Sector 8",Near main market,800001,Patna,Bihar,DRESS-RED-S,Red Summer Dress,1,2500,COD,Ekart,WhatsApp,WhatsApp Repeat Buyers,WhatsApp,crm,WhatsApp Repeat Buyers,WHA-1067,47,first_time,RTO,Incorrect address,3,RTO
FAS-24549,SH987650548,2026-04-09T12:30:00.000Z,Sara Ali,9700000198,customer549@example.com,"House 26, Block C, Indore Residency, Sector 9",Near main market,452010,Indore,Madhya Pradesh,TSH-BLK-L,Oversized Black Tee,1,750,COD,Shiprocket,Meta,Meta COD Scale,Meta,paid,Meta COD Scale,MET-1068,51,repeat_delivered,RTO,No response on phone,2,RTO
FAS-24550,EK987650549,2026-04-10T13:30:00.000Z,Nisha Nair,9700000199,customer550@example.com,"House 27, Block D, Surat Residency, Sector 10",Near main market,395007,Surat,Gujarat,COORD-GRN-M,Green Co-ord Set,1,2200,COD,Ekart,Instagram,Influencer Drop,Instagram,paid,Influencer Drop,INS-1069,50,first_time,Delivered,,0,Delivered
FAS-24551,SH987650550,2026-04-11T14:30:00.000Z,Aarav Sharma,9700000200,customer551@example.com,"House 28, Block E, Hyderabad Residency, Sector 11",,500081,Hyderabad,Telangana,DENIM-WIDE-30,Wide Fit Denim,1,2050,COD,Shiprocket,Shopify,Google Brand Search,Google,paid,Google Brand Search,GOO-1070,57,first_time,Delivered,,0,Delivered
FAS-24552,DT987650551,2026-04-12T15:30:00.000Z,Diya Verma,9700000201,customer552@example.com,"House 29, Block F, Mumbai Residency, Sector 12",Near main market,400053,Mumbai,Maharashtra,KURTI-BLU-M,Blue Printed Kurti,2,1300,COD,DTDC,WhatsApp,WhatsApp Repeat Buyers,WhatsApp,crm,WhatsApp Repeat Buyers,WHA-1071,43,first_time,RTO,Cash not ready,3,RTO
FAS-24553,XP987650552,2026-04-13T04:30:00.000Z,Kabir Khan,9700000202,customer553@example.com,"House 30, Block A, Chennai Residency, Sector 1",Near main market,600042,Chennai,Tamil Nadu,DRESS-RED-S,Red Summer Dress,1,2400,COD,Xpressbees,Meta,Meta COD Scale,Meta,paid,Meta COD Scale,MET-1072,45,repeat_delivered,Undelivered,Customer requested future delivery,1,In NDR
FAS-24554,SH987650553,2026-04-14T05:30:00.000Z,Ananya Iyer,9700000203,customer554@example.com,"House 31, Block B, Bhubaneswar Residency, Sector 2",Near main market,751024,Bhubaneswar,Odisha,TSH-BLK-L,Oversized Black Tee,1,800,COD,Shiprocket,Instagram,Influencer Drop,Instagram,paid,Influencer Drop,INS-1073,46,first_time,Delivered,,0,Delivered
FAS-24555,BL987650554,2026-04-15T06:30:00.000Z,Riya Patel,9700000204,customer555@example.com,"House 32, Block C, Patna Residency, Sector 3",Near main market,800001,Patna,Bihar,COORD-GRN-M,Green Co-ord Set,1,2400,Prepaid,Bluedart,Shopify,Google Brand Search,Google,paid,Google Brand Search,GOO-1074,47,first_time,Undelivered,Incorrect address,1,In NDR
FAS-24556,DE987650555,2026-04-16T07:30:00.000Z,Vivaan Rao,9700000205,customer556@example.com,"House 33, Block D, Ghaziabad Residency, Sector 4",,201001,Ghaziabad,Uttar Pradesh,DENIM-WIDE-30,Wide Fit Denim,1,1750,COD,Delhivery,WhatsApp,WhatsApp Repeat Buyers,WhatsApp,crm,WhatsApp Repeat Buyers,WHA-1075,41,first_time,Delivered,,0,Delivered
FAS-24557,EK987650556,2026-04-17T08:30:00.000Z,Meera Singh,9700000206,customer557@example.com,"House 34, Block E, Delhi Residency, Sector 5",Near main market,110024,Delhi,Delhi,KURTI-BLU-M,Blue Printed Kurti,1,1250,Prepaid,Ekart,Meta,Meta COD Scale,Meta,paid,Meta COD Scale,MET-1076,50,repeat_delivered,Delivered,,0,Delivered
FAS-24558,XP987650557,2026-04-18T09:30:00.000Z,Ishaan Gupta,9700000207,customer558@example.com,"House 35, Block F, Bengaluru Residency, Sector 6",Near main market,560095,Bengaluru,Karnataka,DRESS-RED-S,Red Summer Dress,1,2600,Prepaid,Xpressbees,Instagram,Influencer Drop,Instagram,paid,Influencer Drop,INS-1077,48,first_time,Delivered,,0,Delivered
FAS-24559,DE987650558,2026-04-19T10:30:00.000Z,Sara Ali,9700000208,customer559@example.com,"House 36, Block A, Ahmedabad Residency, Sector 7",Near main market,380015,Ahmedabad,Gujarat,TSH-BLK-L,Oversized Black Tee,1,800,COD,Delhivery,Shopify,Google Brand Search,Google,paid,Google Brand Search,GOO-1078,48,first_time,Delivered,,0,Delivered
FAS-24560,SH987650559,2026-04-20T11:30:00.000Z,Nisha Nair,9700000209,customer560@example.com,"House 37, Block B, Jaipur Residency, Sector 8",Near main market,302001,Jaipur,Rajasthan,COORD-GRN-M,Green Co-ord Set,1,2250,Prepaid,Shiprocket,WhatsApp,WhatsApp Repeat Buyers,WhatsApp,crm,WhatsApp Repeat Buyers,WHA-1079,46,first_time,Delivered,,0,Delivered
FAS-24561,BL987650560,2026-04-21T12:30:00.000Z,Aarav Sharma,9700000210,customer561@example.com,"House 38, Block C, Pune Residency, Sector 9",,411045,Pune,Maharashtra,DENIM-WIDE-30,Wide Fit Denim,1,2000,COD,Bluedart,Meta,Meta COD Scale,Meta,paid,Meta COD Scale,MET-1000,56,repeat_delivered,RTO,Customer not available,2,RTO
FAS-24562,EK987650561,2026-04-22T13:30:00.000Z,Diya Verma,9700000211,customer562@example.com,"House 39, Block D, Kolkata Residency, Sector 10",Near main market,700016,Kolkata,West Bengal,KURTI-BLU-M,Blue Printed Kurti,1,1350,Prepaid,Ekart,Instagram,Influencer Drop,Instagram,paid,Influencer Drop,INS-1001,49,first_time,Undelivered,Incorrect address,2,In NDR
FAS-24563,BL987650562,2026-04-23T14:30:00.000Z,Kabir Khan,9700000212,customer563@example.com,Near temple main road Lucknow,,226010,Lucknow,Uttar Pradesh,DRESS-RED-S,Red Summer Dress,1,2500,Prepaid,Bluedart,Shopify,Google Brand Search,Google,paid,Google Brand Search,GOO-1002,53,first_time,RTO,No response on phone,2,RTO
FAS-24564,SH987650563,2026-04-24T15:30:00.000Z,Ananya Iyer,9700000213,customer564@example.com,"House 41, Block F, Indore Residency, Sector 12",Near main market,452010,Indore,Madhya Pradesh,TSH-BLK-L,Oversized Black Tee,1,800,COD,Shiprocket,WhatsApp,WhatsApp Repeat Buyers,WhatsApp,crm,WhatsApp Repeat Buyers,WHA-1003,43,first_time,Undelivered,Door locked,2,In NDR
FAS-24565,EK987650564,2026-04-25T04:30:00.000Z,Riya Patel,9700000214,customer565@example.com,"House 42, Block A, Surat Residency, Sector 1",Near main market,395007,Surat,Gujarat,COORD-GRN-M,Green Co-ord Set,1,2300,COD,Ekart,Meta,Meta COD Scale,Meta,paid,Meta COD Scale,MET-1004,46,repeat_delivered,Delivered,,0,Delivered
FAS-24566,SH987650565,2026-04-26T05:30:00.000Z,Vivaan Rao,9700000215,customer566@example.com,Near temple main road Ghaziabad,,201001,Ghaziabad,Uttar Pradesh,DENIM-WIDE-30,Wide Fit Denim,1,2050,Prepaid,Shadowfax,Instagram,Influencer Drop,Instagram,paid,Influencer Drop,INS-1005,48,first_time,Delivered,,0,Delivered
FAS-24567,EK987650566,2026-04-27T06:30:00.000Z,Meera Singh,9700000216,customer567@example.com,"House 44, Block C, Mumbai Residency, Sector 3",Near main market,400053,Mumbai,Maharashtra,KURTI-BLU-M,Blue Printed Kurti,1,1300,Prepaid,Ekart,Shopify,Google Brand Search,Google,paid,Google Brand Search,GOO-1006,55,first_time,Undelivered,Customer requested future delivery,1,In NDR
FAS-24568,BL987650567,2026-04-28T07:30:00.000Z,Ishaan Gupta,9700000217,customer568@example.com,Near temple main road Patna,,800001,Patna,Bihar,DRESS-RED-S,Red Summer Dress,1,2300,COD,Bluedart,WhatsApp,WhatsApp Repeat Buyers,WhatsApp,crm,WhatsApp Repeat Buyers,WHA-1007,51,first_time,RTO,Customer not available,3,RTO
FAS-24569,XP987650568,2026-04-29T08:30:00.000Z,Sara Ali,9700000218,customer569@example.com,Near temple main road Surat,,395007,Surat,Gujarat,TSH-BLK-L,Oversized Black Tee,1,800,COD,Xpressbees,Meta,Meta COD Scale,Meta,paid,Meta COD Scale,MET-1008,50,repeat_delivered,Undelivered,Incorrect address,1,In NDR
FAS-24570,DT987650569,2026-04-30T09:30:00.000Z,Nisha Nair,9700000219,customer570@example.com,"House 47, Block F, Patna Residency, Sector 6",Near main market,800001,Patna,Bihar,COORD-GRN-M,Green Co-ord Set,1,2450,COD,DTDC,Instagram,Influencer Drop,Instagram,paid,Influencer Drop,INS-1009,55,first_time,Undelivered,No response on phone,2,In NDR
FAS-24571,EK987650570,2026-04-01T10:30:00.000Z,Aarav Sharma,9700000220,customer571@example.com,Near temple main road Lucknow,,226010,Lucknow,Uttar Pradesh,DENIM-WIDE-30,Wide Fit Denim,1,2000,COD,Ekart,Shopify,Google Brand Search,Google,paid,Google Brand Search,GOO-1010,41,first_time,Undelivered,Door locked,1,In NDR
FAS-24572,SH987650571,2026-04-02T11:30:00.000Z,Diya Verma,9700000221,customer572@example.com,"House 49, Block B, Delhi Residency, Sector 8",Near main market,110024,Delhi,Delhi,KURTI-BLU-M,Blue Printed Kurti,1,1350,COD,Shadowfax,WhatsApp,WhatsApp Repeat Buyers,WhatsApp,crm,WhatsApp Repeat Buyers,WHA-1011,47,first_time,RTO,Customer refused delivery,3,RTO
FAS-24573,DT987650572,2026-04-03T12:30:00.000Z,Kabir Khan,9700000222,customer573@example.com,"House 50, Block C, Bengaluru Residency, Sector 9",Near main market,560095,Bengaluru,Karnataka,DRESS-RED-S,Red Summer Dress,1,2350,COD,DTDC,Meta,Meta COD Scale,Meta,paid,Meta COD Scale,MET-1012,45,repeat_delivered,Cancelled,,0,Cancelled before shipping
FAS-24574,BL987650573,2026-04-04T13:30:00.000Z,Ananya Iyer,9700000223,customer574@example.com,"House 51, Block D, Ghaziabad Residency, Sector 10",Near main market,201001,Ghaziabad,Uttar Pradesh,TSH-BLK-L,Oversized Black Tee,1,800,COD,Bluedart,Instagram,Influencer Drop,Instagram,paid,Influencer Drop,INS-1013,51,first_time,Undelivered,Customer requested future delivery,2,In NDR
FAS-24575,DT987650574,2026-04-05T14:30:00.000Z,Riya Patel,9700000224,customer575@example.com,"House 52, Block E, Lucknow Residency, Sector 11",Near main market,226010,Lucknow,Uttar Pradesh,COORD-GRN-M,Green Co-ord Set,1,2400,COD,DTDC,Shopify,Google Brand Search,Google,paid,Google Brand Search,GOO-1014,55,first_time,RTO,Customer not available,2,RTO
FAS-24576,DE987650575,2026-04-06T15:30:00.000Z,Vivaan Rao,9700000225,customer576@example.com,"House 53, Block F, Pune Residency, Sector 12",,411045,Pune,Maharashtra,DENIM-WIDE-30,Wide Fit Denim,1,1750,Prepaid,Delhivery,WhatsApp,WhatsApp Repeat Buyers,WhatsApp,crm,WhatsApp Repeat Buyers,WHA-1015,49,first_time,Delivered,,0,Delivered
FAS-24577,BL987650576,2026-04-07T04:30:00.000Z,Meera Singh,9700000226,customer577@example.com,"House 54, Block A, Kolkata Residency, Sector 1",Near main market,700016,Kolkata,West Bengal,KURTI-BLU-M,Blue Printed Kurti,1,1400,COD,Bluedart,Meta,Meta COD Scale,Meta,paid,Meta COD Scale,MET-1016,53,repeat_delivered,RTO,No response on phone,2,RTO
FAS-24578,BL987650577,2026-04-08T05:30:00.000Z,Ishaan Gupta,9700000227,customer578@example.com,Near temple main road Ghaziabad,,201001,Ghaziabad,Uttar Pradesh,DRESS-RED-S,Red Summer Dress,1,2300,COD,Bluedart,Instagram,Influencer Drop,Instagram,paid,Influencer Drop,INS-1017,39,first_time,Undelivered,Door locked,2,In NDR
FAS-24579,DT987650578,2026-04-09T06:30:00.000Z,Sara Ali,9700000228,customer579@example.com,"House 56, Block C, Lucknow Residency, Sector 3",Near main market,226010,Lucknow,Uttar Pradesh,TSH-BLK-L,Oversized Black Tee,1,800,COD,DTDC,Shopify,Google Brand Search,Google,paid,Google Brand Search,GOO-1018,57,first_time,Cancelled,,0,Cancelled before shipping
FAS-24580,DT987650579,2026-04-10T07:30:00.000Z,Nisha Nair,9700000229,customer580@example.com,Near temple main road Patna,,800001,Patna,Bihar,COORD-GRN-M,Green Co-ord Set,1,2300,Prepaid,DTDC,WhatsApp,WhatsApp Repeat Buyers,WhatsApp,crm,WhatsApp Repeat Buyers,WHA-1019,51,first_time,RTO,Cash not ready,3,RTO
FAS-24581,EK987650580,2026-04-11T08:30:00.000Z,Aarav Sharma,9700000230,customer581@example.com,"House 58, Block E, Hyderabad Residency, Sector 5",,500081,Hyderabad,Telangana,DENIM-WIDE-30,Wide Fit Denim,2,1800,COD,Ekart,Meta,Meta COD Scale,Meta,paid,Meta COD Scale,MET-1020,57,repeat_delivered,Undelivered,Customer requested future delivery,1,In NDR
FAS-24582,XP987650581,2026-04-12T09:30:00.000Z,Diya Verma,9700000231,customer582@example.com,"House 59, Block F, Mumbai Residency, Sector 6",Near main market,400053,Mumbai,Maharashtra,KURTI-BLU-M,Blue Printed Kurti,1,1350,Prepaid,Xpressbees,Instagram,Influencer Drop,Instagram,paid,Influencer Drop,INS-1021,49,first_time,Delivered,,0,Delivered
FAS-24583,DE987650582,2026-04-13T10:30:00.000Z,Kabir Khan,9700000232,customer583@example.com,"House 60, Block A, Chennai Residency, Sector 7",Near main market,600042,Chennai,Tamil Nadu,DRESS-RED-S,Red Summer Dress,1,2600,COD,Delhivery,Shopify,Google Brand Search,Google,paid,Google Brand Search,GOO-1022,53,first_time,RTO,Incorrect address,2,RTO
FAS-24584,XP987650583,2026-04-14T11:30:00.000Z,Ananya Iyer,9700000233,customer584@example.com,"House 61, Block B, Bhubaneswar Residency, Sector 8",Near main market,751024,Bhubaneswar,Odisha,TSH-BLK-L,Oversized Black Tee,1,850,Prepaid,Xpressbees,WhatsApp,WhatsApp Repeat Buyers,WhatsApp,crm,WhatsApp Repeat Buyers,WHA-1023,43,first_time,Delivered,,0,Delivered
FAS-24585,XP987650584,2026-04-15T12:30:00.000Z,Riya Patel,9700000234,customer585@example.com,"House 62, Block C, Patna Residency, Sector 9",Near main market,800001,Patna,Bihar,COORD-GRN-M,Green Co-ord Set,1,2150,COD,Xpressbees,Meta,Meta COD Scale,Meta,paid,Meta COD Scale,MET-1024,58,repeat_delivered,Delivered,,0,Delivered
FAS-24586,DT987650585,2026-04-16T13:30:00.000Z,Vivaan Rao,9700000235,customer586@example.com,Near temple main road Ghaziabad,,201001,Ghaziabad,Uttar Pradesh,DENIM-WIDE-30,Wide Fit Denim,1,1750,COD,DTDC,Instagram,Influencer Drop,Instagram,paid,Influencer Drop,INS-1025,38,first_time,Undelivered,Customer refused delivery,2,In NDR
FAS-24587,SH987650586,2026-04-17T14:30:00.000Z,Meera Singh,9700000236,customer587@example.com,"House 64, Block E, Delhi Residency, Sector 11",Near main market,110024,Delhi,Delhi,KURTI-BLU-M,Blue Printed Kurti,1,1300,COD,Shadowfax,Shopify,Google Brand Search,Google,paid,Google Brand Search,GOO-1026,39,first_time,Delivered,,0,Delivered
FAS-24588,EK987650587,2026-04-18T15:30:00.000Z,Ishaan Gupta,9700000237,customer588@example.com,"House 65, Block F, Bengaluru Residency, Sector 12",Near main market,560095,Bengaluru,Karnataka,DRESS-RED-S,Red Summer Dress,1,2450,COD,Ekart,WhatsApp,WhatsApp Repeat Buyers,WhatsApp,crm,WhatsApp Repeat Buyers,WHA-1027,47,first_time,Delivered,,0,Delivered
FAS-24589,XP987650588,2026-04-19T04:30:00.000Z,Sara Ali,9700000238,customer589@example.com,"House 66, Block A, Ahmedabad Residency, Sector 1",Near main market,380015,Ahmedabad,Gujarat,TSH-BLK-L,Oversized Black Tee,1,800,Prepaid,Xpressbees,Meta,Meta COD Scale,Meta,paid,Meta COD Scale,MET-1028,55,repeat_delivered,Delivered,,0,Delivered
FAS-24590,EK987650589,2026-04-20T05:30:00.000Z,Nisha Nair,9700000239,customer590@example.com,"House 67, Block B, Ghaziabad Residency, Sector 2",Near main market,201001,Ghaziabad,Uttar Pradesh,COORD-GRN-M,Green Co-ord Set,1,2300,COD,Ekart,Instagram,Influencer Drop,Instagram,paid,Influencer Drop,INS-1029,55,first_time,Undelivered,Incorrect address,2,In NDR
FAS-24591,EK987650590,2026-04-21T06:30:00.000Z,Aarav Sharma,9700000240,customer591@example.com,"House 68, Block C, Lucknow Residency, Sector 3",,226010,Lucknow,Uttar Pradesh,DENIM-WIDE-30,Wide Fit Denim,1,1950,COD,Ekart,Shopify,Google Brand Search,Google,paid,Google Brand Search,GOO-1030,52,first_time,Undelivered,No response on phone,1,In NDR
FAS-24592,DT987650591,2026-04-22T07:30:00.000Z,Diya Verma,9700000241,customer592@example.com,Near temple main road Patna,,800001,Patna,Bihar,KURTI-BLU-M,Blue Printed Kurti,1,1250,COD,DTDC,WhatsApp,WhatsApp Repeat Buyers,WhatsApp,crm,WhatsApp Repeat Buyers,WHA-1031,40,first_time,RTO,Door locked,3,RTO
FAS-24593,BL987650592,2026-04-23T08:30:00.000Z,Kabir Khan,9700000242,customer593@example.com,Near temple main road Surat,,395007,Surat,Gujarat,DRESS-RED-S,Red Summer Dress,1,2650,COD,Bluedart,Meta,Meta COD Scale,Meta,paid,Meta COD Scale,MET-1032,49,repeat_delivered,RTO,Customer refused delivery,2,RTO
FAS-24594,SH987650593,2026-04-24T09:30:00.000Z,Ananya Iyer,9700000243,customer594@example.com,"House 71, Block F, Indore Residency, Sector 6",Near main market,452010,Indore,Madhya Pradesh,TSH-BLK-L,Oversized Black Tee,1,800,Prepaid,Shiprocket,Instagram,Influencer Drop,Instagram,paid,Influencer Drop,INS-1033,52,first_time,Undelivered,Cash not ready,2,In NDR
FAS-24595,DE987650594,2026-04-25T10:30:00.000Z,Riya Patel,9700000244,customer595@example.com,"House 72, Block A, Surat Residency, Sector 7",Near main market,395007,Surat,Gujarat,COORD-GRN-M,Green Co-ord Set,1,2250,COD,Delhivery,Shopify,Google Brand Search,Google,paid,Google Brand Search,GOO-1034,48,first_time,Delivered,,0,Delivered
FAS-24596,DE987650595,2026-04-26T11:30:00.000Z,Vivaan Rao,9700000245,customer596@example.com,Near temple main road Patna,,800001,Patna,Bihar,DENIM-WIDE-30,Wide Fit Denim,1,1850,Prepaid,Delhivery,WhatsApp,WhatsApp Repeat Buyers,WhatsApp,crm,WhatsApp Repeat Buyers,WHA-1035,47,first_time,RTO,Customer not available,3,RTO
FAS-24597,DE987650596,2026-04-27T12:30:00.000Z,Meera Singh,9700000246,customer597@example.com,"House 74, Block C, Surat Residency, Sector 9",Near main market,395007,Surat,Gujarat,KURTI-BLU-M,Blue Printed Kurti,1,1350,Prepaid,Delhivery,Meta,Meta COD Scale,Meta,paid,Meta COD Scale,MET-1036,54,repeat_delivered,Undelivered,Incorrect address,1,In NDR
FAS-24598,XP987650597,2026-04-28T13:30:00.000Z,Ishaan Gupta,9700000247,customer598@example.com,"House 75, Block D, Chennai Residency, Sector 10",Near main market,600042,Chennai,Tamil Nadu,DRESS-RED-S,Red Summer Dress,1,2700,COD,Xpressbees,Instagram,Influencer Drop,Instagram,paid,Influencer Drop,INS-1037,40,first_time,RTO,No response on phone,3,RTO
FAS-24599,DT987650598,2026-04-29T14:30:00.000Z,Sara Ali,9700000248,customer599@example.com,"House 76, Block E, Bhubaneswar Residency, Sector 11",Near main market,751024,Bhubaneswar,Odisha,TSH-BLK-L,Oversized Black Tee,1,850,Prepaid,DTDC,Shopify,Google Brand Search,Google,paid,Google Brand Search,GOO-1038,53,first_time,Delivered,,0,Delivered
FAS-24600,EK987650599,2026-04-30T15:30:00.000Z,Nisha Nair,9700000249,customer600@example.com,"House 77, Block F, Patna Residency, Sector 12",Near main market,800001,Patna,Bihar,COORD-GRN-M,Green Co-ord Set,1,2350,Prepaid,Ekart,WhatsApp,WhatsApp Repeat Buyers,WhatsApp,crm,WhatsApp Repeat Buyers,WHA-1039,50,first_time,Delivered,,0,Delivered
FAS-24601,SH987650600,2026-04-01T04:30:00.000Z,Aarav Sharma,9700000250,customer601@example.com,"House 78, Block A, Ghaziabad Residency, Sector 1",,201001,Ghaziabad,Uttar Pradesh,DENIM-WIDE-30,Wide Fit Denim,1,1750,COD,Shadowfax,Meta,Meta COD Scale,Meta,paid,Meta COD Scale,MET-1040,53,repeat_delivered,Cancelled,,0,Cancelled before shipping
FAS-24602,SH987650601,2026-04-02T05:30:00.000Z,Diya Verma,9700000251,customer602@example.com,"House 79, Block B, Delhi Residency, Sector 2",Near main market,110024,Delhi,Delhi,KURTI-BLU-M,Blue Printed Kurti,1,1350,Prepaid,Shiprocket,Instagram,Influencer Drop,Instagram,paid,Influencer Drop,INS-1041,48,first_time,Delivered,,0,Delivered
FAS-24603,SH987650602,2026-04-03T06:30:00.000Z,Kabir Khan,9700000252,customer603@example.com,"House 80, Block C, Lucknow Residency, Sector 3",Near main market,226010,Lucknow,Uttar Pradesh,DRESS-RED-S,Red Summer Dress,1,2700,Prepaid,Shiprocket,Shopify,Google Brand Search,Google,paid,Google Brand Search,GOO-1042,48,first_time,RTO,Customer not available,2,RTO
FAS-24604,XP987650603,2026-04-04T07:30:00.000Z,Ananya Iyer,9700000253,customer604@example.com,"House 81, Block D, Patna Residency, Sector 4",Near main market,800001,Patna,Bihar,TSH-BLK-L,Oversized Black Tee,1,850,COD,Xpressbees,WhatsApp,WhatsApp Repeat Buyers,WhatsApp,crm,WhatsApp Repeat Buyers,WHA-1043,49,first_time,Delivered,,0,Delivered
FAS-24605,DT987650604,2026-04-05T08:30:00.000Z,Riya Patel,9700000254,customer605@example.com,"House 82, Block E, Jaipur Residency, Sector 5",Near main market,302001,Jaipur,Rajasthan,COORD-GRN-M,Green Co-ord Set,1,2350,COD,DTDC,Meta,Meta COD Scale,Meta,paid,Meta COD Scale,MET-1044,52,repeat_delivered,Undelivered,No response on phone,1,In NDR
FAS-24606,SH987650605,2026-04-06T09:30:00.000Z,Vivaan Rao,9700000255,customer606@example.com,"House 83, Block F, Ghaziabad Residency, Sector 6",,201001,Ghaziabad,Uttar Pradesh,DENIM-WIDE-30,Wide Fit Denim,1,2000,Prepaid,Shiprocket,Instagram,Influencer Drop,Instagram,paid,Influencer Drop,INS-1045,57,first_time,Delivered,,0,Delivered
FAS-24607,SH987650606,2026-04-07T10:30:00.000Z,Meera Singh,9700000256,customer607@example.com,"House 84, Block A, Lucknow Residency, Sector 7",Near main market,226010,Lucknow,Uttar Pradesh,KURTI-BLU-M,Blue Printed Kurti,1,1300,COD,Shadowfax,Shopify,Google Brand Search,Google,paid,Google Brand Search,GOO-1046,55,first_time,Undelivered,Customer refused delivery,1,In NDR
FAS-24608,BL987650607,2026-04-08T11:30:00.000Z,Ishaan Gupta,9700000257,customer608@example.com,"House 85, Block B, Patna Residency, Sector 8",Near main market,800001,Patna,Bihar,DRESS-RED-S,Red Summer Dress,1,2300,COD,Bluedart,WhatsApp,WhatsApp Repeat Buyers,WhatsApp,crm,WhatsApp Repeat Buyers,WHA-1047,49,first_time,Undelivered,Cash not ready,2,In NDR
FAS-24609,DT987650608,2026-04-09T12:30:00.000Z,Sara Ali,9700000258,customer609@example.com,"House 86, Block C, Indore Residency, Sector 9",Near main market,452010,Indore,Madhya Pradesh,TSH-BLK-L,Oversized Black Tee,1,750,COD,DTDC,Meta,Meta COD Scale,Meta,paid,Meta COD Scale,MET-1048,50,repeat_delivered,Undelivered,Customer requested future delivery,1,In NDR
FAS-24610,XP987650609,2026-04-10T13:30:00.000Z,Nisha Nair,9700000259,customer610@example.com,"House 87, Block D, Ghaziabad Residency, Sector 10",Near main market,201001,Ghaziabad,Uttar Pradesh,COORD-GRN-M,Green Co-ord Set,2,2150,Prepaid,Xpressbees,Instagram,Influencer Drop,Instagram,paid,Influencer Drop,INS-1049,52,first_time,Undelivered,Customer not available,2,In NDR
FAS-24611,SH987650610,2026-04-11T14:30:00.000Z,Aarav Sharma,9700000260,customer611@example.com,"House 88, Block E, Lucknow Residency, Sector 11",,226010,Lucknow,Uttar Pradesh,DENIM-WIDE-30,Wide Fit Denim,1,2000,COD,Shadowfax,Shopify,Google Brand Search,Google,paid,Google Brand Search,GOO-1050,46,first_time,RTO,Incorrect address,2,RTO
FAS-24612,SH987650611,2026-04-12T15:30:00.000Z,Diya Verma,9700000261,customer612@example.com,"House 89, Block F, Mumbai Residency, Sector 12",Near main market,400053,Mumbai,Maharashtra,KURTI-BLU-M,Blue Printed Kurti,1,1200,COD,Shiprocket,WhatsApp,WhatsApp Repeat Buyers,WhatsApp,crm,WhatsApp Repeat Buyers,WHA-1051,42,first_time,Delivered,,0,Delivered
FAS-24613,XP987650612,2026-04-13T04:30:00.000Z,Kabir Khan,9700000262,customer613@example.com,"House 90, Block A, Chennai Residency, Sector 1",Near main market,600042,Chennai,Tamil Nadu,DRESS-RED-S,Red Summer Dress,1,2700,COD,Xpressbees,Meta,Meta COD Scale,Meta,paid,Meta COD Scale,MET-1052,49,repeat_delivered,Undelivered,Door locked,1,In NDR
FAS-24614,EK987650613,2026-04-14T05:30:00.000Z,Ananya Iyer,9700000263,customer614@example.com,Near temple main road Ghaziabad,,201001,Ghaziabad,Uttar Pradesh,TSH-BLK-L,Oversized Black Tee,1,850,COD,Ekart,Instagram,Influencer Drop,Instagram,paid,Influencer Drop,INS-1053,55,first_time,RTO,Customer refused delivery,3,RTO
FAS-24615,DE987650614,2026-04-15T06:30:00.000Z,Riya Patel,9700000264,customer615@example.com,"House 92, Block C, Patna Residency, Sector 3",Near main market,800001,Patna,Bihar,COORD-GRN-M,Green Co-ord Set,1,2250,COD,Delhivery,Shopify,Google Brand Search,Google,paid,Google Brand Search,GOO-1054,43,first_time,Undelivered,Cash not ready,1,In NDR
FAS-24616,BL987650615,2026-04-16T07:30:00.000Z,Vivaan Rao,9700000265,customer616@example.com,"House 93, Block D, Ghaziabad Residency, Sector 4",,201001,Ghaziabad,Uttar Pradesh,DENIM-WIDE-30,Wide Fit Denim,1,1750,COD,Bluedart,WhatsApp,WhatsApp Repeat Buyers,WhatsApp,crm,WhatsApp Repeat Buyers,WHA-1055,38,first_time,RTO,Customer requested future delivery,3,RTO
FAS-24617,SH987650616,2026-04-17T08:30:00.000Z,Meera Singh,9700000266,customer617@example.com,"House 94, Block E, Delhi Residency, Sector 5",Near main market,110024,Delhi,Delhi,KURTI-BLU-M,Blue Printed Kurti,1,1400,COD,Shiprocket,Meta,Meta COD Scale,Meta,paid,Meta COD Scale,MET-1056,41,repeat_delivered,Undelivered,Customer not available,1,In NDR
FAS-24618,SH987650617,2026-04-18T09:30:00.000Z,Ishaan Gupta,9700000267,customer618@example.com,"House 95, Block F, Bengaluru Residency, Sector 6",Near main market,560095,Bengaluru,Karnataka,DRESS-RED-S,Red Summer Dress,1,2350,COD,Shadowfax,Instagram,Influencer Drop,Instagram,paid,Influencer Drop,INS-1057,57,first_time,Delivered,,0,Delivered
FAS-24619,BL987650618,2026-04-19T10:30:00.000Z,Sara Ali,9700000268,customer619@example.com,"House 96, Block A, Ahmedabad Residency, Sector 7",Near main market,380015,Ahmedabad,Gujarat,TSH-BLK-L,Oversized Black Tee,1,750,COD,Bluedart,Shopify,Google Brand Search,Google,paid,Google Brand Search,GOO-1058,54,first_time,Delivered,,0,Delivered
FAS-24620,EK987650619,2026-04-20T11:30:00.000Z,Nisha Nair,9700000269,customer620@example.com,"House 97, Block B, Jaipur Residency, Sector 8",Near main market,302001,Jaipur,Rajasthan,COORD-GRN-M,Green Co-ord Set,1,2150,Prepaid,Ekart,WhatsApp,WhatsApp Repeat Buyers,WhatsApp,crm,WhatsApp Repeat Buyers,WHA-1059,58,first_time,Delivered,,0,Delivered
FAS-24621,SH987650620,2026-04-21T12:30:00.000Z,Aarav Sharma,9700000270,customer621@example.com,"House 98, Block C, Pune Residency, Sector 9",,411045,Pune,Maharashtra,DENIM-WIDE-30,Wide Fit Denim,1,1950,COD,Shadowfax,Meta,Meta COD Scale,Meta,paid,Meta COD Scale,MET-1060,52,repeat_delivered,Undelivered,Customer refused delivery,1,In NDR
FAS-24622,EK987650621,2026-04-22T13:30:00.000Z,Diya Verma,9700000271,customer622@example.com,"House 99, Block D, Kolkata Residency, Sector 10",Near main market,700016,Kolkata,West Bengal,KURTI-BLU-M,Blue Printed Kurti,1,1350,COD,Ekart,Instagram,Influencer Drop,Instagram,paid,Influencer Drop,INS-1061,40,first_time,RTO,Cash not ready,3,RTO
FAS-24623,BL987650622,2026-04-23T14:30:00.000Z,Kabir Khan,9700000272,customer623@example.com,"House 100, Block E, Lucknow Residency, Sector 11",Near main market,226010,Lucknow,Uttar Pradesh,DRESS-RED-S,Red Summer Dress,1,2600,COD,Bluedart,Shopify,Google Brand Search,Google,paid,Google Brand Search,GOO-1062,43,first_time,Delivered,,0,Delivered
FAS-24624,DT987650623,2026-04-24T15:30:00.000Z,Ananya Iyer,9700000273,customer624@example.com,Near temple main road Patna,,800001,Patna,Bihar,TSH-BLK-L,Oversized Black Tee,1,800,Prepaid,DTDC,WhatsApp,WhatsApp Repeat Buyers,WhatsApp,crm,WhatsApp Repeat Buyers,WHA-1063,47,first_time,Undelivered,Customer not available,2,In NDR
FAS-24625,SH987650624,2026-04-25T04:30:00.000Z,Riya Patel,9700000274,customer625@example.com,"House 102, Block A, Surat Residency, Sector 1",Near main market,395007,Surat,Gujarat,COORD-GRN-M,Green Co-ord Set,1,2100,COD,Shadowfax,Meta,Meta COD Scale,Meta,paid,Meta COD Scale,MET-1064,47,repeat_delivered,RTO,Incorrect address,2,RTO
FAS-24626,SH987650625,2026-04-26T05:30:00.000Z,Vivaan Rao,9700000275,customer626@example.com,"House 103, Block B, Ghaziabad Residency, Sector 2",,201001,Ghaziabad,Uttar Pradesh,DENIM-WIDE-30,Wide Fit Denim,1,1900,COD,Shiprocket,Instagram,Influencer Drop,Instagram,paid,Influencer Drop,INS-1065,53,first_time,Undelivered,No response on phone,2,In NDR
FAS-24627,EK987650626,2026-04-27T06:30:00.000Z,Meera Singh,9700000276,customer627@example.com,"House 104, Block C, Mumbai Residency, Sector 3",Near main market,400053,Mumbai,Maharashtra,KURTI-BLU-M,Blue Printed Kurti,1,1300,COD,Ekart,Shopify,Google Brand Search,Google,paid,Google Brand Search,GOO-1066,41,first_time,Delivered,,0,Delivered
FAS-24628,SH987650627,2026-04-28T07:30:00.000Z,Ishaan Gupta,9700000277,customer628@example.com,Near temple main road Patna,,800001,Patna,Bihar,DRESS-RED-S,Red Summer Dress,1,2300,Prepaid,Shadowfax,WhatsApp,WhatsApp Repeat Buyers,WhatsApp,crm,WhatsApp Repeat Buyers,WHA-1067,41,first_time,Undelivered,Customer refused delivery,2,In NDR
FAS-24629,SH987650628,2026-04-29T08:30:00.000Z,Sara Ali,9700000278,customer629@example.com,"House 106, Block E, Bhubaneswar Residency, Sector 5",Near main market,751024,Bhubaneswar,Odisha,TSH-BLK-L,Oversized Black Tee,1,850,COD,Shadowfax,Meta,Meta COD Scale,Meta,paid,Meta COD Scale,MET-1068,40,repeat_delivered,Delivered,,0,Delivered
FAS-24630,DT987650629,2026-04-30T09:30:00.000Z,Nisha Nair,9700000279,customer630@example.com,"House 107, Block F, Patna Residency, Sector 6",Near main market,800001,Patna,Bihar,COORD-GRN-M,Green Co-ord Set,1,2100,COD,DTDC,Instagram,Influencer Drop,Instagram,paid,Influencer Drop,INS-1069,39,first_time,Undelivered,Customer requested future delivery,2,In NDR
FAS-24631,SH987650630,2026-04-01T10:30:00.000Z,Aarav Sharma,9700000280,customer631@example.com,"House 18, Block A, Ghaziabad Residency, Sector 7",,201001,Ghaziabad,Uttar Pradesh,DENIM-WIDE-30,Wide Fit Denim,1,1900,COD,Shiprocket,Shopify,Google Brand Search,Google,paid,Google Brand Search,GOO-1070,51,first_time,RTO,Customer not available,2,RTO
FAS-24632,XP987650631,2026-04-02T11:30:00.000Z,Diya Verma,9700000281,customer632@example.com,"House 19, Block B, Delhi Residency, Sector 8",Near main market,110024,Delhi,Delhi,KURTI-BLU-M,Blue Printed Kurti,1,1400,COD,Xpressbees,WhatsApp,WhatsApp Repeat Buyers,WhatsApp,crm,WhatsApp Repeat Buyers,WHA-1071,58,first_time,Delivered,,0,Delivered
FAS-24633,DT987650632,2026-04-03T12:30:00.000Z,Kabir Khan,9700000282,customer633@example.com,"House 20, Block C, Bengaluru Residency, Sector 9",Near main market,560095,Bengaluru,Karnataka,DRESS-RED-S,Red Summer Dress,1,2350,COD,DTDC,Meta,Meta COD Scale,Meta,paid,Meta COD Scale,MET-1072,48,repeat_delivered,Undelivered,No response on phone,1,In NDR
FAS-24634,DE987650633,2026-04-04T13:30:00.000Z,Ananya Iyer,9700000283,customer634@example.com,Near temple main road Ghaziabad,,201001,Ghaziabad,Uttar Pradesh,TSH-BLK-L,Oversized Black Tee,1,800,COD,Delhivery,Instagram,Influencer Drop,Instagram,paid,Influencer Drop,INS-1073,46,first_time,Undelivered,Door locked,2,In NDR
FAS-24635,SH987650634,2026-04-05T14:30:00.000Z,Riya Patel,9700000284,customer635@example.com,Near temple main road Lucknow,,226010,Lucknow,Uttar Pradesh,COORD-GRN-M,Green Co-ord Set,1,2150,Prepaid,Shiprocket,Shopify,Google Brand Search,Google,paid,Google Brand Search,GOO-1074,54,first_time,RTO,Customer refused delivery,2,RTO
FAS-24636,XP987650635,2026-04-06T15:30:00.000Z,Vivaan Rao,9700000285,customer636@example.com,"House 23, Block F, Pune Residency, Sector 12",,411045,Pune,Maharashtra,DENIM-WIDE-30,Wide Fit Denim,1,1950,COD,Xpressbees,WhatsApp,WhatsApp Repeat Buyers,WhatsApp,crm,WhatsApp Repeat Buyers,WHA-1075,45,first_time,RTO,Cash not ready,3,RTO
FAS-24637,SH987650636,2026-04-07T04:30:00.000Z,Meera Singh,9700000286,customer637@example.com,"House 24, Block A, Kolkata Residency, Sector 1",Near main market,700016,Kolkata,West Bengal,KURTI-BLU-M,Blue Printed Kurti,1,1300,COD,Shiprocket,Meta,Meta COD Scale,Meta,paid,Meta COD Scale,MET-1076,43,repeat_delivered,Undelivered,Customer requested future delivery,1,In NDR
FAS-24638,DT987650637,2026-04-08T05:30:00.000Z,Ishaan Gupta,9700000287,customer638@example.com,"House 25, Block B, Lucknow Residency, Sector 2",Near main market,226010,Lucknow,Uttar Pradesh,DRESS-RED-S,Red Summer Dress,1,2650,COD,DTDC,Instagram,Influencer Drop,Instagram,paid,Influencer Drop,INS-1077,42,first_time,RTO,Customer not available,3,RTO
FAS-24639,DT987650638,2026-04-09T06:30:00.000Z,Sara Ali,9700000288,customer639@example.com,"House 26, Block C, Indore Residency, Sector 3",Near main market,452010,Indore,Madhya Pradesh,TSH-BLK-L,Oversized Black Tee,2,800,Prepaid,DTDC,Shopify,Google Brand Search,Google,paid,Google Brand Search,GOO-1078,43,first_time,Delivered,,0,Delivered
FAS-24640,BL987650639,2026-04-10T07:30:00.000Z,Nisha Nair,9700000289,customer640@example.com,"House 27, Block D, Patna Residency, Sector 4",Near main market,800001,Patna,Bihar,COORD-GRN-M,Green Co-ord Set,1,2400,Prepaid,Bluedart,WhatsApp,WhatsApp Repeat Buyers,WhatsApp,crm,WhatsApp Repeat Buyers,WHA-1079,45,first_time,RTO,No response on phone,3,RTO
FAS-24641,SH987650640,2026-04-11T08:30:00.000Z,Aarav Sharma,9700000290,customer641@example.com,"House 28, Block E, Hyderabad Residency, Sector 5",,500081,Hyderabad,Telangana,DENIM-WIDE-30,Wide Fit Denim,1,1800,COD,Shiprocket,Meta,Meta COD Scale,Meta,paid,Meta COD Scale,MET-1000,50,repeat_delivered,Undelivered,Door locked,1,In NDR
FAS-24642,EK987650641,2026-04-12T09:30:00.000Z,Diya Verma,9700000291,customer642@example.com,"House 29, Block F, Mumbai Residency, Sector 6",Near main market,400053,Mumbai,Maharashtra,KURTI-BLU-M,Blue Printed Kurti,1,1350,COD,Ekart,Instagram,Influencer Drop,Instagram,paid,Influencer Drop,INS-1001,54,first_time,RTO,Customer refused delivery,3,RTO
FAS-24643,SH987650642,2026-04-13T10:30:00.000Z,Kabir Khan,9700000292,customer643@example.com,"House 30, Block A, Chennai Residency, Sector 7",Near main market,600042,Chennai,Tamil Nadu,DRESS-RED-S,Red Summer Dress,1,2600,COD,Shiprocket,Shopify,Google Brand Search,Google,paid,Google Brand Search,GOO-1002,46,first_time,Undelivered,Cash not ready,1,In NDR
FAS-24644,DT987650643,2026-04-14T11:30:00.000Z,Ananya Iyer,9700000293,customer644@example.com,"House 31, Block B, Patna Residency, Sector 8",Near main market,800001,Patna,Bihar,TSH-BLK-L,Oversized Black Tee,1,850,COD,DTDC,WhatsApp,WhatsApp Repeat Buyers,WhatsApp,crm,WhatsApp Repeat Buyers,WHA-1003,47,first_time,RTO,Customer requested future delivery,3,RTO
FAS-24645,SH987650644,2026-04-15T12:30:00.000Z,Riya Patel,9700000294,customer645@example.com,"House 32, Block C, Surat Residency, Sector 9",Near main market,395007,Surat,Gujarat,COORD-GRN-M,Green Co-ord Set,1,2200,COD,Shadowfax,Meta,Meta COD Scale,Meta,paid,Meta COD Scale,MET-1004,40,repeat_delivered,RTO,Customer not available,2,RTO
FAS-24646,XP987650645,2026-04-16T13:30:00.000Z,Vivaan Rao,9700000295,customer646@example.com,"House 33, Block D, Ghaziabad Residency, Sector 10",,201001,Ghaziabad,Uttar Pradesh,DENIM-WIDE-30,Wide Fit Denim,1,2050,COD,Xpressbees,Instagram,Influencer Drop,Instagram,paid,Influencer Drop,INS-1005,46,first_time,Cancelled,,0,Cancelled before shipping
FAS-24647,BL987650646,2026-04-17T14:30:00.000Z,Meera Singh,9700000296,customer647@example.com,"House 34, Block E, Delhi Residency, Sector 11",Near main market,110024,Delhi,Delhi,KURTI-BLU-M,Blue Printed Kurti,1,1300,COD,Bluedart,Shopify,Google Brand Search,Google,paid,Google Brand Search,GOO-1006,40,first_time,Delivered,,0,Delivered
FAS-24648,EK987650647,2026-04-18T15:30:00.000Z,Ishaan Gupta,9700000297,customer648@example.com,"House 35, Block F, Bengaluru Residency, Sector 12",Near main market,560095,Bengaluru,Karnataka,DRESS-RED-S,Red Summer Dress,1,2550,COD,Ekart,WhatsApp,WhatsApp Repeat Buyers,WhatsApp,crm,WhatsApp Repeat Buyers,WHA-1007,38,first_time,RTO,Door locked,3,RTO
FAS-24649,BL987650648,2026-04-19T04:30:00.000Z,Sara Ali,9700000298,customer649@example.com,"House 36, Block A, Ahmedabad Residency, Sector 1",Near main market,380015,Ahmedabad,Gujarat,TSH-BLK-L,Oversized Black Tee,1,800,Prepaid,Bluedart,Meta,Meta COD Scale,Meta,paid,Meta COD Scale,MET-1008,47,repeat_delivered,Undelivered,Customer refused delivery,1,In NDR
FAS-24650,SH987650649,2026-04-20T05:30:00.000Z,Nisha Nair,9700000299,customer650@example.com,"House 37, Block B, Jaipur Residency, Sector 2",Near main market,302001,Jaipur,Rajasthan,COORD-GRN-M,Green Co-ord Set,1,2250,COD,Shiprocket,Instagram,Influencer Drop,Instagram,paid,Influencer Drop,INS-1009,50,first_time,Delivered,,0,Delivered
FAS-24651,XP987650650,2026-04-21T06:30:00.000Z,Aarav Sharma,9700000300,customer651@example.com,"House 38, Block C, Lucknow Residency, Sector 3",,226010,Lucknow,Uttar Pradesh,DENIM-WIDE-30,Wide Fit Denim,1,1750,COD,Xpressbees,Shopify,Google Brand Search,Google,paid,Google Brand Search,GOO-1010,51,first_time,Undelivered,Customer requested future delivery,1,In NDR
FAS-24652,DE987650651,2026-04-22T07:30:00.000Z,Diya Verma,9700000301,customer652@example.com,"House 39, Block D, Kolkata Residency, Sector 4",Near main market,700016,Kolkata,West Bengal,KURTI-BLU-M,Blue Printed Kurti,1,1250,Prepaid,Delhivery,WhatsApp,WhatsApp Repeat Buyers,WhatsApp,crm,WhatsApp Repeat Buyers,WHA-1011,51,first_time,Delivered,,0,Delivered
FAS-24653,EK987650652,2026-04-23T08:30:00.000Z,Kabir Khan,9700000302,customer653@example.com,"House 40, Block E, Lucknow Residency, Sector 5",Near main market,226010,Lucknow,Uttar Pradesh,DRESS-RED-S,Red Summer Dress,1,2450,COD,Ekart,Meta,Meta COD Scale,Meta,paid,Meta COD Scale,MET-1012,53,repeat_delivered,RTO,Incorrect address,2,RTO
FAS-24654,DE987650653,2026-04-24T09:30:00.000Z,Ananya Iyer,9700000303,customer654@example.com,"House 41, Block F, Ghaziabad Residency, Sector 6",Near main market,201001,Ghaziabad,Uttar Pradesh,TSH-BLK-L,Oversized Black Tee,1,850,COD,Delhivery,Instagram,Influencer Drop,Instagram,paid,Influencer Drop,INS-1013,41,first_time,Undelivered,No response on phone,2,In NDR
FAS-24655,BL987650654,2026-04-25T10:30:00.000Z,Riya Patel,9700000304,customer655@example.com,"House 42, Block A, Surat Residency, Sector 7",Near main market,395007,Surat,Gujarat,COORD-GRN-M,Green Co-ord Set,1,2150,COD,Bluedart,Shopify,Google Brand Search,Google,paid,Google Brand Search,GOO-1014,50,first_time,Undelivered,Door locked,1,In NDR
FAS-24656,EK987650655,2026-04-26T11:30:00.000Z,Vivaan Rao,9700000305,customer656@example.com,Near temple main road Patna,,800001,Patna,Bihar,DENIM-WIDE-30,Wide Fit Denim,1,2000,COD,Ekart,WhatsApp,WhatsApp Repeat Buyers,WhatsApp,crm,WhatsApp Repeat Buyers,WHA-1015,48,first_time,Undelivered,Customer refused delivery,2,In NDR
FAS-24657,DT987650656,2026-04-27T12:30:00.000Z,Meera Singh,9700000306,customer657@example.com,"House 44, Block C, Surat Residency, Sector 9",Near main market,395007,Surat,Gujarat,KURTI-BLU-M,Blue Printed Kurti,1,1300,COD,DTDC,Meta,Meta COD Scale,Meta,paid,Meta COD Scale,MET-1016,45,repeat_delivered,Undelivered,Cash not ready,1,In NDR
FAS-24658,XP987650657,2026-04-28T13:30:00.000Z,Ishaan Gupta,9700000307,customer658@example.com,"House 45, Block D, Chennai Residency, Sector 10",Near main market,600042,Chennai,Tamil Nadu,DRESS-RED-S,Red Summer Dress,1,2400,COD,Xpressbees,Instagram,Influencer Drop,Instagram,paid,Influencer Drop,INS-1017,39,first_time,RTO,Customer requested future delivery,3,RTO
FAS-24659,SH987650658,2026-04-29T14:30:00.000Z,Sara Ali,9700000308,customer659@example.com,"House 46, Block E, Lucknow Residency, Sector 11",Near main market,226010,Lucknow,Uttar Pradesh,TSH-BLK-L,Oversized Black Tee,1,850,COD,Shadowfax,Shopify,Google Brand Search,Google,paid,Google Brand Search,GOO-1018,45,first_time,Delivered,,0,Delivered
FAS-24660,XP987650659,2026-04-30T15:30:00.000Z,Nisha Nair,9700000309,customer660@example.com,"House 47, Block F, Patna Residency, Sector 12",Near main market,800001,Patna,Bihar,COORD-GRN-M,Green Co-ord Set,1,2400,COD,Xpressbees,WhatsApp,WhatsApp Repeat Buyers,WhatsApp,crm,WhatsApp Repeat Buyers,WHA-1019,51,first_time,RTO,Incorrect address,3,RTO
FAS-24661,EK987650660,2026-04-01T04:30:00.000Z,Aarav Sharma,9700000310,customer661@example.com,"House 48, Block A, Ghaziabad Residency, Sector 1",,201001,Ghaziabad,Uttar Pradesh,DENIM-WIDE-30,Wide Fit Denim,1,1850,COD,Ekart,Meta,Meta COD Scale,Meta,paid,Meta COD Scale,MET-1020,43,repeat_delivered,Undelivered,No response on phone,1,In NDR
FAS-24662,DE987650661,2026-04-02T05:30:00.000Z,Diya Verma,9700000311,customer662@example.com,"House 49, Block B, Delhi Residency, Sector 2",Near main market,110024,Delhi,Delhi,KURTI-BLU-M,Blue Printed Kurti,1,1350,Prepaid,Delhivery,Instagram,Influencer Drop,Instagram,paid,Influencer Drop,INS-1021,43,first_time,Undelivered,Door locked,2,In NDR
FAS-24663,SH987650662,2026-04-03T06:30:00.000Z,Kabir Khan,9700000312,customer663@example.com,"House 50, Block C, Bengaluru Residency, Sector 3",Near main market,560095,Bengaluru,Karnataka,DRESS-RED-S,Red Summer Dress,1,2450,Prepaid,Shadowfax,Shopify,Google Brand Search,Google,paid,Google Brand Search,GOO-1022,46,first_time,Delivered,,0,Delivered
FAS-24664,SH987650663,2026-04-04T07:30:00.000Z,Ananya Iyer,9700000313,customer664@example.com,"House 51, Block D, Patna Residency, Sector 4",Near main market,800001,Patna,Bihar,TSH-BLK-L,Oversized Black Tee,1,800,Prepaid,Shiprocket,WhatsApp,WhatsApp Repeat Buyers,WhatsApp,crm,WhatsApp Repeat Buyers,WHA-1023,44,first_time,Delivered,,0,Delivered
FAS-24665,BL987650664,2026-04-05T08:30:00.000Z,Riya Patel,9700000314,customer665@example.com,"House 52, Block E, Jaipur Residency, Sector 5",Near main market,302001,Jaipur,Rajasthan,COORD-GRN-M,Green Co-ord Set,1,2450,COD,Bluedart,Meta,Meta COD Scale,Meta,paid,Meta COD Scale,MET-1024,38,repeat_delivered,Undelivered,Customer requested future delivery,1,In NDR
FAS-24666,DE987650665,2026-04-06T09:30:00.000Z,Vivaan Rao,9700000315,customer666@example.com,"House 53, Block F, Pune Residency, Sector 6",,411045,Pune,Maharashtra,DENIM-WIDE-30,Wide Fit Denim,1,1950,COD,Delhivery,Instagram,Influencer Drop,Instagram,paid,Influencer Drop,INS-1025,42,first_time,RTO,Customer not available,3,RTO
FAS-24667,BL987650666,2026-04-07T10:30:00.000Z,Meera Singh,9700000316,customer667@example.com,"House 54, Block A, Lucknow Residency, Sector 7",Near main market,226010,Lucknow,Uttar Pradesh,KURTI-BLU-M,Blue Printed Kurti,1,1350,COD,Bluedart,Shopify,Google Brand Search,Google,paid,Google Brand Search,GOO-1026,45,first_time,Delivered,,0,Delivered
FAS-24668,BL987650667,2026-04-08T11:30:00.000Z,Ishaan Gupta,9700000317,customer668@example.com,Near temple main road Patna,,800001,Patna,Bihar,DRESS-RED-S,Red Summer Dress,2,2300,COD,Bluedart,WhatsApp,WhatsApp Repeat Buyers,WhatsApp,crm,WhatsApp Repeat Buyers,WHA-1027,45,first_time,RTO,No response on phone,3,RTO
FAS-24669,EK987650668,2026-04-09T12:30:00.000Z,Sara Ali,9700000318,customer669@example.com,"House 56, Block C, Indore Residency, Sector 9",Near main market,452010,Indore,Madhya Pradesh,TSH-BLK-L,Oversized Black Tee,1,850,Prepaid,Ekart,Meta,Meta COD Scale,Meta,paid,Meta COD Scale,MET-1028,42,repeat_delivered,Undelivered,Door locked,1,In NDR
FAS-24670,BL987650669,2026-04-10T13:30:00.000Z,Nisha Nair,9700000319,customer670@example.com,Near temple main road Ghaziabad,,201001,Ghaziabad,Uttar Pradesh,COORD-GRN-M,Green Co-ord Set,1,2200,COD,Bluedart,Instagram,Influencer Drop,Instagram,paid,Influencer Drop,INS-1029,43,first_time,RTO,Customer refused delivery,3,RTO
FAS-24671,BL987650670,2026-04-11T14:30:00.000Z,Aarav Sharma,9700000320,customer671@example.com,"House 58, Block E, Lucknow Residency, Sector 11",,226010,Lucknow,Uttar Pradesh,DENIM-WIDE-30,Wide Fit Denim,1,2000,Prepaid,Bluedart,Shopify,Google Brand Search,Google,paid,Google Brand Search,GOO-1030,57,first_time,RTO,Cash not ready,2,RTO
FAS-24672,DT987650671,2026-04-12T15:30:00.000Z,Diya Verma,9700000321,customer672@example.com,Near temple main road Patna,,800001,Patna,Bihar,KURTI-BLU-M,Blue Printed Kurti,1,1300,COD,DTDC,WhatsApp,WhatsApp Repeat Buyers,WhatsApp,crm,WhatsApp Repeat Buyers,WHA-1031,55,first_time,Cancelled,,0,Cancelled before shipping
FAS-24673,SH987650672,2026-04-13T04:30:00.000Z,Kabir Khan,9700000322,customer673@example.com,"House 60, Block A, Chennai Residency, Sector 1",Near main market,600042,Chennai,Tamil Nadu,DRESS-RED-S,Red Summer Dress,1,2300,COD,Shadowfax,Meta,Meta COD Scale,Meta,paid,Meta COD Scale,MET-1032,58,repeat_delivered,RTO,Customer not available,2,RTO
FAS-24674,XP987650673,2026-04-14T05:30:00.000Z,Ananya Iyer,9700000323,customer674@example.com,"House 61, Block B, Bhubaneswar Residency, Sector 2",Near main market,751024,Bhubaneswar,Odisha,TSH-BLK-L,Oversized Black Tee,1,750,Prepaid,Xpressbees,Instagram,Influencer Drop,Instagram,paid,Influencer Drop,INS-1033,42,first_time,Undelivered,Incorrect address,2,In NDR
FAS-24675,SH987650674,2026-04-15T06:30:00.000Z,Riya Patel,9700000324,customer675@example.com,"House 62, Block C, Patna Residency, Sector 3",Near main market,800001,Patna,Bihar,COORD-GRN-M,Green Co-ord Set,1,2100,Prepaid,Shiprocket,Shopify,Google Brand Search,Google,paid,Google Brand Search,GOO-1034,49,first_time,Delivered,,0,Delivered
FAS-24676,XP987650675,2026-04-16T07:30:00.000Z,Vivaan Rao,9700000325,customer676@example.com,Near temple main road Patna,,800001,Patna,Bihar,DENIM-WIDE-30,Wide Fit Denim,1,1850,Prepaid,Xpressbees,WhatsApp,WhatsApp Repeat Buyers,WhatsApp,crm,WhatsApp Repeat Buyers,WHA-1035,49,first_time,RTO,Door locked,3,RTO
FAS-24677,SH987650676,2026-04-17T08:30:00.000Z,Meera Singh,9700000326,customer677@example.com,"House 64, Block E, Surat Residency, Sector 5",Near main market,395007,Surat,Gujarat,KURTI-BLU-M,Blue Printed Kurti,1,1300,Prepaid,Shadowfax,Meta,Meta COD Scale,Meta,paid,Meta COD Scale,MET-1036,56,repeat_delivered,Undelivered,Customer refused delivery,1,In NDR
FAS-24678,SH987650677,2026-04-18T09:30:00.000Z,Ishaan Gupta,9700000327,customer678@example.com,"House 65, Block F, Bengaluru Residency, Sector 6",Near main market,560095,Bengaluru,Karnataka,DRESS-RED-S,Red Summer Dress,1,2350,COD,Shiprocket,Instagram,Influencer Drop,Instagram,paid,Influencer Drop,INS-1037,42,first_time,RTO,Cash not ready,3,RTO
FAS-24679,DT987650678,2026-04-19T10:30:00.000Z,Sara Ali,9700000328,customer679@example.com,"House 66, Block A, Ahmedabad Residency, Sector 7",Near main market,380015,Ahmedabad,Gujarat,TSH-BLK-L,Oversized Black Tee,1,750,COD,DTDC,Shopify,Google Brand Search,Google,paid,Google Brand Search,GOO-1038,46,first_time,Delivered,,0,Delivered
FAS-24680,SH987650679,2026-04-20T11:30:00.000Z,Nisha Nair,9700000329,customer680@example.com,"House 67, Block B, Jaipur Residency, Sector 8",Near main market,302001,Jaipur,Rajasthan,COORD-GRN-M,Green Co-ord Set,1,2350,Prepaid,Shiprocket,WhatsApp,WhatsApp Repeat Buyers,WhatsApp,crm,WhatsApp Repeat Buyers,WHA-1039,39,first_time,Delivered,,0,Delivered
FAS-24681,SH987650680,2026-04-21T12:30:00.000Z,Aarav Sharma,9700000330,customer681@example.com,"House 68, Block C, Surat Residency, Sector 9",,395007,Surat,Gujarat,DENIM-WIDE-30,Wide Fit Denim,1,1900,COD,Shadowfax,Meta,Meta COD Scale,Meta,paid,Meta COD Scale,MET-1040,42,repeat_delivered,RTO,Incorrect address,2,RTO
FAS-24682,SH987650681,2026-04-22T13:30:00.000Z,Diya Verma,9700000331,customer682@example.com,"House 69, Block D, Kolkata Residency, Sector 10",Near main market,700016,Kolkata,West Bengal,KURTI-BLU-M,Blue Printed Kurti,1,1250,COD,Shiprocket,Instagram,Influencer Drop,Instagram,paid,Influencer Drop,INS-1041,56,first_time,RTO,No response on phone,3,RTO
FAS-24683,BL987650682,2026-04-23T14:30:00.000Z,Kabir Khan,9700000332,customer683@example.com,"House 70, Block E, Lucknow Residency, Sector 11",Near main market,226010,Lucknow,Uttar Pradesh,DRESS-RED-S,Red Summer Dress,1,2700,COD,Bluedart,Shopify,Google Brand Search,Google,paid,Google Brand Search,GOO-1042,41,first_time,Undelivered,Door locked,1,In NDR
FAS-24684,BL987650683,2026-04-24T15:30:00.000Z,Ananya Iyer,9700000333,customer684@example.com,"House 71, Block F, Indore Residency, Sector 12",Near main market,452010,Indore,Madhya Pradesh,TSH-BLK-L,Oversized Black Tee,1,800,COD,Bluedart,WhatsApp,WhatsApp Repeat Buyers,WhatsApp,crm,WhatsApp Repeat Buyers,WHA-1043,42,first_time,Undelivered,Customer refused delivery,2,In NDR
FAS-24685,EK987650684,2026-04-25T04:30:00.000Z,Riya Patel,9700000334,customer685@example.com,"House 72, Block A, Surat Residency, Sector 1",Near main market,395007,Surat,Gujarat,COORD-GRN-M,Green Co-ord Set,1,2400,Prepaid,Ekart,Meta,Meta COD Scale,Meta,paid,Meta COD Scale,MET-1044,49,repeat_delivered,Delivered,,0,Delivered
FAS-24686,DE987650685,2026-04-26T05:30:00.000Z,Vivaan Rao,9700000335,customer686@example.com,"House 73, Block B, Hyderabad Residency, Sector 2",,500081,Hyderabad,Telangana,DENIM-WIDE-30,Wide Fit Denim,1,1800,COD,Delhivery,Instagram,Influencer Drop,Instagram,paid,Influencer Drop,INS-1045,42,first_time,RTO,Customer requested future delivery,3,RTO
FAS-24687,EK987650686,2026-04-27T06:30:00.000Z,Meera Singh,9700000336,customer687@example.com,"House 74, Block C, Mumbai Residency, Sector 3",Near main market,400053,Mumbai,Maharashtra,KURTI-BLU-M,Blue Printed Kurti,1,1250,Prepaid,Ekart,Shopify,Google Brand Search,Google,paid,Google Brand Search,GOO-1046,44,first_time,Delivered,,0,Delivered
FAS-24688,SH987650687,2026-04-28T07:30:00.000Z,Ishaan Gupta,9700000337,customer688@example.com,"House 75, Block D, Patna Residency, Sector 4",Near main market,800001,Patna,Bihar,DRESS-RED-S,Red Summer Dress,1,2300,COD,Shadowfax,WhatsApp,WhatsApp Repeat Buyers,WhatsApp,crm,WhatsApp Repeat Buyers,WHA-1047,58,first_time,Cancelled,,0,Cancelled before shipping
FAS-24689,DT987650688,2026-04-29T08:30:00.000Z,Sara Ali,9700000338,customer689@example.com,"House 76, Block E, Bhubaneswar Residency, Sector 5",Near main market,751024,Bhubaneswar,Odisha,TSH-BLK-L,Oversized Black Tee,1,750,COD,DTDC,Meta,Meta COD Scale,Meta,paid,Meta COD Scale,MET-1048,51,repeat_delivered,Delivered,,0,Delivered
FAS-24690,DE987650689,2026-04-30T09:30:00.000Z,Nisha Nair,9700000339,customer690@example.com,"House 77, Block F, Ghaziabad Residency, Sector 6",Near main market,201001,Ghaziabad,Uttar Pradesh,COORD-GRN-M,Green Co-ord Set,1,2350,COD,Delhivery,Instagram,Influencer Drop,Instagram,paid,Influencer Drop,INS-1049,49,first_time,Undelivered,Door locked,2,In NDR
FAS-24691,BL987650690,2026-04-01T10:30:00.000Z,Aarav Sharma,9700000340,customer691@example.com,"House 78, Block A, Ghaziabad Residency, Sector 7",,201001,Ghaziabad,Uttar Pradesh,DENIM-WIDE-30,Wide Fit Denim,1,2050,COD,Bluedart,Shopify,Google Brand Search,Google,paid,Google Brand Search,GOO-1050,58,first_time,RTO,Customer refused delivery,2,RTO
FAS-24692,SH987650691,2026-04-02T11:30:00.000Z,Diya Verma,9700000341,customer692@example.com,Near temple main road Patna,,800001,Patna,Bihar,KURTI-BLU-M,Blue Printed Kurti,1,1400,COD,Shadowfax,WhatsApp,WhatsApp Repeat Buyers,WhatsApp,crm,WhatsApp Repeat Buyers,WHA-1051,45,first_time,RTO,Cash not ready,3,RTO
FAS-24693,BL987650692,2026-04-03T12:30:00.000Z,Kabir Khan,9700000342,customer693@example.com,"House 80, Block C, Bengaluru Residency, Sector 9",Near main market,560095,Bengaluru,Karnataka,DRESS-RED-S,Red Summer Dress,1,2700,COD,Bluedart,Meta,Meta COD Scale,Meta,paid,Meta COD Scale,MET-1052,54,repeat_delivered,RTO,Customer requested future delivery,2,RTO
FAS-24694,BL987650693,2026-04-04T13:30:00.000Z,Ananya Iyer,9700000343,customer694@example.com,"House 81, Block D, Ahmedabad Residency, Sector 10",Near main market,380015,Ahmedabad,Gujarat,TSH-BLK-L,Oversized Black Tee,1,850,Prepaid,Bluedart,Instagram,Influencer Drop,Instagram,paid,Influencer Drop,INS-1053,47,first_time,Delivered,,0,Delivered
FAS-24695,SH987650694,2026-04-05T14:30:00.000Z,Riya Patel,9700000344,customer695@example.com,"House 82, Block E, Lucknow Residency, Sector 11",Near main market,226010,Lucknow,Uttar Pradesh,COORD-GRN-M,Green Co-ord Set,1,2250,COD,Shiprocket,Shopify,Google Brand Search,Google,paid,Google Brand Search,GOO-1054,57,first_time,Delivered,,0,Delivered
FAS-24696,DE987650695,2026-04-06T15:30:00.000Z,Vivaan Rao,9700000345,customer696@example.com,"House 83, Block F, Pune Residency, Sector 12",,411045,Pune,Maharashtra,DENIM-WIDE-30,Wide Fit Denim,1,2000,Prepaid,Delhivery,WhatsApp,WhatsApp Repeat Buyers,WhatsApp,crm,WhatsApp Repeat Buyers,WHA-1055,42,first_time,Delivered,,0,Delivered
FAS-24697,XP987650696,2026-04-07T04:30:00.000Z,Meera Singh,9700000346,customer697@example.com,"House 84, Block A, Kolkata Residency, Sector 1",Near main market,700016,Kolkata,West Bengal,KURTI-BLU-M,Blue Printed Kurti,2,1400,COD,Xpressbees,Meta,Meta COD Scale,Meta,paid,Meta COD Scale,MET-1056,55,repeat_delivered,RTO,Door locked,2,RTO
FAS-24698,DE987650697,2026-04-08T05:30:00.000Z,Ishaan Gupta,9700000347,customer698@example.com,Near temple main road Ghaziabad,,201001,Ghaziabad,Uttar Pradesh,DRESS-RED-S,Red Summer Dress,1,2650,COD,Delhivery,Instagram,Influencer Drop,Instagram,paid,Influencer Drop,INS-1057,47,first_time,RTO,Customer refused delivery,3,RTO
FAS-24699,XP987650698,2026-04-09T06:30:00.000Z,Sara Ali,9700000348,customer699@example.com,"House 86, Block C, Indore Residency, Sector 3",Near main market,452010,Indore,Madhya Pradesh,TSH-BLK-L,Oversized Black Tee,1,850,COD,Xpressbees,Shopify,Google Brand Search,Google,paid,Google Brand Search,GOO-1058,40,first_time,Delivered,,0,Delivered
FAS-24700,EK987650699,2026-04-10T07:30:00.000Z,Nisha Nair,9700000349,customer700@example.com,"House 87, Block D, Surat Residency, Sector 4",Near main market,395007,Surat,Gujarat,COORD-GRN-M,Green Co-ord Set,1,2250,COD,Ekart,WhatsApp,WhatsApp Repeat Buyers,WhatsApp,crm,WhatsApp Repeat Buyers,WHA-1059,41,first_time,Delivered,,0,Delivered
FAS-24701,SH987650700,2026-04-11T08:30:00.000Z,Aarav Sharma,9700000000,customer701@example.com,"House 88, Block E, Hyderabad Residency, Sector 5",,500081,Hyderabad,Telangana,DENIM-WIDE-30,Wide Fit Denim,1,2050,Prepaid,Shiprocket,Meta,Meta COD Scale,Meta,paid,Meta COD Scale,MET-1060,54,repeat_delivered,Delivered,,0,Delivered
FAS-24702,DT987650701,2026-04-12T09:30:00.000Z,Diya Verma,9700000001,customer702@example.com,"House 89, Block F, Mumbai Residency, Sector 6",Near main market,400053,Mumbai,Maharashtra,KURTI-BLU-M,Blue Printed Kurti,1,1250,COD,DTDC,Instagram,Influencer Drop,Instagram,paid,Influencer Drop,INS-1061,46,first_time,Delivered,,0,Delivered
FAS-24703,BL987650702,2026-04-13T10:30:00.000Z,Kabir Khan,9700000002,customer703@example.com,"House 90, Block A, Lucknow Residency, Sector 7",Near main market,226010,Lucknow,Uttar Pradesh,DRESS-RED-S,Red Summer Dress,1,2700,COD,Bluedart,Shopify,Google Brand Search,Google,paid,Google Brand Search,GOO-1062,48,first_time,Delivered,,0,Delivered
FAS-24704,SH987650703,2026-04-14T11:30:00.000Z,Ananya Iyer,9700000003,customer704@example.com,"House 91, Block B, Bhubaneswar Residency, Sector 8",Near main market,751024,Bhubaneswar,Odisha,TSH-BLK-L,Oversized Black Tee,1,750,COD,Shadowfax,WhatsApp,WhatsApp Repeat Buyers,WhatsApp,crm,WhatsApp Repeat Buyers,WHA-1063,47,first_time,Undelivered,Door locked,2,In NDR
FAS-24705,DE987650704,2026-04-15T12:30:00.000Z,Riya Patel,9700000004,customer705@example.com,"House 92, Block C, Patna Residency, Sector 9",Near main market,800001,Patna,Bihar,COORD-GRN-M,Green Co-ord Set,1,2300,COD,Delhivery,Meta,Meta COD Scale,Meta,paid,Meta COD Scale,MET-1064,38,repeat_delivered,Undelivered,Customer refused delivery,1,In NDR
FAS-24706,BL987650705,2026-04-16T13:30:00.000Z,Vivaan Rao,9700000005,customer706@example.com,"House 93, Block D, Ghaziabad Residency, Sector 10",,201001,Ghaziabad,Uttar Pradesh,DENIM-WIDE-30,Wide Fit Denim,1,2000,COD,Bluedart,Instagram,Influencer Drop,Instagram,paid,Influencer Drop,INS-1065,57,first_time,Undelivered,Cash not ready,2,In NDR
FAS-24707,DT987650706,2026-04-17T14:30:00.000Z,Meera Singh,9700000006,customer707@example.com,"House 94, Block E, Delhi Residency, Sector 11",Near main market,110024,Delhi,Delhi,KURTI-BLU-M,Blue Printed Kurti,1,1300,COD,DTDC,Shopify,Google Brand Search,Google,paid,Google Brand Search,GOO-1066,58,first_time,Undelivered,Customer requested future delivery,1,In NDR
FAS-24708,SH987650707,2026-04-18T15:30:00.000Z,Ishaan Gupta,9700000007,customer708@example.com,"House 95, Block F, Bengaluru Residency, Sector 12",Near main market,560095,Bengaluru,Karnataka,DRESS-RED-S,Red Summer Dress,1,2400,Prepaid,Shadowfax,WhatsApp,WhatsApp Repeat Buyers,WhatsApp,crm,WhatsApp Repeat Buyers,WHA-1067,58,first_time,Delivered,,0,Delivered
FAS-24709,XP987650708,2026-04-19T04:30:00.000Z,Sara Ali,9700000008,customer709@example.com,"House 96, Block A, Ahmedabad Residency, Sector 1",Near main market,380015,Ahmedabad,Gujarat,TSH-BLK-L,Oversized Black Tee,1,850,COD,Xpressbees,Meta,Meta COD Scale,Meta,paid,Meta COD Scale,MET-1068,43,repeat_delivered,Undelivered,Incorrect address,1,In NDR
FAS-24710,EK987650709,2026-04-20T05:30:00.000Z,Nisha Nair,9700000009,customer710@example.com,"House 97, Block B, Jaipur Residency, Sector 2",Near main market,302001,Jaipur,Rajasthan,COORD-GRN-M,Green Co-ord Set,1,2350,COD,Ekart,Instagram,Influencer Drop,Instagram,paid,Influencer Drop,INS-1069,43,first_time,RTO,No response on phone,3,RTO
FAS-24711,XP987650710,2026-04-21T06:30:00.000Z,Aarav Sharma,9700000010,customer711@example.com,Near temple main road Lucknow,,226010,Lucknow,Uttar Pradesh,DENIM-WIDE-30,Wide Fit Denim,1,1850,COD,Xpressbees,Shopify,Google Brand Search,Google,paid,Google Brand Search,GOO-1070,48,first_time,RTO,Door locked,2,RTO
FAS-24712,DE987650711,2026-04-22T07:30:00.000Z,Diya Verma,9700000011,customer712@example.com,"House 99, Block D, Kolkata Residency, Sector 4",Near main market,700016,Kolkata,West Bengal,KURTI-BLU-M,Blue Printed Kurti,1,1200,COD,Delhivery,WhatsApp,WhatsApp Repeat Buyers,WhatsApp,crm,WhatsApp Repeat Buyers,WHA-1071,49,first_time,Delivered,,0,Delivered
FAS-24713,DT987650712,2026-04-23T08:30:00.000Z,Kabir Khan,9700000012,customer713@example.com,Near temple main road Surat,,395007,Surat,Gujarat,DRESS-RED-S,Red Summer Dress,1,2400,COD,DTDC,Meta,Meta COD Scale,Meta,paid,Meta COD Scale,MET-1072,47,repeat_delivered,RTO,Cash not ready,2,RTO
FAS-24714,EK987650713,2026-04-24T09:30:00.000Z,Ananya Iyer,9700000013,customer714@example.com,"House 101, Block F, Indore Residency, Sector 6",Near main market,452010,Indore,Madhya Pradesh,TSH-BLK-L,Oversized Black Tee,1,750,COD,Ekart,Instagram,Influencer Drop,Instagram,paid,Influencer Drop,INS-1073,39,first_time,RTO,Customer requested future delivery,3,RTO
FAS-24715,DT987650714,2026-04-25T10:30:00.000Z,Riya Patel,9700000014,customer715@example.com,"House 102, Block A, Surat Residency, Sector 7",Near main market,395007,Surat,Gujarat,COORD-GRN-M,Green Co-ord Set,1,2150,COD,DTDC,Shopify,Google Brand Search,Google,paid,Google Brand Search,GOO-1074,40,first_time,Undelivered,Customer not available,1,In NDR
FAS-24716,EK987650715,2026-04-26T11:30:00.000Z,Vivaan Rao,9700000015,customer716@example.com,"House 103, Block B, Patna Residency, Sector 8",,800001,Patna,Bihar,DENIM-WIDE-30,Wide Fit Denim,1,1850,Prepaid,Ekart,WhatsApp,WhatsApp Repeat Buyers,WhatsApp,crm,WhatsApp Repeat Buyers,WHA-1075,41,first_time,RTO,Incorrect address,3,RTO
FAS-24717,SH987650716,2026-04-27T12:30:00.000Z,Meera Singh,9700000016,customer717@example.com,Near temple main road Surat,,395007,Surat,Gujarat,KURTI-BLU-M,Blue Printed Kurti,1,1350,Prepaid,Shadowfax,Meta,Meta COD Scale,Meta,paid,Meta COD Scale,MET-1076,45,repeat_delivered,Undelivered,No response on phone,1,In NDR
FAS-24718,DT987650717,2026-04-28T13:30:00.000Z,Ishaan Gupta,9700000017,customer718@example.com,"House 105, Block D, Chennai Residency, Sector 10",Near main market,600042,Chennai,Tamil Nadu,DRESS-RED-S,Red Summer Dress,1,2550,Prepaid,DTDC,Instagram,Influencer Drop,Instagram,paid,Influencer Drop,INS-1077,44,first_time,Undelivered,Door locked,2,In NDR
FAS-24719,BL987650718,2026-04-29T14:30:00.000Z,Sara Ali,9700000018,customer719@example.com,"House 106, Block E, Bhubaneswar Residency, Sector 11",Near main market,751024,Bhubaneswar,Odisha,TSH-BLK-L,Oversized Black Tee,1,750,COD,Bluedart,Shopify,Google Brand Search,Google,paid,Google Brand Search,GOO-1078,49,first_time,Undelivered,Customer refused delivery,1,In NDR
FAS-24720,SH987650719,2026-04-30T15:30:00.000Z,Nisha Nair,9700000019,customer720@example.com,"House 107, Block F, Patna Residency, Sector 12",Near main market,800001,Patna,Bihar,COORD-GRN-M,Green Co-ord Set,1,2150,COD,Shiprocket,WhatsApp,WhatsApp Repeat Buyers,WhatsApp,crm,WhatsApp Repeat Buyers,WHA-1079,55,first_time,Delivered,,0,Delivered
FAS-24721,DT987650720,2026-04-01T04:30:00.000Z,Aarav Sharma,9700000020,customer721@example.com,"House 18, Block A, Ghaziabad Residency, Sector 1",,201001,Ghaziabad,Uttar Pradesh,DENIM-WIDE-30,Wide Fit Denim,1,1850,COD,DTDC,Meta,Meta COD Scale,Meta,paid,Meta COD Scale,MET-1000,49,repeat_delivered,RTO,Customer requested future delivery,2,RTO
FAS-24722,DE987650721,2026-04-02T05:30:00.000Z,Diya Verma,9700000021,customer722@example.com,"House 19, Block B, Ghaziabad Residency, Sector 2",Near main market,201001,Ghaziabad,Uttar Pradesh,KURTI-BLU-M,Blue Printed Kurti,1,1300,COD,Delhivery,Instagram,Influencer Drop,Instagram,paid,Influencer Drop,INS-1001,47,first_time,RTO,Customer not available,3,RTO
FAS-24723,DT987650722,2026-04-03T06:30:00.000Z,Kabir Khan,9700000022,customer723@example.com,Near temple main road Lucknow,,226010,Lucknow,Uttar Pradesh,DRESS-RED-S,Red Summer Dress,1,2300,Prepaid,DTDC,Shopify,Google Brand Search,Google,paid,Google Brand Search,GOO-1002,42,first_time,RTO,Incorrect address,2,RTO
FAS-24724,SH987650723,2026-04-04T07:30:00.000Z,Ananya Iyer,9700000023,customer724@example.com,"House 21, Block D, Patna Residency, Sector 4",Near main market,800001,Patna,Bihar,TSH-BLK-L,Oversized Black Tee,1,800,Prepaid,Shiprocket,WhatsApp,WhatsApp Repeat Buyers,WhatsApp,crm,WhatsApp Repeat Buyers,WHA-1003,48,first_time,Delivered,,0,Delivered
FAS-24725,SH987650724,2026-04-05T08:30:00.000Z,Riya Patel,9700000024,customer725@example.com,"House 22, Block E, Jaipur Residency, Sector 5",Near main market,302001,Jaipur,Rajasthan,COORD-GRN-M,Green Co-ord Set,1,2450,COD,Shadowfax,Meta,Meta COD Scale,Meta,paid,Meta COD Scale,MET-1004,40,repeat_delivered,Undelivered,Door locked,1,In NDR
FAS-24726,DE987650725,2026-04-06T09:30:00.000Z,Vivaan Rao,9700000025,customer726@example.com,Near temple main road Ghaziabad,,201001,Ghaziabad,Uttar Pradesh,DENIM-WIDE-30,Wide Fit Denim,2,1950,Prepaid,Delhivery,Instagram,Influencer Drop,Instagram,paid,Influencer Drop,INS-1005,42,first_time,Undelivered,Customer refused delivery,2,In NDR
FAS-24727,SH987650726,2026-04-07T10:30:00.000Z,Meera Singh,9700000026,customer727@example.com,"House 24, Block A, Kolkata Residency, Sector 7",Near main market,700016,Kolkata,West Bengal,KURTI-BLU-M,Blue Printed Kurti,1,1200,COD,Shiprocket,Shopify,Google Brand Search,Google,paid,Google Brand Search,GOO-1006,56,first_time,RTO,Cash not ready,2,RTO
FAS-24728,DE987650727,2026-04-08T11:30:00.000Z,Ishaan Gupta,9700000027,customer728@example.com,"House 25, Block B, Patna Residency, Sector 8",Near main market,800001,Patna,Bihar,DRESS-RED-S,Red Summer Dress,1,2600,COD,Delhivery,WhatsApp,WhatsApp Repeat Buyers,WhatsApp,crm,WhatsApp Repeat Buyers,WHA-1007,45,first_time,Delivered,,0,Delivered
FAS-24729,DE987650728,2026-04-09T12:30:00.000Z,Sara Ali,9700000028,customer729@example.com,"House 26, Block C, Indore Residency, Sector 9",Near main market,452010,Indore,Madhya Pradesh,TSH-BLK-L,Oversized Black Tee,1,850,COD,Delhivery,Meta,Meta COD Scale,Meta,paid,Meta COD Scale,MET-1008,52,repeat_delivered,RTO,Customer not available,2,RTO
FAS-24730,SH987650729,2026-04-10T13:30:00.000Z,Nisha Nair,9700000029,customer730@example.com,Near temple main road Ghaziabad,,201001,Ghaziabad,Uttar Pradesh,COORD-GRN-M,Green Co-ord Set,1,2100,COD,Shadowfax,Instagram,Influencer Drop,Instagram,paid,Influencer Drop,INS-1009,46,first_time,RTO,Incorrect address,3,RTO
FAS-24731,SH987650730,2026-04-11T14:30:00.000Z,Aarav Sharma,9700000030,customer731@example.com,"House 28, Block E, Lucknow Residency, Sector 11",,226010,Lucknow,Uttar Pradesh,DENIM-WIDE-30,Wide Fit Denim,1,2000,COD,Shiprocket,Shopify,Google Brand Search,Google,paid,Google Brand Search,GOO-1010,38,first_time,RTO,No response on phone,2,RTO
FAS-24732,SH987650731,2026-04-12T15:30:00.000Z,Diya Verma,9700000031,customer732@example.com,"House 29, Block F, Mumbai Residency, Sector 12",Near main market,400053,Mumbai,Maharashtra,KURTI-BLU-M,Blue Printed Kurti,1,1300,Prepaid,Shiprocket,WhatsApp,WhatsApp Repeat Buyers,WhatsApp,crm,WhatsApp Repeat Buyers,WHA-1011,54,first_time,Undelivered,Door locked,2,In NDR
FAS-24733,SH987650732,2026-04-13T04:30:00.000Z,Kabir Khan,9700000032,customer733@example.com,"House 30, Block A, Chennai Residency, Sector 1",Near main market,600042,Chennai,Tamil Nadu,DRESS-RED-S,Red Summer Dress,1,2550,COD,Shadowfax,Meta,Meta COD Scale,Meta,paid,Meta COD Scale,MET-1012,47,repeat_delivered,RTO,Customer refused delivery,2,RTO
FAS-24734,BL987650733,2026-04-14T05:30:00.000Z,Ananya Iyer,9700000033,customer734@example.com,Near temple main road Ghaziabad,,201001,Ghaziabad,Uttar Pradesh,TSH-BLK-L,Oversized Black Tee,1,850,Prepaid,Bluedart,Instagram,Influencer Drop,Instagram,paid,Influencer Drop,INS-1013,55,first_time,Undelivered,Cash not ready,2,In NDR
FAS-24735,EK987650734,2026-04-15T06:30:00.000Z,Riya Patel,9700000034,customer735@example.com,"House 32, Block C, Patna Residency, Sector 3",Near main market,800001,Patna,Bihar,COORD-GRN-M,Green Co-ord Set,1,2300,COD,Ekart,Shopify,Google Brand Search,Google,paid,Google Brand Search,GOO-1014,51,first_time,RTO,Customer requested future delivery,2,RTO
FAS-24736,BL987650735,2026-04-16T07:30:00.000Z,Vivaan Rao,9700000035,customer736@example.com,"House 33, Block D, Ghaziabad Residency, Sector 4",,201001,Ghaziabad,Uttar Pradesh,DENIM-WIDE-30,Wide Fit Denim,1,2000,COD,Bluedart,WhatsApp,WhatsApp Repeat Buyers,WhatsApp,crm,WhatsApp Repeat Buyers,WHA-1015,49,first_time,RTO,Customer not available,3,RTO
FAS-24737,DE987650736,2026-04-17T08:30:00.000Z,Meera Singh,9700000036,customer737@example.com,"House 34, Block E, Surat Residency, Sector 5",Near main market,395007,Surat,Gujarat,KURTI-BLU-M,Blue Printed Kurti,1,1350,COD,Delhivery,Meta,Meta COD Scale,Meta,paid,Meta COD Scale,MET-1016,48,repeat_delivered,Cancelled,,0,Cancelled before shipping
FAS-24738,BL987650737,2026-04-18T09:30:00.000Z,Ishaan Gupta,9700000037,customer738@example.com,Near temple main road Ghaziabad,,201001,Ghaziabad,Uttar Pradesh,DRESS-RED-S,Red Summer Dress,1,2350,COD,Bluedart,Instagram,Influencer Drop,Instagram,paid,Influencer Drop,INS-1017,54,first_time,RTO,No response on phone,3,RTO
FAS-24739,DE987650738,2026-04-19T10:30:00.000Z,Sara Ali,9700000038,customer739@example.com,"House 36, Block A, Ahmedabad Residency, Sector 7",Near main market,380015,Ahmedabad,Gujarat,TSH-BLK-L,Oversized Black Tee,1,800,COD,Delhivery,Shopify,Google Brand Search,Google,paid,Google Brand Search,GOO-1018,51,first_time,Delivered,,0,Delivered
FAS-24740,DT987650739,2026-04-20T11:30:00.000Z,Nisha Nair,9700000039,customer740@example.com,"House 37, Block B, Jaipur Residency, Sector 8",Near main market,302001,Jaipur,Rajasthan,COORD-GRN-M,Green Co-ord Set,1,2200,Prepaid,DTDC,WhatsApp,WhatsApp Repeat Buyers,WhatsApp,crm,WhatsApp Repeat Buyers,WHA-1019,42,first_time,Delivered,,0,Delivered
FAS-24741,BL987650740,2026-04-21T12:30:00.000Z,Aarav Sharma,9700000040,customer741@example.com,"House 38, Block C, Surat Residency, Sector 9",,395007,Surat,Gujarat,DENIM-WIDE-30,Wide Fit Denim,1,2050,COD,Bluedart,Meta,Meta COD Scale,Meta,paid,Meta COD Scale,MET-1020,39,repeat_delivered,RTO,Cash not ready,2,RTO
FAS-24742,SH987650741,2026-04-22T13:30:00.000Z,Diya Verma,9700000041,customer742@example.com,"House 39, Block D, Kolkata Residency, Sector 10",Near main market,700016,Kolkata,West Bengal,KURTI-BLU-M,Blue Printed Kurti,1,1200,COD,Shadowfax,Instagram,Influencer Drop,Instagram,paid,Influencer Drop,INS-1021,47,first_time,RTO,Customer requested future delivery,3,RTO
FAS-24743,SH987650742,2026-04-23T14:30:00.000Z,Kabir Khan,9700000042,customer743@example.com,"House 40, Block E, Lucknow Residency, Sector 11",Near main market,226010,Lucknow,Uttar Pradesh,DRESS-RED-S,Red Summer Dress,1,2650,COD,Shadowfax,Shopify,Google Brand Search,Google,paid,Google Brand Search,GOO-1022,47,first_time,RTO,Customer not available,2,RTO
FAS-24744,SH987650743,2026-04-24T15:30:00.000Z,Ananya Iyer,9700000043,customer744@example.com,"House 41, Block F, Indore Residency, Sector 12",Near main market,452010,Indore,Madhya Pradesh,TSH-BLK-L,Oversized Black Tee,1,800,COD,Shadowfax,WhatsApp,WhatsApp Repeat Buyers,WhatsApp,crm,WhatsApp Repeat Buyers,WHA-1023,52,first_time,RTO,Incorrect address,3,RTO
FAS-24745,BL987650744,2026-04-25T04:30:00.000Z,Riya Patel,9700000044,customer745@example.com,"House 42, Block A, Surat Residency, Sector 1",Near main market,395007,Surat,Gujarat,COORD-GRN-M,Green Co-ord Set,1,2100,COD,Bluedart,Meta,Meta COD Scale,Meta,paid,Meta COD Scale,MET-1024,40,repeat_delivered,Undelivered,No response on phone,1,In NDR
FAS-24746,XP987650745,2026-04-26T05:30:00.000Z,Vivaan Rao,9700000045,customer746@example.com,"House 43, Block B, Ghaziabad Residency, Sector 2",,201001,Ghaziabad,Uttar Pradesh,DENIM-WIDE-30,Wide Fit Denim,1,1750,COD,Xpressbees,Instagram,Influencer Drop,Instagram,paid,Influencer Drop,INS-1025,56,first_time,Undelivered,Door locked,2,In NDR
FAS-24747,EK987650746,2026-04-27T06:30:00.000Z,Meera Singh,9700000046,customer747@example.com,"House 44, Block C, Lucknow Residency, Sector 3",Near main market,226010,Lucknow,Uttar Pradesh,KURTI-BLU-M,Blue Printed Kurti,1,1250,Prepaid,Ekart,Shopify,Google Brand Search,Google,paid,Google Brand Search,GOO-1026,52,first_time,Delivered,,0,Delivered
FAS-24748,EK987650747,2026-04-28T07:30:00.000Z,Ishaan Gupta,9700000047,customer748@example.com,"House 45, Block D, Chennai Residency, Sector 4",Near main market,600042,Chennai,Tamil Nadu,DRESS-RED-S,Red Summer Dress,1,2300,COD,Ekart,WhatsApp,WhatsApp Repeat Buyers,WhatsApp,crm,WhatsApp Repeat Buyers,WHA-1027,43,first_time,RTO,Cash not ready,3,RTO
FAS-24749,DT987650748,2026-04-29T08:30:00.000Z,Sara Ali,9700000048,customer749@example.com,Near temple main road Surat,,395007,Surat,Gujarat,TSH-BLK-L,Oversized Black Tee,1,750,Prepaid,DTDC,Meta,Meta COD Scale,Meta,paid,Meta COD Scale,MET-1028,47,repeat_delivered,Undelivered,Customer requested future delivery,1,In NDR
FAS-24750,XP987650749,2026-04-30T09:30:00.000Z,Nisha Nair,9700000049,customer750@example.com,Near temple main road Ghaziabad,,201001,Ghaziabad,Uttar Pradesh,COORD-GRN-M,Green Co-ord Set,1,2100,Prepaid,Xpressbees,Instagram,Influencer Drop,Instagram,paid,Influencer Drop,INS-1029,38,first_time,RTO,Customer not available,3,RTO
FAS-24751,DT987650750,2026-04-01T10:30:00.000Z,Aarav Sharma,9700000050,customer751@example.com,"House 48, Block A, Ghaziabad Residency, Sector 7",,201001,Ghaziabad,Uttar Pradesh,DENIM-WIDE-30,Wide Fit Denim,1,2000,COD,DTDC,Shopify,Google Brand Search,Google,paid,Google Brand Search,GOO-1030,51,first_time,Delivered,,0,Delivered
FAS-24752,DT987650751,2026-04-02T11:30:00.000Z,Diya Verma,9700000051,customer752@example.com,"House 49, Block B, Delhi Residency, Sector 8",Near main market,110024,Delhi,Delhi,KURTI-BLU-M,Blue Printed Kurti,1,1250,COD,DTDC,WhatsApp,WhatsApp Repeat Buyers,WhatsApp,crm,WhatsApp Repeat Buyers,WHA-1031,52,first_time,Delivered,,0,Delivered
FAS-24753,SH987650752,2026-04-03T12:30:00.000Z,Kabir Khan,9700000052,customer753@example.com,"House 50, Block C, Bengaluru Residency, Sector 9",Near main market,560095,Bengaluru,Karnataka,DRESS-RED-S,Red Summer Dress,1,2300,COD,Shiprocket,Meta,Meta COD Scale,Meta,paid,Meta COD Scale,MET-1032,41,repeat_delivered,Undelivered,Door locked,1,In NDR
FAS-24754,SH987650753,2026-04-04T13:30:00.000Z,Ananya Iyer,9700000053,customer754@example.com,"House 51, Block D, Ahmedabad Residency, Sector 10",Near main market,380015,Ahmedabad,Gujarat,TSH-BLK-L,Oversized Black Tee,1,800,COD,Shadowfax,Instagram,Influencer Drop,Instagram,paid,Influencer Drop,INS-1033,57,first_time,Undelivered,Customer refused delivery,2,In NDR
FAS-24755,DT987650754,2026-04-05T14:30:00.000Z,Riya Patel,9700000054,customer755@example.com,"House 52, Block E, Jaipur Residency, Sector 11",Near main market,302001,Jaipur,Rajasthan,COORD-GRN-M,Green Co-ord Set,2,2200,Prepaid,DTDC,Shopify,Google Brand Search,Google,paid,Google Brand Search,GOO-1034,48,first_time,Undelivered,Cash not ready,1,In NDR
FAS-24756,DT987650755,2026-04-06T15:30:00.000Z,Vivaan Rao,9700000055,customer756@example.com,"House 53, Block F, Patna Residency, Sector 12",,800001,Patna,Bihar,DENIM-WIDE-30,Wide Fit Denim,1,1800,COD,DTDC,WhatsApp,WhatsApp Repeat Buyers,WhatsApp,crm,WhatsApp Repeat Buyers,WHA-1035,50,first_time,Undelivered,Customer requested future delivery,2,In NDR
FAS-24757,SH987650756,2026-04-07T04:30:00.000Z,Meera Singh,9700000056,customer757@example.com,Near temple main road Surat,,395007,Surat,Gujarat,KURTI-BLU-M,Blue Printed Kurti,1,1250,COD,Shiprocket,Meta,Meta COD Scale,Meta,paid,Meta COD Scale,MET-1036,39,repeat_delivered,RTO,Customer not available,2,RTO
FAS-24758,EK987650757,2026-04-08T05:30:00.000Z,Ishaan Gupta,9700000057,customer758@example.com,"House 55, Block B, Lucknow Residency, Sector 2",Near main market,226010,Lucknow,Uttar Pradesh,DRESS-RED-S,Red Summer Dress,1,2300,COD,Ekart,Instagram,Influencer Drop,Instagram,paid,Influencer Drop,INS-1037,54,first_time,Undelivered,Incorrect address,2,In NDR
FAS-24759,SH987650758,2026-04-09T06:30:00.000Z,Sara Ali,9700000058,customer759@example.com,"House 56, Block C, Indore Residency, Sector 3",Near main market,452010,Indore,Madhya Pradesh,TSH-BLK-L,Oversized Black Tee,1,850,COD,Shadowfax,Shopify,Google Brand Search,Google,paid,Google Brand Search,GOO-1038,50,first_time,Delivered,,0,Delivered
FAS-24760,XP987650759,2026-04-10T07:30:00.000Z,Nisha Nair,9700000059,customer760@example.com,"House 57, Block D, Patna Residency, Sector 4",Near main market,800001,Patna,Bihar,COORD-GRN-M,Green Co-ord Set,1,2300,Prepaid,Xpressbees,WhatsApp,WhatsApp Repeat Buyers,WhatsApp,crm,WhatsApp Repeat Buyers,WHA-1039,51,first_time,Undelivered,Door locked,2,In NDR
FAS-24761,SH987650760,2026-04-11T08:30:00.000Z,Aarav Sharma,9700000060,customer761@example.com,"House 58, Block E, Hyderabad Residency, Sector 5",,500081,Hyderabad,Telangana,DENIM-WIDE-30,Wide Fit Denim,1,2000,COD,Shiprocket,Meta,Meta COD Scale,Meta,paid,Meta COD Scale,MET-1040,56,repeat_delivered,Undelivered,Customer refused delivery,1,In NDR
FAS-24762,SH987650761,2026-04-12T09:30:00.000Z,Diya Verma,9700000061,customer762@example.com,"House 59, Block F, Mumbai Residency, Sector 6",Near main market,400053,Mumbai,Maharashtra,KURTI-BLU-M,Blue Printed Kurti,1,1350,COD,Shiprocket,Instagram,Influencer Drop,Instagram,paid,Influencer Drop,INS-1041,50,first_time,Delivered,,0,Delivered
FAS-24763,XP987650762,2026-04-13T10:30:00.000Z,Kabir Khan,9700000062,customer763@example.com,Near temple main road Lucknow,,226010,Lucknow,Uttar Pradesh,DRESS-RED-S,Red Summer Dress,1,2600,COD,Xpressbees,Shopify,Google Brand Search,Google,paid,Google Brand Search,GOO-1042,55,first_time,RTO,Customer requested future delivery,2,RTO
FAS-24764,BL987650763,2026-04-14T11:30:00.000Z,Ananya Iyer,9700000063,customer764@example.com,"House 61, Block B, Bhubaneswar Residency, Sector 8",Near main market,751024,Bhubaneswar,Odisha,TSH-BLK-L,Oversized Black Tee,1,850,COD,Bluedart,WhatsApp,WhatsApp Repeat Buyers,WhatsApp,crm,WhatsApp Repeat Buyers,WHA-1043,39,first_time,Delivered,,0,Delivered
FAS-24765,SH987650764,2026-04-15T12:30:00.000Z,Riya Patel,9700000064,customer765@example.com,"House 62, Block C, Patna Residency, Sector 9",Near main market,800001,Patna,Bihar,COORD-GRN-M,Green Co-ord Set,1,2200,COD,Shiprocket,Meta,Meta COD Scale,Meta,paid,Meta COD Scale,MET-1044,44,repeat_delivered,RTO,Incorrect address,2,RTO
FAS-24766,BL987650765,2026-04-16T13:30:00.000Z,Vivaan Rao,9700000065,customer766@example.com,Near temple main road Ghaziabad,,201001,Ghaziabad,Uttar Pradesh,DENIM-WIDE-30,Wide Fit Denim,1,1850,COD,Bluedart,Instagram,Influencer Drop,Instagram,paid,Influencer Drop,INS-1045,45,first_time,RTO,No response on phone,3,RTO
FAS-24767,XP987650766,2026-04-17T14:30:00.000Z,Meera Singh,9700000066,customer767@example.com,"House 64, Block E, Delhi Residency, Sector 11",Near main market,110024,Delhi,Delhi,KURTI-BLU-M,Blue Printed Kurti,1,1300,Prepaid,Xpressbees,Shopify,Google Brand Search,Google,paid,Google Brand Search,GOO-1046,39,first_time,RTO,Door locked,2,RTO
FAS-24768,DT987650767,2026-04-18T15:30:00.000Z,Ishaan Gupta,9700000067,customer768@example.com,"House 65, Block F, Bengaluru Residency, Sector 12",Near main market,560095,Bengaluru,Karnataka,DRESS-RED-S,Red Summer Dress,1,2350,Prepaid,DTDC,WhatsApp,WhatsApp Repeat Buyers,WhatsApp,crm,WhatsApp Repeat Buyers,WHA-1047,51,first_time,RTO,Customer refused delivery,3,RTO
FAS-24769,XP987650768,2026-04-19T04:30:00.000Z,Sara Ali,9700000068,customer769@example.com,"House 66, Block A, Ahmedabad Residency, Sector 1",Near main market,380015,Ahmedabad,Gujarat,TSH-BLK-L,Oversized Black Tee,1,800,COD,Xpressbees,Meta,Meta COD Scale,Meta,paid,Meta COD Scale,MET-1048,44,repeat_delivered,Delivered,,0,Delivered
FAS-24770,XP987650769,2026-04-20T05:30:00.000Z,Nisha Nair,9700000069,customer770@example.com,"House 67, Block B, Jaipur Residency, Sector 2",Near main market,302001,Jaipur,Rajasthan,COORD-GRN-M,Green Co-ord Set,1,2350,COD,Xpressbees,Instagram,Influencer Drop,Instagram,paid,Influencer Drop,INS-1049,50,first_time,RTO,Customer requested future delivery,3,RTO
FAS-24771,SH987650770,2026-04-21T06:30:00.000Z,Aarav Sharma,9700000070,customer771@example.com,"House 68, Block C, Lucknow Residency, Sector 3",,226010,Lucknow,Uttar Pradesh,DENIM-WIDE-30,Wide Fit Denim,1,1850,COD,Shiprocket,Shopify,Google Brand Search,Google,paid,Google Brand Search,GOO-1050,48,first_time,RTO,Customer not available,2,RTO
FAS-24772,SH987650771,2026-04-22T07:30:00.000Z,Diya Verma,9700000071,customer772@example.com,"House 69, Block D, Kolkata Residency, Sector 4",Near main market,700016,Kolkata,West Bengal,KURTI-BLU-M,Blue Printed Kurti,1,1300,Prepaid,Shiprocket,WhatsApp,WhatsApp Repeat Buyers,WhatsApp,crm,WhatsApp Repeat Buyers,WHA-1051,56,first_time,Delivered,,0,Delivered
FAS-24773,BL987650772,2026-04-23T08:30:00.000Z,Kabir Khan,9700000072,customer773@example.com,"House 70, Block E, Lucknow Residency, Sector 5",Near main market,226010,Lucknow,Uttar Pradesh,DRESS-RED-S,Red Summer Dress,1,2450,Prepaid,Bluedart,Meta,Meta COD Scale,Meta,paid,Meta COD Scale,MET-1052,56,repeat_delivered,RTO,No response on phone,2,RTO
FAS-24774,BL987650773,2026-04-24T09:30:00.000Z,Ananya Iyer,9700000073,customer774@example.com,"House 71, Block F, Indore Residency, Sector 6",Near main market,452010,Indore,Madhya Pradesh,TSH-BLK-L,Oversized Black Tee,1,800,Prepaid,Bluedart,Instagram,Influencer Drop,Instagram,paid,Influencer Drop,INS-1053,56,first_time,Undelivered,Door locked,2,In NDR
FAS-24775,EK987650774,2026-04-25T10:30:00.000Z,Riya Patel,9700000074,customer775@example.com,"House 72, Block A, Lucknow Residency, Sector 7",Near main market,226010,Lucknow,Uttar Pradesh,COORD-GRN-M,Green Co-ord Set,1,2100,Prepaid,Ekart,Shopify,Google Brand Search,Google,paid,Google Brand Search,GOO-1054,45,first_time,RTO,Customer refused delivery,2,RTO
FAS-24776,DE987650775,2026-04-26T11:30:00.000Z,Vivaan Rao,9700000075,customer776@example.com,"House 73, Block B, Patna Residency, Sector 8",,800001,Patna,Bihar,DENIM-WIDE-30,Wide Fit Denim,1,1950,COD,Delhivery,WhatsApp,WhatsApp Repeat Buyers,WhatsApp,crm,WhatsApp Repeat Buyers,WHA-1055,44,first_time,RTO,Cash not ready,3,RTO
FAS-24777,DT987650776,2026-04-27T12:30:00.000Z,Meera Singh,9700000076,customer777@example.com,"House 74, Block C, Mumbai Residency, Sector 9",Near main market,400053,Mumbai,Maharashtra,KURTI-BLU-M,Blue Printed Kurti,1,1200,COD,DTDC,Meta,Meta COD Scale,Meta,paid,Meta COD Scale,MET-1056,55,repeat_delivered,RTO,Customer requested future delivery,2,RTO
FAS-24778,EK987650777,2026-04-28T13:30:00.000Z,Ishaan Gupta,9700000077,customer778@example.com,"House 75, Block D, Chennai Residency, Sector 10",Near main market,600042,Chennai,Tamil Nadu,DRESS-RED-S,Red Summer Dress,1,2500,COD,Ekart,Instagram,Influencer Drop,Instagram,paid,Influencer Drop,INS-1057,40,first_time,Undelivered,Customer not available,2,In NDR
FAS-24779,BL987650778,2026-04-29T14:30:00.000Z,Sara Ali,9700000078,customer779@example.com,"House 76, Block E, Bhubaneswar Residency, Sector 11",Near main market,751024,Bhubaneswar,Odisha,TSH-BLK-L,Oversized Black Tee,1,850,Prepaid,Bluedart,Shopify,Google Brand Search,Google,paid,Google Brand Search,GOO-1058,54,first_time,Undelivered,Incorrect address,1,In NDR
FAS-24780,EK987650779,2026-04-30T15:30:00.000Z,Nisha Nair,9700000079,customer780@example.com,"House 77, Block F, Patna Residency, Sector 12",Near main market,800001,Patna,Bihar,COORD-GRN-M,Green Co-ord Set,1,2500,COD,Ekart,WhatsApp,WhatsApp Repeat Buyers,WhatsApp,crm,WhatsApp Repeat Buyers,WHA-1059,54,first_time,RTO,No response on phone,3,RTO
FAS-24781,BL987650780,2026-04-01T04:30:00.000Z,Aarav Sharma,9700000080,customer781@example.com,"House 78, Block A, Surat Residency, Sector 1",,395007,Surat,Gujarat,DENIM-WIDE-30,Wide Fit Denim,1,1900,COD,Bluedart,Meta,Meta COD Scale,Meta,paid,Meta COD Scale,MET-1060,41,repeat_delivered,Undelivered,Door locked,1,In NDR
FAS-24782,DE987650781,2026-04-02T05:30:00.000Z,Diya Verma,9700000081,customer782@example.com,Near temple main road Ghaziabad,,201001,Ghaziabad,Uttar Pradesh,KURTI-BLU-M,Blue Printed Kurti,1,1300,COD,Delhivery,Instagram,Influencer Drop,Instagram,paid,Influencer Drop,INS-1061,39,first_time,RTO,Customer refused delivery,3,RTO
FAS-24783,EK987650782,2026-04-03T06:30:00.000Z,Kabir Khan,9700000082,customer783@example.com,"House 80, Block C, Bengaluru Residency, Sector 3",Near main market,560095,Bengaluru,Karnataka,DRESS-RED-S,Red Summer Dress,1,2450,COD,Ekart,Shopify,Google Brand Search,Google,paid,Google Brand Search,GOO-1062,55,first_time,Delivered,,0,Delivered
FAS-24784,XP987650783,2026-04-04T07:30:00.000Z,Ananya Iyer,9700000083,customer784@example.com,"House 81, Block D, Patna Residency, Sector 4",Near main market,800001,Patna,Bihar,TSH-BLK-L,Oversized Black Tee,2,800,COD,Xpressbees,WhatsApp,WhatsApp Repeat Buyers,WhatsApp,crm,WhatsApp Repeat Buyers,WHA-1063,44,first_time,Delivered,,0,Delivered
FAS-24785,BL987650784,2026-04-05T08:30:00.000Z,Riya Patel,9700000084,customer785@example.com,Near temple main road Surat,,395007,Surat,Gujarat,COORD-GRN-M,Green Co-ord Set,1,2350,COD,Bluedart,Meta,Meta COD Scale,Meta,paid,Meta COD Scale,MET-1064,48,repeat_delivered,RTO,Customer not available,2,RTO
FAS-24786,DT987650785,2026-04-06T09:30:00.000Z,Vivaan Rao,9700000085,customer786@example.com,Near temple main road Ghaziabad,,201001,Ghaziabad,Uttar Pradesh,DENIM-WIDE-30,Wide Fit Denim,1,2000,Prepaid,DTDC,Instagram,Influencer Drop,Instagram,paid,Influencer Drop,INS-1065,45,first_time,Undelivered,Incorrect address,2,In NDR
FAS-24787,SH987650786,2026-04-07T10:30:00.000Z,Meera Singh,9700000086,customer787@example.com,"House 84, Block A, Kolkata Residency, Sector 7",Near main market,700016,Kolkata,West Bengal,KURTI-BLU-M,Blue Printed Kurti,1,1250,COD,Shadowfax,Shopify,Google Brand Search,Google,paid,Google Brand Search,GOO-1066,39,first_time,RTO,No response on phone,2,RTO
FAS-24788,SH987650787,2026-04-08T11:30:00.000Z,Ishaan Gupta,9700000087,customer788@example.com,"House 85, Block B, Lucknow Residency, Sector 8",Near main market,226010,Lucknow,Uttar Pradesh,DRESS-RED-S,Red Summer Dress,1,2650,COD,Shiprocket,WhatsApp,WhatsApp Repeat Buyers,WhatsApp,crm,WhatsApp Repeat Buyers,WHA-1067,55,first_time,Delivered,,0,Delivered
FAS-24789,DT987650788,2026-04-09T12:30:00.000Z,Sara Ali,9700000088,customer789@example.com,"House 86, Block C, Indore Residency, Sector 9",Near main market,452010,Indore,Madhya Pradesh,TSH-BLK-L,Oversized Black Tee,1,850,Prepaid,DTDC,Meta,Meta COD Scale,Meta,paid,Meta COD Scale,MET-1068,41,repeat_delivered,RTO,Customer refused delivery,2,RTO
FAS-24790,XP987650789,2026-04-10T13:30:00.000Z,Nisha Nair,9700000089,customer790@example.com,"House 87, Block D, Surat Residency, Sector 10",Near main market,395007,Surat,Gujarat,COORD-GRN-M,Green Co-ord Set,1,2350,COD,Xpressbees,Instagram,Influencer Drop,Instagram,paid,Influencer Drop,INS-1069,49,first_time,RTO,Cash not ready,3,RTO
FAS-24791,BL987650790,2026-04-11T14:30:00.000Z,Aarav Sharma,9700000090,customer791@example.com,"House 88, Block E, Hyderabad Residency, Sector 11",,500081,Hyderabad,Telangana,DENIM-WIDE-30,Wide Fit Denim,1,1950,Prepaid,Bluedart,Shopify,Google Brand Search,Google,paid,Google Brand Search,GOO-1070,49,first_time,Delivered,,0,Delivered
FAS-24792,BL987650791,2026-04-12T15:30:00.000Z,Diya Verma,9700000091,customer792@example.com,"House 89, Block F, Mumbai Residency, Sector 12",Near main market,400053,Mumbai,Maharashtra,KURTI-BLU-M,Blue Printed Kurti,1,1250,Prepaid,Bluedart,WhatsApp,WhatsApp Repeat Buyers,WhatsApp,crm,WhatsApp Repeat Buyers,WHA-1071,43,first_time,RTO,Customer not available,3,RTO
FAS-24793,SH987650792,2026-04-13T04:30:00.000Z,Kabir Khan,9700000092,customer793@example.com,"House 90, Block A, Chennai Residency, Sector 1",Near main market,600042,Chennai,Tamil Nadu,DRESS-RED-S,Red Summer Dress,1,2700,Prepaid,Shiprocket,Meta,Meta COD Scale,Meta,paid,Meta COD Scale,MET-1072,40,repeat_delivered,RTO,Incorrect address,2,RTO
FAS-24794,DE987650793,2026-04-14T05:30:00.000Z,Ananya Iyer,9700000093,customer794@example.com,Near temple main road Ghaziabad,,201001,Ghaziabad,Uttar Pradesh,TSH-BLK-L,Oversized Black Tee,1,800,Prepaid,Delhivery,Instagram,Influencer Drop,Instagram,paid,Influencer Drop,INS-1073,51,first_time,Undelivered,No response on phone,2,In NDR
FAS-24795,EK987650794,2026-04-15T06:30:00.000Z,Riya Patel,9700000094,customer795@example.com,"House 92, Block C, Patna Residency, Sector 3",Near main market,800001,Patna,Bihar,COORD-GRN-M,Green Co-ord Set,1,2500,COD,Ekart,Shopify,Google Brand Search,Google,paid,Google Brand Search,GOO-1074,57,first_time,Undelivered,Door locked,1,In NDR
FAS-24796,SH987650795,2026-04-16T07:30:00.000Z,Vivaan Rao,9700000095,customer796@example.com,"House 93, Block D, Ghaziabad Residency, Sector 4",,201001,Ghaziabad,Uttar Pradesh,DENIM-WIDE-30,Wide Fit Denim,1,1950,COD,Shiprocket,WhatsApp,WhatsApp Repeat Buyers,WhatsApp,crm,WhatsApp Repeat Buyers,WHA-1075,55,first_time,Cancelled,,0,Cancelled before shipping
FAS-24797,BL987650796,2026-04-17T08:30:00.000Z,Meera Singh,9700000096,customer797@example.com,"House 94, Block E, Delhi Residency, Sector 5",Near main market,110024,Delhi,Delhi,KURTI-BLU-M,Blue Printed Kurti,1,1400,COD,Bluedart,Meta,Meta COD Scale,Meta,paid,Meta COD Scale,MET-1076,40,repeat_delivered,Undelivered,Cash not ready,1,In NDR
FAS-24798,SH987650797,2026-04-18T09:30:00.000Z,Ishaan Gupta,9700000097,customer798@example.com,"House 95, Block F, Ghaziabad Residency, Sector 6",Near main market,201001,Ghaziabad,Uttar Pradesh,DRESS-RED-S,Red Summer Dress,1,2550,COD,Shiprocket,Instagram,Influencer Drop,Instagram,paid,Influencer Drop,INS-1077,42,first_time,Undelivered,Customer requested future delivery,2,In NDR
FAS-24799,DT987650798,2026-04-19T10:30:00.000Z,Sara Ali,9700000098,customer799@example.com,"House 96, Block A, Lucknow Residency, Sector 7",Near main market,226010,Lucknow,Uttar Pradesh,TSH-BLK-L,Oversized Black Tee,1,800,Prepaid,DTDC,Shopify,Google Brand Search,Google,paid,Google Brand Search,GOO-1078,43,first_time,Delivered,,0,Delivered
FAS-24800,BL987650799,2026-04-20T11:30:00.000Z,Nisha Nair,9700000099,customer800@example.com,"House 97, Block B, Patna Residency, Sector 8",Near main market,800001,Patna,Bihar,COORD-GRN-M,Green Co-ord Set,1,2400,Prepaid,Bluedart,WhatsApp,WhatsApp Repeat Buyers,WhatsApp,crm,WhatsApp Repeat Buyers,WHA-1079,43,first_time,Delivered,,0,Delivered
FAS-24801,BL987650800,2026-04-21T12:30:00.000Z,Aarav Sharma,9700000100,customer801@example.com,"House 98, Block C, Pune Residency, Sector 9",,411045,Pune,Maharashtra,DENIM-WIDE-30,Wide Fit Denim,1,1900,Prepaid,Bluedart,Meta,Meta COD Scale,Meta,paid,Meta COD Scale,MET-1000,51,repeat_delivered,Delivered,,0,Delivered
FAS-24802,XP987650801,2026-04-22T13:30:00.000Z,Diya Verma,9700000101,customer802@example.com,"House 99, Block D, Kolkata Residency, Sector 10",Near main market,700016,Kolkata,West Bengal,KURTI-BLU-M,Blue Printed Kurti,1,1250,COD,Xpressbees,Instagram,Influencer Drop,Instagram,paid,Influencer Drop,INS-1001,44,first_time,Undelivered,Door locked,2,In NDR
FAS-24803,DE987650802,2026-04-23T14:30:00.000Z,Kabir Khan,9700000102,customer803@example.com,"House 100, Block E, Lucknow Residency, Sector 11",Near main market,226010,Lucknow,Uttar Pradesh,DRESS-RED-S,Red Summer Dress,1,2600,COD,Delhivery,Shopify,Google Brand Search,Google,paid,Google Brand Search,GOO-1002,47,first_time,Undelivered,Customer refused delivery,1,In NDR
FAS-24804,BL987650803,2026-04-24T15:30:00.000Z,Ananya Iyer,9700000103,customer804@example.com,"House 101, Block F, Indore Residency, Sector 12",Near main market,452010,Indore,Madhya Pradesh,TSH-BLK-L,Oversized Black Tee,1,800,COD,Bluedart,WhatsApp,WhatsApp Repeat Buyers,WhatsApp,crm,WhatsApp Repeat Buyers,WHA-1003,42,first_time,Delivered,,0,Delivered
FAS-24805,SH987650804,2026-04-25T04:30:00.000Z,Riya Patel,9700000104,customer805@example.com,"House 102, Block A, Surat Residency, Sector 1",Near main market,395007,Surat,Gujarat,COORD-GRN-M,Green Co-ord Set,1,2150,COD,Shiprocket,Meta,Meta COD Scale,Meta,paid,Meta COD Scale,MET-1004,54,repeat_delivered,RTO,Customer requested future delivery,2,RTO
FAS-24806,SH987650805,2026-04-26T05:30:00.000Z,Vivaan Rao,9700000105,customer806@example.com,"House 103, Block B, Hyderabad Residency, Sector 2",,500081,Hyderabad,Telangana,DENIM-WIDE-30,Wide Fit Denim,1,2000,COD,Shadowfax,Instagram,Influencer Drop,Instagram,paid,Influencer Drop,INS-1005,55,first_time,Undelivered,Customer not available,2,In NDR
FAS-24807,DT987650806,2026-04-27T06:30:00.000Z,Meera Singh,9700000106,customer807@example.com,"House 104, Block C, Lucknow Residency, Sector 3",Near main market,226010,Lucknow,Uttar Pradesh,KURTI-BLU-M,Blue Printed Kurti,1,1350,COD,DTDC,Shopify,Google Brand Search,Google,paid,Google Brand Search,GOO-1006,44,first_time,Delivered,,0,Delivered
FAS-24808,BL987650807,2026-04-28T07:30:00.000Z,Ishaan Gupta,9700000107,customer808@example.com,Near temple main road Patna,,800001,Patna,Bihar,DRESS-RED-S,Red Summer Dress,1,2500,Prepaid,Bluedart,WhatsApp,WhatsApp Repeat Buyers,WhatsApp,crm,WhatsApp Repeat Buyers,WHA-1007,46,first_time,Delivered,,0,Delivered
FAS-24809,SH987650808,2026-04-29T08:30:00.000Z,Sara Ali,9700000108,customer809@example.com,"House 106, Block E, Bhubaneswar Residency, Sector 5",Near main market,751024,Bhubaneswar,Odisha,TSH-BLK-L,Oversized Black Tee,1,750,COD,Shiprocket,Meta,Meta COD Scale,Meta,paid,Meta COD Scale,MET-1008,39,repeat_delivered,RTO,Door locked,2,RTO
FAS-24810,DE987650809,2026-04-30T09:30:00.000Z,Nisha Nair,9700000109,customer810@example.com,"House 107, Block F, Patna Residency, Sector 6",Near main market,800001,Patna,Bihar,COORD-GRN-M,Green Co-ord Set,1,2150,COD,Delhivery,Instagram,Influencer Drop,Instagram,paid,Influencer Drop,INS-1009,54,first_time,Undelivered,Customer refused delivery,2,In NDR
FAS-24811,SH987650810,2026-04-01T10:30:00.000Z,Aarav Sharma,9700000110,customer811@example.com,"House 18, Block A, Ghaziabad Residency, Sector 7",,201001,Ghaziabad,Uttar Pradesh,DENIM-WIDE-30,Wide Fit Denim,1,1900,COD,Shadowfax,Shopify,Google Brand Search,Google,paid,Google Brand Search,GOO-1010,53,first_time,Delivered,,0,Delivered
FAS-24812,XP987650811,2026-04-02T11:30:00.000Z,Diya Verma,9700000111,customer812@example.com,"House 19, Block B, Delhi Residency, Sector 8",Near main market,110024,Delhi,Delhi,KURTI-BLU-M,Blue Printed Kurti,1,1300,COD,Xpressbees,WhatsApp,WhatsApp Repeat Buyers,WhatsApp,crm,WhatsApp Repeat Buyers,WHA-1011,46,first_time,Delivered,,0,Delivered
FAS-24813,SH987650812,2026-04-03T12:30:00.000Z,Kabir Khan,9700000112,customer813@example.com,"House 20, Block C, Bengaluru Residency, Sector 9",Near main market,560095,Bengaluru,Karnataka,DRESS-RED-S,Red Summer Dress,2,2650,COD,Shadowfax,Meta,Meta COD Scale,Meta,paid,Meta COD Scale,MET-1012,57,repeat_delivered,Undelivered,Customer not available,1,In NDR
FAS-24814,DT987650813,2026-04-04T13:30:00.000Z,Ananya Iyer,9700000113,customer814@example.com,"House 21, Block D, Ahmedabad Residency, Sector 10",Near main market,380015,Ahmedabad,Gujarat,TSH-BLK-L,Oversized Black Tee,1,750,COD,DTDC,Instagram,Influencer Drop,Instagram,paid,Influencer Drop,INS-1013,54,first_time,Delivered,,0,Delivered
FAS-24815,XP987650814,2026-04-05T14:30:00.000Z,Riya Patel,9700000114,customer815@example.com,Near temple main road Lucknow,,226010,Lucknow,Uttar Pradesh,COORD-GRN-M,Green Co-ord Set,1,2100,COD,Xpressbees,Shopify,Google Brand Search,Google,paid,Google Brand Search,GOO-1014,52,first_time,RTO,No response on phone,2,RTO
FAS-24816,SH987650815,2026-04-06T15:30:00.000Z,Vivaan Rao,9700000115,customer816@example.com,Near temple main road Patna,,800001,Patna,Bihar,DENIM-WIDE-30,Wide Fit Denim,1,2050,COD,Shiprocket,WhatsApp,WhatsApp Repeat Buyers,WhatsApp,crm,WhatsApp Repeat Buyers,WHA-1015,50,first_time,Delivered,,0,Delivered
FAS-24817,SH987650816,2026-04-07T04:30:00.000Z,Meera Singh,9700000116,customer817@example.com,"House 24, Block A, Kolkata Residency, Sector 1",Near main market,700016,Kolkata,West Bengal,KURTI-BLU-M,Blue Printed Kurti,1,1400,COD,Shadowfax,Meta,Meta COD Scale,Meta,paid,Meta COD Scale,MET-1016,52,repeat_delivered,RTO,Customer refused delivery,2,RTO
FAS-24818,SH987650817,2026-04-08T05:30:00.000Z,Ishaan Gupta,9700000117,customer818@example.com,"House 25, Block B, Lucknow Residency, Sector 2",Near main market,226010,Lucknow,Uttar Pradesh,DRESS-RED-S,Red Summer Dress,1,2300,COD,Shadowfax,Instagram,Influencer Drop,Instagram,paid,Influencer Drop,INS-1017,40,first_time,Delivered,,0,Delivered
FAS-24819,EK987650818,2026-04-09T06:30:00.000Z,Sara Ali,9700000118,customer819@example.com,"House 26, Block C, Indore Residency, Sector 3",Near main market,452010,Indore,Madhya Pradesh,TSH-BLK-L,Oversized Black Tee,1,850,COD,Ekart,Shopify,Google Brand Search,Google,paid,Google Brand Search,GOO-1018,43,first_time,Delivered,,0,Delivered
FAS-24820,SH987650819,2026-04-10T07:30:00.000Z,Nisha Nair,9700000119,customer820@example.com,"House 27, Block D, Patna Residency, Sector 4",Near main market,800001,Patna,Bihar,COORD-GRN-M,Green Co-ord Set,1,2200,Prepaid,Shadowfax,WhatsApp,WhatsApp Repeat Buyers,WhatsApp,crm,WhatsApp Repeat Buyers,WHA-1019,51,first_time,Delivered,,0,Delivered
FAS-24821,DT987650820,2026-04-11T08:30:00.000Z,Aarav Sharma,9700000120,customer821@example.com,"House 28, Block E, Hyderabad Residency, Sector 5",,500081,Hyderabad,Telangana,DENIM-WIDE-30,Wide Fit Denim,1,1750,COD,DTDC,Meta,Meta COD Scale,Meta,paid,Meta COD Scale,MET-1020,47,repeat_delivered,Undelivered,Incorrect address,1,In NDR
FAS-24822,DE987650821,2026-04-12T09:30:00.000Z,Diya Verma,9700000121,customer822@example.com,"House 29, Block F, Mumbai Residency, Sector 6",Near main market,400053,Mumbai,Maharashtra,KURTI-BLU-M,Blue Printed Kurti,1,1300,Prepaid,Delhivery,Instagram,Influencer Drop,Instagram,paid,Influencer Drop,INS-1021,57,first_time,RTO,No response on phone,3,RTO
FAS-24823,SH987650822,2026-04-13T10:30:00.000Z,Kabir Khan,9700000122,customer823@example.com,"House 30, Block A, Chennai Residency, Sector 7",Near main market,600042,Chennai,Tamil Nadu,DRESS-RED-S,Red Summer Dress,1,2550,COD,Shiprocket,Shopify,Google Brand Search,Google,paid,Google Brand Search,GOO-1022,56,first_time,RTO,Door locked,2,RTO
FAS-24824,SH987650823,2026-04-14T11:30:00.000Z,Ananya Iyer,9700000123,customer824@example.com,"House 31, Block B, Bhubaneswar Residency, Sector 8",Near main market,751024,Bhubaneswar,Odisha,TSH-BLK-L,Oversized Black Tee,1,850,COD,Shadowfax,WhatsApp,WhatsApp Repeat Buyers,WhatsApp,crm,WhatsApp Repeat Buyers,WHA-1023,46,first_time,Delivered,,0,Delivered
FAS-24825,EK987650824,2026-04-15T12:30:00.000Z,Riya Patel,9700000124,customer825@example.com,Near temple main road Surat,,395007,Surat,Gujarat,COORD-GRN-M,Green Co-ord Set,1,2300,Prepaid,Ekart,Meta,Meta COD Scale,Meta,paid,Meta COD Scale,MET-1024,55,repeat_delivered,Undelivered,Cash not ready,1,In NDR
FAS-24826,SH987650825,2026-04-16T13:30:00.000Z,Vivaan Rao,9700000125,customer826@example.com,"House 33, Block D, Ghaziabad Residency, Sector 10",,201001,Ghaziabad,Uttar Pradesh,DENIM-WIDE-30,Wide Fit Denim,1,1800,Prepaid,Shadowfax,Instagram,Influencer Drop,Instagram,paid,Influencer Drop,INS-1025,52,first_time,Delivered,,0,Delivered
FAS-24827,SH987650826,2026-04-17T14:30:00.000Z,Meera Singh,9700000126,customer827@example.com,"House 34, Block E, Lucknow Residency, Sector 11",Near main market,226010,Lucknow,Uttar Pradesh,KURTI-BLU-M,Blue Printed Kurti,1,1250,COD,Shiprocket,Shopify,Google Brand Search,Google,paid,Google Brand Search,GOO-1026,49,first_time,RTO,Customer not available,2,RTO
FAS-24828,DT987650827,2026-04-18T15:30:00.000Z,Ishaan Gupta,9700000127,customer828@example.com,"House 35, Block F, Bengaluru Residency, Sector 12",Near main market,560095,Bengaluru,Karnataka,DRESS-RED-S,Red Summer Dress,1,2350,COD,DTDC,WhatsApp,WhatsApp Repeat Buyers,WhatsApp,crm,WhatsApp Repeat Buyers,WHA-1027,44,first_time,Delivered,,0,Delivered
FAS-24829,EK987650828,2026-04-19T04:30:00.000Z,Sara Ali,9700000128,customer829@example.com,"House 36, Block A, Surat Residency, Sector 1",Near main market,395007,Surat,Gujarat,TSH-BLK-L,Oversized Black Tee,1,850,COD,Ekart,Meta,Meta COD Scale,Meta,paid,Meta COD Scale,MET-1028,54,repeat_delivered,Undelivered,No response on phone,1,In NDR
FAS-24830,DT987650829,2026-04-20T05:30:00.000Z,Nisha Nair,9700000129,customer830@example.com,"House 37, Block B, Jaipur Residency, Sector 2",Near main market,302001,Jaipur,Rajasthan,COORD-GRN-M,Green Co-ord Set,1,2300,COD,DTDC,Instagram,Influencer Drop,Instagram,paid,Influencer Drop,INS-1029,46,first_time,RTO,Door locked,3,RTO
FAS-24831,DT987650830,2026-04-21T06:30:00.000Z,Aarav Sharma,9700000130,customer831@example.com,"House 38, Block C, Pune Residency, Sector 3",,411045,Pune,Maharashtra,DENIM-WIDE-30,Wide Fit Denim,1,2050,COD,DTDC,Shopify,Google Brand Search,Google,paid,Google Brand Search,GOO-1030,49,first_time,RTO,Customer refused delivery,2,RTO
FAS-24832,DT987650831,2026-04-22T07:30:00.000Z,Diya Verma,9700000131,customer832@example.com,"House 39, Block D, Patna Residency, Sector 4",Near main market,800001,Patna,Bihar,KURTI-BLU-M,Blue Printed Kurti,1,1350,COD,DTDC,WhatsApp,WhatsApp Repeat Buyers,WhatsApp,crm,WhatsApp Repeat Buyers,WHA-1031,54,first_time,Delivered,,0,Delivered
FAS-24833,XP987650832,2026-04-23T08:30:00.000Z,Kabir Khan,9700000132,customer833@example.com,Near temple main road Surat,,395007,Surat,Gujarat,DRESS-RED-S,Red Summer Dress,1,2300,COD,Xpressbees,Meta,Meta COD Scale,Meta,paid,Meta COD Scale,MET-1032,39,repeat_delivered,RTO,Customer requested future delivery,2,RTO
FAS-24834,SH987650833,2026-04-24T09:30:00.000Z,Ananya Iyer,9700000133,customer834@example.com,"House 41, Block F, Ghaziabad Residency, Sector 6",Near main market,201001,Ghaziabad,Uttar Pradesh,TSH-BLK-L,Oversized Black Tee,1,800,COD,Shiprocket,Instagram,Influencer Drop,Instagram,paid,Influencer Drop,INS-1033,39,first_time,RTO,Customer not available,3,RTO
FAS-24835,DE987650834,2026-04-25T10:30:00.000Z,Riya Patel,9700000134,customer835@example.com,"House 42, Block A, Surat Residency, Sector 7",Near main market,395007,Surat,Gujarat,COORD-GRN-M,Green Co-ord Set,1,2350,COD,Delhivery,Shopify,Google Brand Search,Google,paid,Google Brand Search,GOO-1034,49,first_time,Cancelled,,0,Cancelled before shipping
FAS-24836,SH987650835,2026-04-26T11:30:00.000Z,Vivaan Rao,9700000135,customer836@example.com,"House 43, Block B, Hyderabad Residency, Sector 8",,500081,Hyderabad,Telangana,DENIM-WIDE-30,Wide Fit Denim,1,1950,COD,Shadowfax,WhatsApp,WhatsApp Repeat Buyers,WhatsApp,crm,WhatsApp Repeat Buyers,WHA-1035,38,first_time,RTO,No response on phone,3,RTO
FAS-24837,SH987650836,2026-04-27T12:30:00.000Z,Meera Singh,9700000136,customer837@example.com,Near temple main road Surat,,395007,Surat,Gujarat,KURTI-BLU-M,Blue Printed Kurti,1,1200,COD,Shiprocket,Meta,Meta COD Scale,Meta,paid,Meta COD Scale,MET-1036,45,repeat_delivered,Undelivered,Door locked,1,In NDR
FAS-24838,SH987650837,2026-04-28T13:30:00.000Z,Ishaan Gupta,9700000137,customer838@example.com,"House 45, Block D, Chennai Residency, Sector 10",Near main market,600042,Chennai,Tamil Nadu,DRESS-RED-S,Red Summer Dress,1,2400,COD,Shiprocket,Instagram,Influencer Drop,Instagram,paid,Influencer Drop,INS-1037,47,first_time,Undelivered,Customer refused delivery,2,In NDR
FAS-24839,DE987650838,2026-04-29T14:30:00.000Z,Sara Ali,9700000138,customer839@example.com,"House 46, Block E, Lucknow Residency, Sector 11",Near main market,226010,Lucknow,Uttar Pradesh,TSH-BLK-L,Oversized Black Tee,1,850,COD,Delhivery,Shopify,Google Brand Search,Google,paid,Google Brand Search,GOO-1038,40,first_time,Undelivered,Cash not ready,1,In NDR
FAS-24840,XP987650839,2026-04-30T15:30:00.000Z,Nisha Nair,9700000139,customer840@example.com,"House 47, Block F, Patna Residency, Sector 12",Near main market,800001,Patna,Bihar,COORD-GRN-M,Green Co-ord Set,1,2450,COD,Xpressbees,WhatsApp,WhatsApp Repeat Buyers,WhatsApp,crm,WhatsApp Repeat Buyers,WHA-1039,38,first_time,Delivered,,0,Delivered
FAS-24841,EK987650840,2026-04-01T04:30:00.000Z,Aarav Sharma,9700000140,customer841@example.com,"House 48, Block A, Ghaziabad Residency, Sector 1",,201001,Ghaziabad,Uttar Pradesh,DENIM-WIDE-30,Wide Fit Denim,1,1850,COD,Ekart,Meta,Meta COD Scale,Meta,paid,Meta COD Scale,MET-1040,50,repeat_delivered,RTO,Customer not available,2,RTO
FAS-24842,BL987650841,2026-04-02T05:30:00.000Z,Diya Verma,9700000141,customer842@example.com,"House 49, Block B, Ghaziabad Residency, Sector 2",Near main market,201001,Ghaziabad,Uttar Pradesh,KURTI-BLU-M,Blue Printed Kurti,2,1200,COD,Bluedart,Instagram,Influencer Drop,Instagram,paid,Influencer Drop,INS-1041,53,first_time,RTO,Incorrect address,3,RTO
FAS-24843,DE987650842,2026-04-03T06:30:00.000Z,Kabir Khan,9700000142,customer843@example.com,"House 50, Block C, Bengaluru Residency, Sector 3",Near main market,560095,Bengaluru,Karnataka,DRESS-RED-S,Red Summer Dress,1,2500,Prepaid,Delhivery,Shopify,Google Brand Search,Google,paid,Google Brand Search,GOO-1042,49,first_time,Undelivered,No response on phone,1,In NDR
FAS-24844,BL987650843,2026-04-04T07:30:00.000Z,Ananya Iyer,9700000143,customer844@example.com,"House 51, Block D, Ahmedabad Residency, Sector 4",Near main market,380015,Ahmedabad,Gujarat,TSH-BLK-L,Oversized Black Tee,1,850,COD,Bluedart,WhatsApp,WhatsApp Repeat Buyers,WhatsApp,crm,WhatsApp Repeat Buyers,WHA-1043,43,first_time,Delivered,,0,Delivered
FAS-24845,XP987650844,2026-04-05T08:30:00.000Z,Riya Patel,9700000144,customer845@example.com,"House 52, Block E, Jaipur Residency, Sector 5",Near main market,302001,Jaipur,Rajasthan,COORD-GRN-M,Green Co-ord Set,1,2250,COD,Xpressbees,Meta,Meta COD Scale,Meta,paid,Meta COD Scale,MET-1044,54,repeat_delivered,RTO,Customer refused delivery,2,RTO
FAS-24846,XP987650845,2026-04-06T09:30:00.000Z,Vivaan Rao,9700000145,customer846@example.com,Near temple main road Ghaziabad,,201001,Ghaziabad,Uttar Pradesh,DENIM-WIDE-30,Wide Fit Denim,1,2050,COD,Xpressbees,Instagram,Influencer Drop,Instagram,paid,Influencer Drop,INS-1045,50,first_time,RTO,Cash not ready,3,RTO
FAS-24847,XP987650846,2026-04-07T10:30:00.000Z,Meera Singh,9700000146,customer847@example.com,"House 54, Block A, Lucknow Residency, Sector 7",Near main market,226010,Lucknow,Uttar Pradesh,KURTI-BLU-M,Blue Printed Kurti,1,1300,COD,Xpressbees,Shopify,Google Brand Search,Google,paid,Google Brand Search,GOO-1046,57,first_time,RTO,Customer requested future delivery,2,RTO
FAS-24848,DT987650847,2026-04-08T11:30:00.000Z,Ishaan Gupta,9700000147,customer848@example.com,"House 55, Block B, Lucknow Residency, Sector 8",Near main market,226010,Lucknow,Uttar Pradesh,DRESS-RED-S,Red Summer Dress,1,2550,COD,DTDC,WhatsApp,WhatsApp Repeat Buyers,WhatsApp,crm,WhatsApp Repeat Buyers,WHA-1047,50,first_time,Delivered,,0,Delivered
FAS-24849,EK987650848,2026-04-09T12:30:00.000Z,Sara Ali,9700000148,customer849@example.com,"House 56, Block C, Indore Residency, Sector 9",Near main market,452010,Indore,Madhya Pradesh,TSH-BLK-L,Oversized Black Tee,1,750,COD,Ekart,Meta,Meta COD Scale,Meta,paid,Meta COD Scale,MET-1048,55,repeat_delivered,Undelivered,Incorrect address,1,In NDR
FAS-24850,EK987650849,2026-04-10T13:30:00.000Z,Nisha Nair,9700000149,customer850@example.com,"House 57, Block D, Surat Residency, Sector 10",Near main market,395007,Surat,Gujarat,COORD-GRN-M,Green Co-ord Set,1,2200,COD,Ekart,Instagram,Influencer Drop,Instagram,paid,Influencer Drop,INS-1049,43,first_time,RTO,No response on phone,3,RTO
FAS-24851,EK987650850,2026-04-11T14:30:00.000Z,Aarav Sharma,9700000150,customer851@example.com,"House 58, Block E, Hyderabad Residency, Sector 11",,500081,Hyderabad,Telangana,DENIM-WIDE-30,Wide Fit Denim,1,1850,COD,Ekart,Shopify,Google Brand Search,Google,paid,Google Brand Search,GOO-1050,58,first_time,Undelivered,Door locked,1,In NDR
FAS-24852,EK987650851,2026-04-12T15:30:00.000Z,Diya Verma,9700000151,customer852@example.com,"House 59, Block F, Mumbai Residency, Sector 12",Near main market,400053,Mumbai,Maharashtra,KURTI-BLU-M,Blue Printed Kurti,1,1400,Prepaid,Ekart,WhatsApp,WhatsApp Repeat Buyers,WhatsApp,crm,WhatsApp Repeat Buyers,WHA-1051,51,first_time,Delivered,,0,Delivered
FAS-24853,SH987650852,2026-04-13T04:30:00.000Z,Kabir Khan,9700000152,customer853@example.com,"House 60, Block A, Chennai Residency, Sector 1",Near main market,600042,Chennai,Tamil Nadu,DRESS-RED-S,Red Summer Dress,1,2500,Prepaid,Shadowfax,Meta,Meta COD Scale,Meta,paid,Meta COD Scale,MET-1052,57,repeat_delivered,Delivered,,0,Delivered
FAS-24854,DE987650853,2026-04-14T05:30:00.000Z,Ananya Iyer,9700000153,customer854@example.com,"House 61, Block B, Bhubaneswar Residency, Sector 2",Near main market,751024,Bhubaneswar,Odisha,TSH-BLK-L,Oversized Black Tee,1,750,COD,Delhivery,Instagram,Influencer Drop,Instagram,paid,Influencer Drop,INS-1053,56,first_time,Undelivered,Customer requested future delivery,2,In NDR
FAS-24855,DE987650854,2026-04-15T06:30:00.000Z,Riya Patel,9700000154,customer855@example.com,"House 62, Block C, Lucknow Residency, Sector 3",Near main market,226010,Lucknow,Uttar Pradesh,COORD-GRN-M,Green Co-ord Set,1,2500,COD,Delhivery,Shopify,Google Brand Search,Google,paid,Google Brand Search,GOO-1054,56,first_time,RTO,Customer not available,2,RTO
FAS-24856,SH987650855,2026-04-16T07:30:00.000Z,Vivaan Rao,9700000155,customer856@example.com,Near temple main road Patna,,800001,Patna,Bihar,DENIM-WIDE-30,Wide Fit Denim,1,1750,Prepaid,Shiprocket,WhatsApp,WhatsApp Repeat Buyers,WhatsApp,crm,WhatsApp Repeat Buyers,WHA-1055,51,first_time,Undelivered,Incorrect address,2,In NDR
FAS-24857,XP987650856,2026-04-17T08:30:00.000Z,Meera Singh,9700000156,customer857@example.com,"House 64, Block E, Delhi Residency, Sector 5",Near main market,110024,Delhi,Delhi,KURTI-BLU-M,Blue Printed Kurti,1,1300,COD,Xpressbees,Meta,Meta COD Scale,Meta,paid,Meta COD Scale,MET-1056,49,repeat_delivered,Delivered,,0,Delivered
FAS-24858,SH987650857,2026-04-18T09:30:00.000Z,Ishaan Gupta,9700000157,customer858@example.com,Near temple main road Ghaziabad,,201001,Ghaziabad,Uttar Pradesh,DRESS-RED-S,Red Summer Dress,1,2350,Prepaid,Shiprocket,Instagram,Influencer Drop,Instagram,paid,Influencer Drop,INS-1057,56,first_time,RTO,Door locked,3,RTO
FAS-24859,EK987650858,2026-04-19T10:30:00.000Z,Sara Ali,9700000158,customer859@example.com,"House 66, Block A, Ahmedabad Residency, Sector 7",Near main market,380015,Ahmedabad,Gujarat,TSH-BLK-L,Oversized Black Tee,1,850,COD,Ekart,Shopify,Google Brand Search,Google,paid,Google Brand Search,GOO-1058,52,first_time,Undelivered,Customer refused delivery,1,In NDR
FAS-24860,SH987650859,2026-04-20T11:30:00.000Z,Nisha Nair,9700000159,customer860@example.com,Near temple main road Patna,,800001,Patna,Bihar,COORD-GRN-M,Green Co-ord Set,1,2150,COD,Shiprocket,WhatsApp,WhatsApp Repeat Buyers,WhatsApp,crm,WhatsApp Repeat Buyers,WHA-1059,40,first_time,Undelivered,Cash not ready,2,In NDR
FAS-24861,SH987650860,2026-04-21T12:30:00.000Z,Aarav Sharma,9700000160,customer861@example.com,"House 68, Block C, Surat Residency, Sector 9",,395007,Surat,Gujarat,DENIM-WIDE-30,Wide Fit Denim,1,1850,COD,Shiprocket,Meta,Meta COD Scale,Meta,paid,Meta COD Scale,MET-1060,41,repeat_delivered,RTO,Customer requested future delivery,2,RTO
FAS-24862,XP987650861,2026-04-22T13:30:00.000Z,Diya Verma,9700000161,customer862@example.com,"House 69, Block D, Ghaziabad Residency, Sector 10",Near main market,201001,Ghaziabad,Uttar Pradesh,KURTI-BLU-M,Blue Printed Kurti,1,1250,COD,Xpressbees,Instagram,Influencer Drop,Instagram,paid,Influencer Drop,INS-1061,48,first_time,RTO,Customer not available,3,RTO
FAS-24863,DT987650862,2026-04-23T14:30:00.000Z,Kabir Khan,9700000162,customer863@example.com,"House 70, Block E, Lucknow Residency, Sector 11",Near main market,226010,Lucknow,Uttar Pradesh,DRESS-RED-S,Red Summer Dress,1,2700,COD,DTDC,Shopify,Google Brand Search,Google,paid,Google Brand Search,GOO-1062,51,first_time,RTO,Incorrect address,2,RTO
FAS-24864,SH987650863,2026-04-24T15:30:00.000Z,Ananya Iyer,9700000163,customer864@example.com,Near temple main road Patna,,800001,Patna,Bihar,TSH-BLK-L,Oversized Black Tee,1,750,COD,Shiprocket,WhatsApp,WhatsApp Repeat Buyers,WhatsApp,crm,WhatsApp Repeat Buyers,WHA-1063,56,first_time,Cancelled,,0,Cancelled before shipping
FAS-24865,BL987650864,2026-04-25T04:30:00.000Z,Riya Patel,9700000164,customer865@example.com,"House 72, Block A, Surat Residency, Sector 1",Near main market,395007,Surat,Gujarat,COORD-GRN-M,Green Co-ord Set,1,2150,COD,Bluedart,Meta,Meta COD Scale,Meta,paid,Meta COD Scale,MET-1064,52,repeat_delivered,RTO,Door locked,2,RTO
FAS-24866,BL987650865,2026-04-26T05:30:00.000Z,Vivaan Rao,9700000165,customer866@example.com,"House 73, Block B, Hyderabad Residency, Sector 2",,500081,Hyderabad,Telangana,DENIM-WIDE-30,Wide Fit Denim,1,1950,Prepaid,Bluedart,Instagram,Influencer Drop,Instagram,paid,Influencer Drop,INS-1065,46,first_time,Delivered,,0,Delivered
FAS-24867,XP987650866,2026-04-27T06:30:00.000Z,Meera Singh,9700000166,customer867@example.com,"House 74, Block C, Mumbai Residency, Sector 3",Near main market,400053,Mumbai,Maharashtra,KURTI-BLU-M,Blue Printed Kurti,1,1400,COD,Xpressbees,Shopify,Google Brand Search,Google,paid,Google Brand Search,GOO-1066,54,first_time,Delivered,,0,Delivered
FAS-24868,SH987650867,2026-04-28T07:30:00.000Z,Ishaan Gupta,9700000167,customer868@example.com,"House 75, Block D, Chennai Residency, Sector 4",Near main market,600042,Chennai,Tamil Nadu,DRESS-RED-S,Red Summer Dress,1,2300,Prepaid,Shiprocket,WhatsApp,WhatsApp Repeat Buyers,WhatsApp,crm,WhatsApp Repeat Buyers,WHA-1067,49,first_time,Delivered,,0,Delivered
FAS-24869,SH987650868,2026-04-29T08:30:00.000Z,Sara Ali,9700000168,customer869@example.com,"House 76, Block E, Bhubaneswar Residency, Sector 5",Near main market,751024,Bhubaneswar,Odisha,TSH-BLK-L,Oversized Black Tee,1,750,Prepaid,Shadowfax,Meta,Meta COD Scale,Meta,paid,Meta COD Scale,MET-1068,56,repeat_delivered,RTO,Customer not available,2,RTO
FAS-24870,EK987650869,2026-04-30T09:30:00.000Z,Nisha Nair,9700000169,customer870@example.com,"House 77, Block F, Patna Residency, Sector 6",Near main market,800001,Patna,Bihar,COORD-GRN-M,Green Co-ord Set,1,2400,Prepaid,Ekart,Instagram,Influencer Drop,Instagram,paid,Influencer Drop,INS-1069,44,first_time,RTO,Incorrect address,3,RTO
FAS-24871,DE987650870,2026-04-01T10:30:00.000Z,Aarav Sharma,9700000170,customer871@example.com,"House 78, Block A, Lucknow Residency, Sector 7",,226010,Lucknow,Uttar Pradesh,DENIM-WIDE-30,Wide Fit Denim,2,1900,COD,Delhivery,Shopify,Google Brand Search,Google,paid,Google Brand Search,GOO-1070,54,first_time,RTO,No response on phone,2,RTO
FAS-24872,BL987650871,2026-04-02T11:30:00.000Z,Diya Verma,9700000171,customer872@example.com,"House 79, Block B, Patna Residency, Sector 8",Near main market,800001,Patna,Bihar,KURTI-BLU-M,Blue Printed Kurti,1,1250,Prepaid,Bluedart,WhatsApp,WhatsApp Repeat Buyers,WhatsApp,crm,WhatsApp Repeat Buyers,WHA-1071,49,first_time,RTO,Door locked,3,RTO
FAS-24873,DE987650872,2026-04-03T12:30:00.000Z,Kabir Khan,9700000172,customer873@example.com,"House 80, Block C, Bengaluru Residency, Sector 9",Near main market,560095,Bengaluru,Karnataka,DRESS-RED-S,Red Summer Dress,1,2500,COD,Delhivery,Meta,Meta COD Scale,Meta,paid,Meta COD Scale,MET-1072,50,repeat_delivered,RTO,Customer refused delivery,2,RTO
FAS-24874,SH987650873,2026-04-04T13:30:00.000Z,Ananya Iyer,9700000173,customer874@example.com,"House 81, Block D, Ahmedabad Residency, Sector 10",Near main market,380015,Ahmedabad,Gujarat,TSH-BLK-L,Oversized Black Tee,1,850,COD,Shadowfax,Instagram,Influencer Drop,Instagram,paid,Influencer Drop,INS-1073,46,first_time,Delivered,,0,Delivered
FAS-24875,XP987650874,2026-04-05T14:30:00.000Z,Riya Patel,9700000174,customer875@example.com,"House 82, Block E, Jaipur Residency, Sector 11",Near main market,302001,Jaipur,Rajasthan,COORD-GRN-M,Green Co-ord Set,1,2350,Prepaid,Xpressbees,Shopify,Google Brand Search,Google,paid,Google Brand Search,GOO-1074,45,first_time,Delivered,,0,Delivered
FAS-24876,XP987650875,2026-04-06T15:30:00.000Z,Vivaan Rao,9700000175,customer876@example.com,"House 83, Block F, Pune Residency, Sector 12",,411045,Pune,Maharashtra,DENIM-WIDE-30,Wide Fit Denim,1,1750,Prepaid,Xpressbees,WhatsApp,WhatsApp Repeat Buyers,WhatsApp,crm,WhatsApp Repeat Buyers,WHA-1075,51,first_time,Undelivered,Customer not available,2,In NDR
FAS-24877,XP987650876,2026-04-07T04:30:00.000Z,Meera Singh,9700000176,customer877@example.com,"House 84, Block A, Kolkata Residency, Sector 1",Near main market,700016,Kolkata,West Bengal,KURTI-BLU-M,Blue Printed Kurti,1,1250,COD,Xpressbees,Meta,Meta COD Scale,Meta,paid,Meta COD Scale,MET-1076,46,repeat_delivered,Undelivered,Incorrect address,1,In NDR
FAS-24878,DT987650877,2026-04-08T05:30:00.000Z,Ishaan Gupta,9700000177,customer878@example.com,"House 85, Block B, Lucknow Residency, Sector 2",Near main market,226010,Lucknow,Uttar Pradesh,DRESS-RED-S,Red Summer Dress,1,2350,COD,DTDC,Instagram,Influencer Drop,Instagram,paid,Influencer Drop,INS-1077,57,first_time,Undelivered,No response on phone,2,In NDR
FAS-24879,SH987650878,2026-04-09T06:30:00.000Z,Sara Ali,9700000178,customer879@example.com,"House 86, Block C, Indore Residency, Sector 3",Near main market,452010,Indore,Madhya Pradesh,TSH-BLK-L,Oversized Black Tee,1,850,COD,Shadowfax,Shopify,Google Brand Search,Google,paid,Google Brand Search,GOO-1078,42,first_time,RTO,Door locked,2,RTO
FAS-24880,BL987650879,2026-04-10T07:30:00.000Z,Nisha Nair,9700000179,customer880@example.com,"House 87, Block D, Patna Residency, Sector 4",Near main market,800001,Patna,Bihar,COORD-GRN-M,Green Co-ord Set,1,2250,COD,Bluedart,WhatsApp,WhatsApp Repeat Buyers,WhatsApp,crm,WhatsApp Repeat Buyers,WHA-1079,43,first_time,Undelivered,Customer refused delivery,2,In NDR
FAS-24881,EK987650880,2026-04-11T08:30:00.000Z,Aarav Sharma,9700000180,customer881@example.com,"House 88, Block E, Hyderabad Residency, Sector 5",,500081,Hyderabad,Telangana,DENIM-WIDE-30,Wide Fit Denim,1,2000,Prepaid,Ekart,Meta,Meta COD Scale,Meta,paid,Meta COD Scale,MET-1000,57,repeat_delivered,RTO,Cash not ready,2,RTO
FAS-24882,SH987650881,2026-04-12T09:30:00.000Z,Diya Verma,9700000181,customer882@example.com,"House 89, Block F, Mumbai Residency, Sector 6",Near main market,400053,Mumbai,Maharashtra,KURTI-BLU-M,Blue Printed Kurti,1,1300,COD,Shiprocket,Instagram,Influencer Drop,Instagram,paid,Influencer Drop,INS-1001,55,first_time,Delivered,,0,Delivered
FAS-24883,XP987650882,2026-04-13T10:30:00.000Z,Kabir Khan,9700000182,customer883@example.com,"House 90, Block A, Chennai Residency, Sector 7",Near main market,600042,Chennai,Tamil Nadu,DRESS-RED-S,Red Summer Dress,1,2500,Prepaid,Xpressbees,Shopify,Google Brand Search,Google,paid,Google Brand Search,GOO-1002,50,first_time,Undelivered,Customer not available,1,In NDR
FAS-24884,DT987650883,2026-04-14T11:30:00.000Z,Ananya Iyer,9700000183,customer884@example.com,"House 91, Block B, Bhubaneswar Residency, Sector 8",Near main market,751024,Bhubaneswar,Odisha,TSH-BLK-L,Oversized Black Tee,1,800,Prepaid,DTDC,WhatsApp,WhatsApp Repeat Buyers,WhatsApp,crm,WhatsApp Repeat Buyers,WHA-1003,58,first_time,Delivered,,0,Delivered
FAS-24885,SH987650884,2026-04-15T12:30:00.000Z,Riya Patel,9700000184,customer885@example.com,"House 92, Block C, Patna Residency, Sector 9",Near main market,800001,Patna,Bihar,COORD-GRN-M,Green Co-ord Set,1,2400,COD,Shadowfax,Meta,Meta COD Scale,Meta,paid,Meta COD Scale,MET-1004,55,repeat_delivered,Undelivered,No response on phone,1,In NDR
FAS-24886,DE987650885,2026-04-16T13:30:00.000Z,Vivaan Rao,9700000185,customer886@example.com,"House 93, Block D, Ghaziabad Residency, Sector 10",,201001,Ghaziabad,Uttar Pradesh,DENIM-WIDE-30,Wide Fit Denim,1,1950,COD,Delhivery,Instagram,Influencer Drop,Instagram,paid,Influencer Drop,INS-1005,40,first_time,RTO,Door locked,3,RTO
FAS-24887,DE987650886,2026-04-17T14:30:00.000Z,Meera Singh,9700000186,customer887@example.com,"House 94, Block E, Lucknow Residency, Sector 11",Near main market,226010,Lucknow,Uttar Pradesh,KURTI-BLU-M,Blue Printed Kurti,1,1200,COD,Delhivery,Shopify,Google Brand Search,Google,paid,Google Brand Search,GOO-1006,47,first_time,RTO,Customer refused delivery,2,RTO
FAS-24888,SH987650887,2026-04-18T15:30:00.000Z,Ishaan Gupta,9700000187,customer888@example.com,Near temple main road Patna,,800001,Patna,Bihar,DRESS-RED-S,Red Summer Dress,1,2450,Prepaid,Shadowfax,WhatsApp,WhatsApp Repeat Buyers,WhatsApp,crm,WhatsApp Repeat Buyers,WHA-1007,45,first_time,RTO,Cash not ready,3,RTO
FAS-24889,XP987650888,2026-04-19T04:30:00.000Z,Sara Ali,9700000188,customer889@example.com,"House 96, Block A, Ahmedabad Residency, Sector 1",Near main market,380015,Ahmedabad,Gujarat,TSH-BLK-L,Oversized Black Tee,1,750,COD,Xpressbees,Meta,Meta COD Scale,Meta,paid,Meta COD Scale,MET-1008,51,repeat_delivered,RTO,Customer requested future delivery,2,RTO
FAS-24890,DE987650889,2026-04-20T05:30:00.000Z,Nisha Nair,9700000189,customer890@example.com,"House 97, Block B, Jaipur Residency, Sector 2",Near main market,302001,Jaipur,Rajasthan,COORD-GRN-M,Green Co-ord Set,1,2450,Prepaid,Delhivery,Instagram,Influencer Drop,Instagram,paid,Influencer Drop,INS-1009,48,first_time,RTO,Customer not available,3,RTO
FAS-24891,EK987650890,2026-04-21T06:30:00.000Z,Aarav Sharma,9700000190,customer891@example.com,"House 98, Block C, Pune Residency, Sector 3",,411045,Pune,Maharashtra,DENIM-WIDE-30,Wide Fit Denim,1,2000,Prepaid,Ekart,Shopify,Google Brand Search,Google,paid,Google Brand Search,GOO-1010,42,first_time,Delivered,,0,Delivered
FAS-24892,SH987650891,2026-04-22T07:30:00.000Z,Diya Verma,9700000191,customer892@example.com,"House 99, Block D, Kolkata Residency, Sector 4",Near main market,700016,Kolkata,West Bengal,KURTI-BLU-M,Blue Printed Kurti,1,1300,COD,Shadowfax,WhatsApp,WhatsApp Repeat Buyers,WhatsApp,crm,WhatsApp Repeat Buyers,WHA-1011,51,first_time,Undelivered,No response on phone,2,In NDR
FAS-24893,DE987650892,2026-04-23T08:30:00.000Z,Kabir Khan,9700000192,customer893@example.com,"House 100, Block E, Surat Residency, Sector 5",Near main market,395007,Surat,Gujarat,DRESS-RED-S,Red Summer Dress,1,2600,COD,Delhivery,Meta,Meta COD Scale,Meta,paid,Meta COD Scale,MET-1012,45,repeat_delivered,Undelivered,Door locked,1,In NDR
FAS-24894,DT987650893,2026-04-24T09:30:00.000Z,Ananya Iyer,9700000193,customer894@example.com,"House 101, Block F, Indore Residency, Sector 6",Near main market,452010,Indore,Madhya Pradesh,TSH-BLK-L,Oversized Black Tee,1,850,COD,DTDC,Instagram,Influencer Drop,Instagram,paid,Influencer Drop,INS-1013,42,first_time,Undelivered,Customer refused delivery,2,In NDR
FAS-24895,EK987650894,2026-04-25T10:30:00.000Z,Riya Patel,9700000194,customer895@example.com,"House 102, Block A, Lucknow Residency, Sector 7",Near main market,226010,Lucknow,Uttar Pradesh,COORD-GRN-M,Green Co-ord Set,1,2200,COD,Ekart,Shopify,Google Brand Search,Google,paid,Google Brand Search,GOO-1014,57,first_time,RTO,Cash not ready,2,RTO
FAS-24896,SH987650895,2026-04-26T11:30:00.000Z,Vivaan Rao,9700000195,customer896@example.com,"House 103, Block B, Hyderabad Residency, Sector 8",,500081,Hyderabad,Telangana,DENIM-WIDE-30,Wide Fit Denim,1,1800,Prepaid,Shadowfax,WhatsApp,WhatsApp Repeat Buyers,WhatsApp,crm,WhatsApp Repeat Buyers,WHA-1015,58,first_time,Delivered,,0,Delivered
FAS-24897,DE987650896,2026-04-27T12:30:00.000Z,Meera Singh,9700000196,customer897@example.com,"House 104, Block C, Mumbai Residency, Sector 9",Near main market,400053,Mumbai,Maharashtra,KURTI-BLU-M,Blue Printed Kurti,1,1250,COD,Delhivery,Meta,Meta COD Scale,Meta,paid,Meta COD Scale,MET-1016,52,repeat_delivered,Undelivered,Customer not available,1,In NDR
FAS-24898,EK987650897,2026-04-28T13:30:00.000Z,Ishaan Gupta,9700000197,customer898@example.com,"House 105, Block D, Chennai Residency, Sector 10",Near main market,600042,Chennai,Tamil Nadu,DRESS-RED-S,Red Summer Dress,1,2450,Prepaid,Ekart,Instagram,Influencer Drop,Instagram,paid,Influencer Drop,INS-1017,45,first_time,Delivered,,0,Delivered
FAS-24899,DT987650898,2026-04-29T14:30:00.000Z,Sara Ali,9700000198,customer899@example.com,"House 106, Block E, Bhubaneswar Residency, Sector 11",Near main market,751024,Bhubaneswar,Odisha,TSH-BLK-L,Oversized Black Tee,1,850,COD,DTDC,Shopify,Google Brand Search,Google,paid,Google Brand Search,GOO-1018,53,first_time,RTO,No response on phone,2,RTO
FAS-24900,BL987650899,2026-04-30T15:30:00.000Z,Nisha Nair,9700000199,customer900@example.com,"House 107, Block F, Patna Residency, Sector 12",Near main market,800001,Patna,Bihar,COORD-GRN-M,Green Co-ord Set,2,2300,Prepaid,Bluedart,WhatsApp,WhatsApp Repeat Buyers,WhatsApp,crm,WhatsApp Repeat Buyers,WHA-1019,46,first_time,Delivered,,0,Delivered
FAS-24901,EK987650900,2026-04-01T04:30:00.000Z,Aarav Sharma,9700000200,customer901@example.com,"House 18, Block A, Ghaziabad Residency, Sector 1",,201001,Ghaziabad,Uttar Pradesh,DENIM-WIDE-30,Wide Fit Denim,1,1800,Prepaid,Ekart,Meta,Meta COD Scale,Meta,paid,Meta COD Scale,MET-1020,48,repeat_delivered,Undelivered,Customer refused delivery,1,In NDR
FAS-24902,SH987650901,2026-04-02T05:30:00.000Z,Diya Verma,9700000201,customer902@example.com,Near temple main road Ghaziabad,,201001,Ghaziabad,Uttar Pradesh,KURTI-BLU-M,Blue Printed Kurti,1,1200,COD,Shadowfax,Instagram,Influencer Drop,Instagram,paid,Influencer Drop,INS-1021,55,first_time,RTO,Cash not ready,3,RTO
FAS-24903,DT987650902,2026-04-03T06:30:00.000Z,Kabir Khan,9700000202,customer903@example.com,"House 20, Block C, Bengaluru Residency, Sector 3",Near main market,560095,Bengaluru,Karnataka,DRESS-RED-S,Red Summer Dress,1,2500,COD,DTDC,Shopify,Google Brand Search,Google,paid,Google Brand Search,GOO-1022,40,first_time,Undelivered,Customer requested future delivery,1,In NDR
FAS-24904,DE987650903,2026-04-04T07:30:00.000Z,Ananya Iyer,9700000203,customer904@example.com,"House 21, Block D, Ahmedabad Residency, Sector 4",Near main market,380015,Ahmedabad,Gujarat,TSH-BLK-L,Oversized Black Tee,1,800,Prepaid,Delhivery,WhatsApp,WhatsApp Repeat Buyers,WhatsApp,crm,WhatsApp Repeat Buyers,WHA-1023,43,first_time,Delivered,,0,Delivered
FAS-24905,DT987650904,2026-04-05T08:30:00.000Z,Riya Patel,9700000204,customer905@example.com,"House 22, Block E, Jaipur Residency, Sector 5",Near main market,302001,Jaipur,Rajasthan,COORD-GRN-M,Green Co-ord Set,1,2400,COD,DTDC,Meta,Meta COD Scale,Meta,paid,Meta COD Scale,MET-1024,45,repeat_delivered,Undelivered,Incorrect address,1,In NDR
FAS-24906,SH987650905,2026-04-06T09:30:00.000Z,Vivaan Rao,9700000205,customer906@example.com,"House 23, Block F, Pune Residency, Sector 6",,411045,Pune,Maharashtra,DENIM-WIDE-30,Wide Fit Denim,1,1750,COD,Shadowfax,Instagram,Influencer Drop,Instagram,paid,Influencer Drop,INS-1025,53,first_time,RTO,No response on phone,3,RTO
FAS-24907,EK987650906,2026-04-07T10:30:00.000Z,Meera Singh,9700000206,customer907@example.com,"House 24, Block A, Kolkata Residency, Sector 7",Near main market,700016,Kolkata,West Bengal,KURTI-BLU-M,Blue Printed Kurti,1,1200,COD,Ekart,Shopify,Google Brand Search,Google,paid,Google Brand Search,GOO-1026,56,first_time,Delivered,,0,Delivered
FAS-24908,DE987650907,2026-04-08T11:30:00.000Z,Ishaan Gupta,9700000207,customer908@example.com,Near temple main road Patna,,800001,Patna,Bihar,DRESS-RED-S,Red Summer Dress,1,2600,Prepaid,Delhivery,WhatsApp,WhatsApp Repeat Buyers,WhatsApp,crm,WhatsApp Repeat Buyers,WHA-1027,53,first_time,RTO,Customer refused delivery,3,RTO
FAS-24909,EK987650908,2026-04-09T12:30:00.000Z,Sara Ali,9700000208,customer909@example.com,"House 26, Block C, Indore Residency, Sector 9",Near main market,452010,Indore,Madhya Pradesh,TSH-BLK-L,Oversized Black Tee,1,750,COD,Ekart,Meta,Meta COD Scale,Meta,paid,Meta COD Scale,MET-1028,56,repeat_delivered,Undelivered,Cash not ready,1,In NDR
FAS-24910,DE987650909,2026-04-10T13:30:00.000Z,Nisha Nair,9700000209,customer910@example.com,"House 27, Block D, Surat Residency, Sector 10",Near main market,395007,Surat,Gujarat,COORD-GRN-M,Green Co-ord Set,1,2200,COD,Delhivery,Instagram,Influencer Drop,Instagram,paid,Influencer Drop,INS-1029,53,first_time,RTO,Customer requested future delivery,3,RTO
FAS-24911,EK987650910,2026-04-11T14:30:00.000Z,Aarav Sharma,9700000210,customer911@example.com,"House 28, Block E, Hyderabad Residency, Sector 11",,500081,Hyderabad,Telangana,DENIM-WIDE-30,Wide Fit Denim,1,1900,COD,Ekart,Shopify,Google Brand Search,Google,paid,Google Brand Search,GOO-1030,46,first_time,Undelivered,Customer not available,1,In NDR
FAS-24912,EK987650911,2026-04-12T15:30:00.000Z,Diya Verma,9700000211,customer912@example.com,"House 29, Block F, Mumbai Residency, Sector 12",Near main market,400053,Mumbai,Maharashtra,KURTI-BLU-M,Blue Printed Kurti,1,1300,COD,Ekart,WhatsApp,WhatsApp Repeat Buyers,WhatsApp,crm,WhatsApp Repeat Buyers,WHA-1031,53,first_time,Delivered,,0,Delivered
FAS-24913,XP987650912,2026-04-13T04:30:00.000Z,Kabir Khan,9700000212,customer913@example.com,"House 30, Block A, Chennai Residency, Sector 1",Near main market,600042,Chennai,Tamil Nadu,DRESS-RED-S,Red Summer Dress,1,2550,Prepaid,Xpressbees,Meta,Meta COD Scale,Meta,paid,Meta COD Scale,MET-1032,58,repeat_delivered,RTO,No response on phone,2,RTO
FAS-24914,BL987650913,2026-04-14T05:30:00.000Z,Ananya Iyer,9700000213,customer914@example.com,"House 31, Block B, Bhubaneswar Residency, Sector 2",Near main market,751024,Bhubaneswar,Odisha,TSH-BLK-L,Oversized Black Tee,1,850,Prepaid,Bluedart,Instagram,Influencer Drop,Instagram,paid,Influencer Drop,INS-1033,40,first_time,Delivered,,0,Delivered
FAS-24915,SH987650914,2026-04-15T06:30:00.000Z,Riya Patel,9700000214,customer915@example.com,"House 32, Block C, Patna Residency, Sector 3",Near main market,800001,Patna,Bihar,COORD-GRN-M,Green Co-ord Set,1,2350,COD,Shadowfax,Shopify,Google Brand Search,Google,paid,Google Brand Search,GOO-1034,40,first_time,Delivered,,0,Delivered
FAS-24916,SH987650915,2026-04-16T07:30:00.000Z,Vivaan Rao,9700000215,customer916@example.com,"House 33, Block D, Ghaziabad Residency, Sector 4",,201001,Ghaziabad,Uttar Pradesh,DENIM-WIDE-30,Wide Fit Denim,1,1750,COD,Shadowfax,WhatsApp,WhatsApp Repeat Buyers,WhatsApp,crm,WhatsApp Repeat Buyers,WHA-1035,54,first_time,RTO,Cash not ready,3,RTO
FAS-24917,XP987650916,2026-04-17T08:30:00.000Z,Meera Singh,9700000216,customer917@example.com,"House 34, Block E, Delhi Residency, Sector 5",Near main market,110024,Delhi,Delhi,KURTI-BLU-M,Blue Printed Kurti,1,1300,COD,Xpressbees,Meta,Meta COD Scale,Meta,paid,Meta COD Scale,MET-1036,45,repeat_delivered,RTO,Customer requested future delivery,2,RTO
FAS-24918,DT987650917,2026-04-18T09:30:00.000Z,Ishaan Gupta,9700000217,customer918@example.com,"House 35, Block F, Bengaluru Residency, Sector 6",Near main market,560095,Bengaluru,Karnataka,DRESS-RED-S,Red Summer Dress,1,2650,Prepaid,DTDC,Instagram,Influencer Drop,Instagram,paid,Influencer Drop,INS-1037,54,first_time,RTO,Customer not available,3,RTO
FAS-24919,DE987650918,2026-04-19T10:30:00.000Z,Sara Ali,9700000218,customer919@example.com,"House 36, Block A, Lucknow Residency, Sector 7",Near main market,226010,Lucknow,Uttar Pradesh,TSH-BLK-L,Oversized Black Tee,1,800,COD,Delhivery,Shopify,Google Brand Search,Google,paid,Google Brand Search,GOO-1038,48,first_time,RTO,Incorrect address,2,RTO
FAS-24920,SH987650919,2026-04-20T11:30:00.000Z,Nisha Nair,9700000219,customer920@example.com,"House 37, Block B, Jaipur Residency, Sector 8",Near main market,302001,Jaipur,Rajasthan,COORD-GRN-M,Green Co-ord Set,1,2450,COD,Shiprocket,WhatsApp,WhatsApp Repeat Buyers,WhatsApp,crm,WhatsApp Repeat Buyers,WHA-1039,42,first_time,Undelivered,No response on phone,2,In NDR
FAS-24921,EK987650920,2026-04-21T12:30:00.000Z,Aarav Sharma,9700000220,customer921@example.com,"House 38, Block C, Surat Residency, Sector 9",,395007,Surat,Gujarat,DENIM-WIDE-30,Wide Fit Denim,1,2050,Prepaid,Ekart,Meta,Meta COD Scale,Meta,paid,Meta COD Scale,MET-1040,41,repeat_delivered,Undelivered,Door locked,1,In NDR
FAS-24922,EK987650921,2026-04-22T13:30:00.000Z,Diya Verma,9700000221,customer922@example.com,"House 39, Block D, Kolkata Residency, Sector 10",Near main market,700016,Kolkata,West Bengal,KURTI-BLU-M,Blue Printed Kurti,1,1200,COD,Ekart,Instagram,Influencer Drop,Instagram,paid,Influencer Drop,INS-1041,56,first_time,Delivered,,0,Delivered
FAS-24923,SH987650922,2026-04-23T14:30:00.000Z,Kabir Khan,9700000222,customer923@example.com,"House 40, Block E, Lucknow Residency, Sector 11",Near main market,226010,Lucknow,Uttar Pradesh,DRESS-RED-S,Red Summer Dress,1,2400,Prepaid,Shiprocket,Shopify,Google Brand Search,Google,paid,Google Brand Search,GOO-1042,47,first_time,Undelivered,Cash not ready,1,In NDR
FAS-24924,SH987650923,2026-04-24T15:30:00.000Z,Ananya Iyer,9700000223,customer924@example.com,"House 41, Block F, Indore Residency, Sector 12",Near main market,452010,Indore,Madhya Pradesh,TSH-BLK-L,Oversized Black Tee,1,750,COD,Shadowfax,WhatsApp,WhatsApp Repeat Buyers,WhatsApp,crm,WhatsApp Repeat Buyers,WHA-1043,46,first_time,Delivered,,0,Delivered
FAS-24925,SH987650924,2026-04-25T04:30:00.000Z,Riya Patel,9700000224,customer925@example.com,"House 42, Block A, Surat Residency, Sector 1",Near main market,395007,Surat,Gujarat,COORD-GRN-M,Green Co-ord Set,1,2450,COD,Shadowfax,Meta,Meta COD Scale,Meta,paid,Meta COD Scale,MET-1044,56,repeat_delivered,RTO,Customer not available,2,RTO
FAS-24926,XP987650925,2026-04-26T05:30:00.000Z,Vivaan Rao,9700000225,customer926@example.com,Near temple main road Ghaziabad,,201001,Ghaziabad,Uttar Pradesh,DENIM-WIDE-30,Wide Fit Denim,1,2000,COD,Xpressbees,Instagram,Influencer Drop,Instagram,paid,Influencer Drop,INS-1045,55,first_time,Undelivered,Incorrect address,2,In NDR
FAS-24927,EK987650926,2026-04-27T06:30:00.000Z,Meera Singh,9700000226,customer927@example.com,"House 44, Block C, Mumbai Residency, Sector 3",Near main market,400053,Mumbai,Maharashtra,KURTI-BLU-M,Blue Printed Kurti,1,1400,COD,Ekart,Shopify,Google Brand Search,Google,paid,Google Brand Search,GOO-1046,40,first_time,Delivered,,0,Delivered
FAS-24928,SH987650927,2026-04-28T07:30:00.000Z,Ishaan Gupta,9700000227,customer928@example.com,"House 45, Block D, Chennai Residency, Sector 4",Near main market,600042,Chennai,Tamil Nadu,DRESS-RED-S,Red Summer Dress,1,2700,COD,Shiprocket,WhatsApp,WhatsApp Repeat Buyers,WhatsApp,crm,WhatsApp Repeat Buyers,WHA-1047,55,first_time,Undelivered,Door locked,2,In NDR
FAS-24929,DT987650928,2026-04-29T08:30:00.000Z,Sara Ali,9700000228,customer929@example.com,"House 46, Block E, Surat Residency, Sector 5",Near main market,395007,Surat,Gujarat,TSH-BLK-L,Oversized Black Tee,2,800,COD,DTDC,Meta,Meta COD Scale,Meta,paid,Meta COD Scale,MET-1048,49,repeat_delivered,RTO,Customer refused delivery,2,RTO
FAS-24930,SH987650929,2026-04-30T09:30:00.000Z,Nisha Nair,9700000229,customer930@example.com,"House 47, Block F, Patna Residency, Sector 6",Near main market,800001,Patna,Bihar,COORD-GRN-M,Green Co-ord Set,1,2350,Prepaid,Shiprocket,Instagram,Influencer Drop,Instagram,paid,Influencer Drop,INS-1049,47,first_time,Undelivered,Cash not ready,2,In NDR
FAS-24931,DE987650930,2026-04-01T10:30:00.000Z,Aarav Sharma,9700000230,customer931@example.com,"House 48, Block A, Ghaziabad Residency, Sector 7",,201001,Ghaziabad,Uttar Pradesh,DENIM-WIDE-30,Wide Fit Denim,1,1800,COD,Delhivery,Shopify,Google Brand Search,Google,paid,Google Brand Search,GOO-1050,57,first_time,Delivered,,0,Delivered
FAS-24932,DT987650931,2026-04-02T11:30:00.000Z,Diya Verma,9700000231,customer932@example.com,"House 49, Block B, Patna Residency, Sector 8",Near main market,800001,Patna,Bihar,KURTI-BLU-M,Blue Printed Kurti,1,1350,COD,DTDC,WhatsApp,WhatsApp Repeat Buyers,WhatsApp,crm,WhatsApp Repeat Buyers,WHA-1051,43,first_time,Delivered,,0,Delivered
FAS-24933,SH987650932,2026-04-03T12:30:00.000Z,Kabir Khan,9700000232,customer933@example.com,"House 50, Block C, Bengaluru Residency, Sector 9",Near main market,560095,Bengaluru,Karnataka,DRESS-RED-S,Red Summer Dress,1,2350,COD,Shadowfax,Meta,Meta COD Scale,Meta,paid,Meta COD Scale,MET-1052,57,repeat_delivered,RTO,Incorrect address,2,RTO
FAS-24934,DT987650933,2026-04-04T13:30:00.000Z,Ananya Iyer,9700000233,customer934@example.com,"House 51, Block D, Ahmedabad Residency, Sector 10",Near main market,380015,Ahmedabad,Gujarat,TSH-BLK-L,Oversized Black Tee,1,850,Prepaid,DTDC,Instagram,Influencer Drop,Instagram,paid,Influencer Drop,INS-1053,45,first_time,Delivered,,0,Delivered
FAS-24935,BL987650934,2026-04-05T14:30:00.000Z,Riya Patel,9700000234,customer935@example.com,"House 52, Block E, Jaipur Residency, Sector 11",Near main market,302001,Jaipur,Rajasthan,COORD-GRN-M,Green Co-ord Set,1,2450,COD,Bluedart,Shopify,Google Brand Search,Google,paid,Google Brand Search,GOO-1054,56,first_time,RTO,Door locked,2,RTO
FAS-24936,BL987650935,2026-04-06T15:30:00.000Z,Vivaan Rao,9700000235,customer936@example.com,"House 53, Block F, Pune Residency, Sector 12",,411045,Pune,Maharashtra,DENIM-WIDE-30,Wide Fit Denim,1,1850,Prepaid,Bluedart,WhatsApp,WhatsApp Repeat Buyers,WhatsApp,crm,WhatsApp Repeat Buyers,WHA-1055,57,first_time,RTO,Customer refused delivery,3,RTO
FAS-24937,SH987650936,2026-04-07T04:30:00.000Z,Meera Singh,9700000236,customer937@example.com,"House 54, Block A, Kolkata Residency, Sector 1",Near main market,700016,Kolkata,West Bengal,KURTI-BLU-M,Blue Printed Kurti,1,1250,Prepaid,Shiprocket,Meta,Meta COD Scale,Meta,paid,Meta COD Scale,MET-1056,41,repeat_delivered,RTO,Cash not ready,2,RTO
FAS-24938,XP987650937,2026-04-08T05:30:00.000Z,Ishaan Gupta,9700000237,customer938@example.com,"House 55, Block B, Lucknow Residency, Sector 2",Near main market,226010,Lucknow,Uttar Pradesh,DRESS-RED-S,Red Summer Dress,1,2300,COD,Xpressbees,Instagram,Influencer Drop,Instagram,paid,Influencer Drop,INS-1057,39,first_time,Delivered,,0,Delivered
FAS-24939,EK987650938,2026-04-09T06:30:00.000Z,Sara Ali,9700000238,customer939@example.com,"House 56, Block C, Indore Residency, Sector 3",Near main market,452010,Indore,Madhya Pradesh,TSH-BLK-L,Oversized Black Tee,1,800,COD,Ekart,Shopify,Google Brand Search,Google,paid,Google Brand Search,GOO-1058,53,first_time,Delivered,,0,Delivered
FAS-24940,EK987650939,2026-04-10T07:30:00.000Z,Nisha Nair,9700000239,customer940@example.com,Near temple main road Patna,,800001,Patna,Bihar,COORD-GRN-M,Green Co-ord Set,1,2150,COD,Ekart,WhatsApp,WhatsApp Repeat Buyers,WhatsApp,crm,WhatsApp Repeat Buyers,WHA-1059,41,first_time,Undelivered,Incorrect address,2,In NDR
FAS-24941,EK987650940,2026-04-11T08:30:00.000Z,Aarav Sharma,9700000240,customer941@example.com,"House 58, Block E, Hyderabad Residency, Sector 5",,500081,Hyderabad,Telangana,DENIM-WIDE-30,Wide Fit Denim,1,2050,COD,Ekart,Meta,Meta COD Scale,Meta,paid,Meta COD Scale,MET-1060,48,repeat_delivered,Undelivered,No response on phone,1,In NDR
FAS-24942,XP987650941,2026-04-12T09:30:00.000Z,Diya Verma,9700000241,customer942@example.com,"House 59, Block F, Mumbai Residency, Sector 6",Near main market,400053,Mumbai,Maharashtra,KURTI-BLU-M,Blue Printed Kurti,1,1400,COD,Xpressbees,Instagram,Influencer Drop,Instagram,paid,Influencer Drop,INS-1061,48,first_time,Delivered,,0,Delivered
FAS-24943,DE987650942,2026-04-13T10:30:00.000Z,Kabir Khan,9700000242,customer943@example.com,"House 60, Block A, Chennai Residency, Sector 7",Near main market,600042,Chennai,Tamil Nadu,DRESS-RED-S,Red Summer Dress,1,2600,COD,Delhivery,Shopify,Google Brand Search,Google,paid,Google Brand Search,GOO-1062,43,first_time,Delivered,,0,Delivered
FAS-24944,SH987650943,2026-04-14T11:30:00.000Z,Ananya Iyer,9700000243,customer944@example.com,Near temple main road Patna,,800001,Patna,Bihar,TSH-BLK-L,Oversized Black Tee,1,850,COD,Shadowfax,WhatsApp,WhatsApp Repeat Buyers,WhatsApp,crm,WhatsApp Repeat Buyers,WHA-1063,51,first_time,Delivered,,0,Delivered
FAS-24945,BL987650944,2026-04-15T12:30:00.000Z,Riya Patel,9700000244,customer945@example.com,"House 62, Block C, Patna Residency, Sector 9",Near main market,800001,Patna,Bihar,COORD-GRN-M,Green Co-ord Set,1,2400,COD,Bluedart,Meta,Meta COD Scale,Meta,paid,Meta COD Scale,MET-1064,47,repeat_delivered,Undelivered,Customer requested future delivery,1,In NDR
FAS-24946,SH987650945,2026-04-16T13:30:00.000Z,Vivaan Rao,9700000245,customer946@example.com,"House 63, Block D, Ghaziabad Residency, Sector 10",,201001,Ghaziabad,Uttar Pradesh,DENIM-WIDE-30,Wide Fit Denim,1,1950,COD,Shiprocket,Instagram,Influencer Drop,Instagram,paid,Influencer Drop,INS-1065,48,first_time,Undelivered,Customer not available,2,In NDR
FAS-24947,DT987650946,2026-04-17T14:30:00.000Z,Meera Singh,9700000246,customer947@example.com,"House 64, Block E, Lucknow Residency, Sector 11",Near main market,226010,Lucknow,Uttar Pradesh,KURTI-BLU-M,Blue Printed Kurti,1,1200,Prepaid,DTDC,Shopify,Google Brand Search,Google,paid,Google Brand Search,GOO-1066,42,first_time,Undelivered,Incorrect address,1,In NDR
FAS-24948,XP987650947,2026-04-18T15:30:00.000Z,Ishaan Gupta,9700000247,customer948@example.com,"House 65, Block F, Bengaluru Residency, Sector 12",Near main market,560095,Bengaluru,Karnataka,DRESS-RED-S,Red Summer Dress,1,2600,COD,Xpressbees,WhatsApp,WhatsApp Repeat Buyers,WhatsApp,crm,WhatsApp Repeat Buyers,WHA-1067,55,first_time,RTO,No response on phone,3,RTO
FAS-24949,DE987650948,2026-04-19T04:30:00.000Z,Sara Ali,9700000248,customer949@example.com,"House 66, Block A, Ahmedabad Residency, Sector 1",Near main market,380015,Ahmedabad,Gujarat,TSH-BLK-L,Oversized Black Tee,1,750,Prepaid,Delhivery,Meta,Meta COD Scale,Meta,paid,Meta COD Scale,MET-1068,58,repeat_delivered,Undelivered,Door locked,1,In NDR
FAS-24950,DE987650949,2026-04-20T05:30:00.000Z,Nisha Nair,9700000249,customer950@example.com,Near temple main road Ghaziabad,,201001,Ghaziabad,Uttar Pradesh,COORD-GRN-M,Green Co-ord Set,1,2150,COD,Delhivery,Instagram,Influencer Drop,Instagram,paid,Influencer Drop,INS-1069,40,first_time,Cancelled,,0,Cancelled before shipping
FAS-24951,DT987650950,2026-04-21T06:30:00.000Z,Aarav Sharma,9700000250,customer951@example.com,"House 68, Block C, Lucknow Residency, Sector 3",,226010,Lucknow,Uttar Pradesh,DENIM-WIDE-30,Wide Fit Denim,1,1750,Prepaid,DTDC,Shopify,Google Brand Search,Google,paid,Google Brand Search,GOO-1070,39,first_time,RTO,Cash not ready,2,RTO
FAS-24952,DT987650951,2026-04-22T07:30:00.000Z,Diya Verma,9700000251,customer952@example.com,"House 69, Block D, Kolkata Residency, Sector 4",Near main market,700016,Kolkata,West Bengal,KURTI-BLU-M,Blue Printed Kurti,1,1400,COD,DTDC,WhatsApp,WhatsApp Repeat Buyers,WhatsApp,crm,WhatsApp Repeat Buyers,WHA-1071,38,first_time,Undelivered,Customer requested future delivery,2,In NDR
FAS-24953,DT987650952,2026-04-23T08:30:00.000Z,Kabir Khan,9700000252,customer953@example.com,"House 70, Block E, Lucknow Residency, Sector 5",Near main market,226010,Lucknow,Uttar Pradesh,DRESS-RED-S,Red Summer Dress,1,2600,Prepaid,DTDC,Meta,Meta COD Scale,Meta,paid,Meta COD Scale,MET-1072,42,repeat_delivered,Undelivered,Customer not available,1,In NDR
FAS-24954,DE987650953,2026-04-24T09:30:00.000Z,Ananya Iyer,9700000253,customer954@example.com,"House 71, Block F, Ghaziabad Residency, Sector 6",Near main market,201001,Ghaziabad,Uttar Pradesh,TSH-BLK-L,Oversized Black Tee,1,750,Prepaid,Delhivery,Instagram,Influencer Drop,Instagram,paid,Influencer Drop,INS-1073,43,first_time,RTO,Incorrect address,3,RTO
FAS-24955,EK987650954,2026-04-25T10:30:00.000Z,Riya Patel,9700000254,customer955@example.com,"House 72, Block A, Surat Residency, Sector 7",Near main market,395007,Surat,Gujarat,COORD-GRN-M,Green Co-ord Set,1,2150,COD,Ekart,Shopify,Google Brand Search,Google,paid,Google Brand Search,GOO-1074,50,first_time,Undelivered,No response on phone,1,In NDR
FAS-24956,DE987650955,2026-04-26T11:30:00.000Z,Vivaan Rao,9700000255,customer956@example.com,"House 73, Block B, Hyderabad Residency, Sector 8",,500081,Hyderabad,Telangana,DENIM-WIDE-30,Wide Fit Denim,1,1950,COD,Delhivery,WhatsApp,WhatsApp Repeat Buyers,WhatsApp,crm,WhatsApp Repeat Buyers,WHA-1075,49,first_time,Delivered,,0,Delivered
FAS-24957,BL987650956,2026-04-27T12:30:00.000Z,Meera Singh,9700000256,customer957@example.com,"House 74, Block C, Mumbai Residency, Sector 9",Near main market,400053,Mumbai,Maharashtra,KURTI-BLU-M,Blue Printed Kurti,1,1400,Prepaid,Bluedart,Meta,Meta COD Scale,Meta,paid,Meta COD Scale,MET-1076,40,repeat_delivered,Undelivered,Customer refused delivery,1,In NDR
FAS-24958,EK987650957,2026-04-28T13:30:00.000Z,Ishaan Gupta,9700000257,customer958@example.com,Near temple main road Ghaziabad,,201001,Ghaziabad,Uttar Pradesh,DRESS-RED-S,Red Summer Dress,2,2400,Prepaid,Ekart,Instagram,Influencer Drop,Instagram,paid,Influencer Drop,INS-1077,43,first_time,Undelivered,Cash not ready,2,In NDR
FAS-24959,BL987650958,2026-04-29T14:30:00.000Z,Sara Ali,9700000258,customer959@example.com,"House 76, Block E, Bhubaneswar Residency, Sector 11",Near main market,751024,Bhubaneswar,Odisha,TSH-BLK-L,Oversized Black Tee,1,800,COD,Bluedart,Shopify,Google Brand Search,Google,paid,Google Brand Search,GOO-1078,55,first_time,Delivered,,0,Delivered
FAS-24960,DE987650959,2026-04-30T15:30:00.000Z,Nisha Nair,9700000259,customer960@example.com,"House 77, Block F, Patna Residency, Sector 12",Near main market,800001,Patna,Bihar,COORD-GRN-M,Green Co-ord Set,1,2100,COD,Delhivery,WhatsApp,WhatsApp Repeat Buyers,WhatsApp,crm,WhatsApp Repeat Buyers,WHA-1079,44,first_time,RTO,Customer not available,3,RTO
FAS-24961,SH987650960,2026-04-01T04:30:00.000Z,Aarav Sharma,9700000260,customer961@example.com,"House 78, Block A, Ghaziabad Residency, Sector 1",,201001,Ghaziabad,Uttar Pradesh,DENIM-WIDE-30,Wide Fit Denim,1,2000,Prepaid,Shiprocket,Meta,Meta COD Scale,Meta,paid,Meta COD Scale,MET-1000,50,repeat_delivered,RTO,Incorrect address,2,RTO
FAS-24962,SH987650961,2026-04-02T05:30:00.000Z,Diya Verma,9700000261,customer962@example.com,"House 79, Block B, Delhi Residency, Sector 2",Near main market,110024,Delhi,Delhi,KURTI-BLU-M,Blue Printed Kurti,1,1350,COD,Shadowfax,Instagram,Influencer Drop,Instagram,paid,Influencer Drop,INS-1001,48,first_time,RTO,No response on phone,3,RTO
FAS-24963,EK987650962,2026-04-03T06:30:00.000Z,Kabir Khan,9700000262,customer963@example.com,"House 80, Block C, Bengaluru Residency, Sector 3",Near main market,560095,Bengaluru,Karnataka,DRESS-RED-S,Red Summer Dress,1,2500,Prepaid,Ekart,Shopify,Google Brand Search,Google,paid,Google Brand Search,GOO-1002,40,first_time,Delivered,,0,Delivered
FAS-24964,BL987650963,2026-04-04T07:30:00.000Z,Ananya Iyer,9700000263,customer964@example.com,"House 81, Block D, Ahmedabad Residency, Sector 4",Near main market,380015,Ahmedabad,Gujarat,TSH-BLK-L,Oversized Black Tee,1,800,Prepaid,Bluedart,WhatsApp,WhatsApp Repeat Buyers,WhatsApp,crm,WhatsApp Repeat Buyers,WHA-1003,55,first_time,Delivered,,0,Delivered
FAS-24965,BL987650964,2026-04-05T08:30:00.000Z,Riya Patel,9700000264,customer965@example.com,"House 82, Block E, Jaipur Residency, Sector 5",Near main market,302001,Jaipur,Rajasthan,COORD-GRN-M,Green Co-ord Set,1,2300,Prepaid,Bluedart,Meta,Meta COD Scale,Meta,paid,Meta COD Scale,MET-1004,42,repeat_delivered,RTO,Cash not ready,2,RTO
FAS-24966,SH987650965,2026-04-06T09:30:00.000Z,Vivaan Rao,9700000265,customer966@example.com,"House 83, Block F, Ghaziabad Residency, Sector 6",,201001,Ghaziabad,Uttar Pradesh,DENIM-WIDE-30,Wide Fit Denim,1,1800,COD,Shadowfax,Instagram,Influencer Drop,Instagram,paid,Influencer Drop,INS-1005,53,first_time,Undelivered,Customer requested future delivery,2,In NDR
FAS-24967,DT987650966,2026-04-07T10:30:00.000Z,Meera Singh,9700000266,customer967@example.com,"House 84, Block A, Lucknow Residency, Sector 7",Near main market,226010,Lucknow,Uttar Pradesh,KURTI-BLU-M,Blue Printed Kurti,1,1300,Prepaid,DTDC,Shopify,Google Brand Search,Google,paid,Google Brand Search,GOO-1006,38,first_time,Delivered,,0,Delivered
FAS-24968,BL987650967,2026-04-08T11:30:00.000Z,Ishaan Gupta,9700000267,customer968@example.com,Near temple main road Patna,,800001,Patna,Bihar,DRESS-RED-S,Red Summer Dress,1,2550,Prepaid,Bluedart,WhatsApp,WhatsApp Repeat Buyers,WhatsApp,crm,WhatsApp Repeat Buyers,WHA-1007,56,first_time,Delivered,,0,Delivered
FAS-24969,BL987650968,2026-04-09T12:30:00.000Z,Sara Ali,9700000268,customer969@example.com,"House 86, Block C, Surat Residency, Sector 9",Near main market,395007,Surat,Gujarat,TSH-BLK-L,Oversized Black Tee,1,800,Prepaid,Bluedart,Meta,Meta COD Scale,Meta,paid,Meta COD Scale,MET-1008,39,repeat_delivered,Undelivered,No response on phone,1,In NDR
FAS-24970,DE987650969,2026-04-10T13:30:00.000Z,Nisha Nair,9700000269,customer970@example.com,"House 87, Block D, Surat Residency, Sector 10",Near main market,395007,Surat,Gujarat,COORD-GRN-M,Green Co-ord Set,1,2400,Prepaid,Delhivery,Instagram,Influencer Drop,Instagram,paid,Influencer Drop,INS-1009,55,first_time,Delivered,,0,Delivered
FAS-24971,SH987650970,2026-04-11T14:30:00.000Z,Aarav Sharma,9700000270,customer971@example.com,"House 88, Block E, Hyderabad Residency, Sector 11",,500081,Hyderabad,Telangana,DENIM-WIDE-30,Wide Fit Denim,1,1950,COD,Shiprocket,Shopify,Google Brand Search,Google,paid,Google Brand Search,GOO-1010,52,first_time,RTO,Customer refused delivery,2,RTO
FAS-24972,XP987650971,2026-04-12T15:30:00.000Z,Diya Verma,9700000271,customer972@example.com,"House 89, Block F, Mumbai Residency, Sector 12",Near main market,400053,Mumbai,Maharashtra,KURTI-BLU-M,Blue Printed Kurti,1,1350,COD,Xpressbees,WhatsApp,WhatsApp Repeat Buyers,WhatsApp,crm,WhatsApp Repeat Buyers,WHA-1011,48,first_time,Delivered,,0,Delivered
FAS-24973,EK987650972,2026-04-13T04:30:00.000Z,Kabir Khan,9700000272,customer973@example.com,"House 90, Block A, Surat Residency, Sector 1",Near main market,395007,Surat,Gujarat,DRESS-RED-S,Red Summer Dress,1,2550,COD,Ekart,Meta,Meta COD Scale,Meta,paid,Meta COD Scale,MET-1012,44,repeat_delivered,RTO,Customer requested future delivery,2,RTO
FAS-24974,DT987650973,2026-04-14T05:30:00.000Z,Ananya Iyer,9700000273,customer974@example.com,"House 91, Block B, Bhubaneswar Residency, Sector 2",Near main market,751024,Bhubaneswar,Odisha,TSH-BLK-L,Oversized Black Tee,1,850,Prepaid,DTDC,Instagram,Influencer Drop,Instagram,paid,Influencer Drop,INS-1013,53,first_time,RTO,Customer not available,3,RTO
FAS-24975,EK987650974,2026-04-15T06:30:00.000Z,Riya Patel,9700000274,customer975@example.com,"House 92, Block C, Patna Residency, Sector 3",Near main market,800001,Patna,Bihar,COORD-GRN-M,Green Co-ord Set,1,2500,COD,Ekart,Shopify,Google Brand Search,Google,paid,Google Brand Search,GOO-1014,39,first_time,Delivered,,0,Delivered
FAS-24976,SH987650975,2026-04-16T07:30:00.000Z,Vivaan Rao,9700000275,customer976@example.com,"House 93, Block D, Ghaziabad Residency, Sector 4",,201001,Ghaziabad,Uttar Pradesh,DENIM-WIDE-30,Wide Fit Denim,1,2050,COD,Shiprocket,WhatsApp,WhatsApp Repeat Buyers,WhatsApp,crm,WhatsApp Repeat Buyers,WHA-1015,57,first_time,Undelivered,No response on phone,2,In NDR
FAS-24977,SH987650976,2026-04-17T08:30:00.000Z,Meera Singh,9700000276,customer977@example.com,"House 94, Block E, Surat Residency, Sector 5",Near main market,395007,Surat,Gujarat,KURTI-BLU-M,Blue Printed Kurti,1,1350,COD,Shiprocket,Meta,Meta COD Scale,Meta,paid,Meta COD Scale,MET-1016,50,repeat_delivered,RTO,Door locked,2,RTO
FAS-24978,SH987650977,2026-04-18T09:30:00.000Z,Ishaan Gupta,9700000277,customer978@example.com,"House 95, Block F, Ghaziabad Residency, Sector 6",Near main market,201001,Ghaziabad,Uttar Pradesh,DRESS-RED-S,Red Summer Dress,1,2400,COD,Shiprocket,Instagram,Influencer Drop,Instagram,paid,Influencer Drop,INS-1017,49,first_time,RTO,Customer refused delivery,3,RTO
FAS-24979,BL987650978,2026-04-19T10:30:00.000Z,Sara Ali,9700000278,customer979@example.com,"House 96, Block A, Lucknow Residency, Sector 7",Near main market,226010,Lucknow,Uttar Pradesh,TSH-BLK-L,Oversized Black Tee,1,850,Prepaid,Bluedart,Shopify,Google Brand Search,Google,paid,Google Brand Search,GOO-1018,51,first_time,Undelivered,Cash not ready,1,In NDR
FAS-24980,BL987650979,2026-04-20T11:30:00.000Z,Nisha Nair,9700000279,customer980@example.com,"House 97, Block B, Jaipur Residency, Sector 8",Near main market,302001,Jaipur,Rajasthan,COORD-GRN-M,Green Co-ord Set,1,2350,COD,Bluedart,WhatsApp,WhatsApp Repeat Buyers,WhatsApp,crm,WhatsApp Repeat Buyers,WHA-1019,46,first_time,RTO,Customer requested future delivery,3,RTO
FAS-24981,EK987650980,2026-04-21T12:30:00.000Z,Aarav Sharma,9700000280,customer981@example.com,"House 98, Block C, Pune Residency, Sector 9",,411045,Pune,Maharashtra,DENIM-WIDE-30,Wide Fit Denim,1,2050,COD,Ekart,Meta,Meta COD Scale,Meta,paid,Meta COD Scale,MET-1020,39,repeat_delivered,RTO,Customer not available,2,RTO
FAS-24982,EK987650981,2026-04-22T13:30:00.000Z,Diya Verma,9700000281,customer982@example.com,"House 99, Block D, Ghaziabad Residency, Sector 10",Near main market,201001,Ghaziabad,Uttar Pradesh,KURTI-BLU-M,Blue Printed Kurti,1,1400,COD,Ekart,Instagram,Influencer Drop,Instagram,paid,Influencer Drop,INS-1021,53,first_time,Undelivered,Incorrect address,2,In NDR
FAS-24983,SH987650982,2026-04-23T14:30:00.000Z,Kabir Khan,9700000282,customer983@example.com,"House 100, Block E, Lucknow Residency, Sector 11",Near main market,226010,Lucknow,Uttar Pradesh,DRESS-RED-S,Red Summer Dress,1,2500,COD,Shiprocket,Shopify,Google Brand Search,Google,paid,Google Brand Search,GOO-1022,42,first_time,RTO,No response on phone,2,RTO
FAS-24984,EK987650983,2026-04-24T15:30:00.000Z,Ananya Iyer,9700000283,customer984@example.com,"House 101, Block F, Indore Residency, Sector 12",Near main market,452010,Indore,Madhya Pradesh,TSH-BLK-L,Oversized Black Tee,1,800,Prepaid,Ekart,WhatsApp,WhatsApp Repeat Buyers,WhatsApp,crm,WhatsApp Repeat Buyers,WHA-1023,41,first_time,Delivered,,0,Delivered
FAS-24985,DT987650984,2026-04-25T04:30:00.000Z,Riya Patel,9700000284,customer985@example.com,"House 102, Block A, Surat Residency, Sector 1",Near main market,395007,Surat,Gujarat,COORD-GRN-M,Green Co-ord Set,1,2150,COD,DTDC,Meta,Meta COD Scale,Meta,paid,Meta COD Scale,MET-1024,41,repeat_delivered,Undelivered,Customer refused delivery,1,In NDR
FAS-24986,SH987650985,2026-04-26T05:30:00.000Z,Vivaan Rao,9700000285,customer986@example.com,Near temple main road Ghaziabad,,201001,Ghaziabad,Uttar Pradesh,DENIM-WIDE-30,Wide Fit Denim,1,1800,Prepaid,Shadowfax,Instagram,Influencer Drop,Instagram,paid,Influencer Drop,INS-1025,43,first_time,RTO,Cash not ready,3,RTO
FAS-24987,SH987650986,2026-04-27T06:30:00.000Z,Meera Singh,9700000286,customer987@example.com,Near temple main road Lucknow,,226010,Lucknow,Uttar Pradesh,KURTI-BLU-M,Blue Printed Kurti,2,1250,COD,Shadowfax,Shopify,Google Brand Search,Google,paid,Google Brand Search,GOO-1026,55,first_time,Delivered,,0,Delivered
FAS-24988,DE987650987,2026-04-28T07:30:00.000Z,Ishaan Gupta,9700000287,customer988@example.com,"House 105, Block D, Chennai Residency, Sector 4",Near main market,600042,Chennai,Tamil Nadu,DRESS-RED-S,Red Summer Dress,1,2600,Prepaid,Delhivery,WhatsApp,WhatsApp Repeat Buyers,WhatsApp,crm,WhatsApp Repeat Buyers,WHA-1027,42,first_time,Delivered,,0,Delivered
FAS-24989,SH987650988,2026-04-29T08:30:00.000Z,Sara Ali,9700000288,customer989@example.com,"House 106, Block E, Bhubaneswar Residency, Sector 5",Near main market,751024,Bhubaneswar,Odisha,TSH-BLK-L,Oversized Black Tee,1,800,COD,Shadowfax,Meta,Meta COD Scale,Meta,paid,Meta COD Scale,MET-1028,45,repeat_delivered,Delivered,,0,Delivered
FAS-24990,BL987650989,2026-04-30T09:30:00.000Z,Nisha Nair,9700000289,customer990@example.com,"House 107, Block F, Ghaziabad Residency, Sector 6",Near main market,201001,Ghaziabad,Uttar Pradesh,COORD-GRN-M,Green Co-ord Set,1,2450,COD,Bluedart,Instagram,Influencer Drop,Instagram,paid,Influencer Drop,INS-1029,43,first_time,Undelivered,No response on phone,2,In NDR
FAS-24991,XP987650990,2026-04-01T10:30:00.000Z,Aarav Sharma,9700000290,customer991@example.com,"House 18, Block A, Ghaziabad Residency, Sector 7",,201001,Ghaziabad,Uttar Pradesh,DENIM-WIDE-30,Wide Fit Denim,1,2000,COD,Xpressbees,Shopify,Google Brand Search,Google,paid,Google Brand Search,GOO-1030,53,first_time,RTO,Door locked,2,RTO
FAS-24992,DT987650991,2026-04-02T11:30:00.000Z,Diya Verma,9700000291,customer992@example.com,"House 19, Block B, Patna Residency, Sector 8",Near main market,800001,Patna,Bihar,KURTI-BLU-M,Blue Printed Kurti,1,1250,Prepaid,DTDC,WhatsApp,WhatsApp Repeat Buyers,WhatsApp,crm,WhatsApp Repeat Buyers,WHA-1031,55,first_time,RTO,Customer refused delivery,3,RTO
FAS-24993,DE987650992,2026-04-03T12:30:00.000Z,Kabir Khan,9700000292,customer993@example.com,"House 20, Block C, Bengaluru Residency, Sector 9",Near main market,560095,Bengaluru,Karnataka,DRESS-RED-S,Red Summer Dress,1,2700,COD,Delhivery,Meta,Meta COD Scale,Meta,paid,Meta COD Scale,MET-1032,52,repeat_delivered,RTO,Cash not ready,2,RTO
FAS-24994,SH987650993,2026-04-04T13:30:00.000Z,Ananya Iyer,9700000293,customer994@example.com,Near temple main road Ghaziabad,,201001,Ghaziabad,Uttar Pradesh,TSH-BLK-L,Oversized Black Tee,1,750,COD,Shadowfax,Instagram,Influencer Drop,Instagram,paid,Influencer Drop,INS-1033,43,first_time,Undelivered,Customer requested future delivery,2,In NDR
FAS-24995,SH987650994,2026-04-05T14:30:00.000Z,Riya Patel,9700000294,customer995@example.com,"House 22, Block E, Jaipur Residency, Sector 11",Near main market,302001,Jaipur,Rajasthan,COORD-GRN-M,Green Co-ord Set,1,2500,COD,Shiprocket,Shopify,Google Brand Search,Google,paid,Google Brand Search,GOO-1034,40,first_time,RTO,Customer not available,2,RTO
FAS-24996,EK987650995,2026-04-06T15:30:00.000Z,Vivaan Rao,9700000295,customer996@example.com,Near temple main road Patna,,800001,Patna,Bihar,DENIM-WIDE-30,Wide Fit Denim,1,1900,COD,Ekart,WhatsApp,WhatsApp Repeat Buyers,WhatsApp,crm,WhatsApp Repeat Buyers,WHA-1035,49,first_time,RTO,Incorrect address,3,RTO
FAS-24997,BL987650996,2026-04-07T04:30:00.000Z,Meera Singh,9700000296,customer997@example.com,"House 24, Block A, Kolkata Residency, Sector 1",Near main market,700016,Kolkata,West Bengal,KURTI-BLU-M,Blue Printed Kurti,1,1300,Prepaid,Bluedart,Meta,Meta COD Scale,Meta,paid,Meta COD Scale,MET-1036,39,repeat_delivered,Delivered,,0,Delivered
FAS-24998,DT987650997,2026-04-08T05:30:00.000Z,Ishaan Gupta,9700000297,customer998@example.com,"House 25, Block B, Ghaziabad Residency, Sector 2",Near main market,201001,Ghaziabad,Uttar Pradesh,DRESS-RED-S,Red Summer Dress,1,2500,COD,DTDC,Instagram,Influencer Drop,Instagram,paid,Influencer Drop,INS-1037,43,first_time,RTO,Door locked,3,RTO
FAS-24999,EK987650998,2026-04-09T06:30:00.000Z,Sara Ali,9700000298,customer999@example.com,"House 26, Block C, Indore Residency, Sector 3",Near main market,452010,Indore,Madhya Pradesh,TSH-BLK-L,Oversized Black Tee,1,850,Prepaid,Ekart,Shopify,Google Brand Search,Google,paid,Google Brand Search,GOO-1038,54,first_time,Delivered,,0,Delivered
FAS-25000,SH987650999,2026-04-10T07:30:00.000Z,Nisha Nair,9700000299,customer1000@example.com,"House 27, Block D, Surat Residency, Sector 4",Near main market,395007,Surat,Gujarat,COORD-GRN-M,Green Co-ord Set,1,2250,Prepaid,Shadowfax,WhatsApp,WhatsApp Repeat Buyers,WhatsApp,crm,WhatsApp Repeat Buyers,WHA-1039,44,first_time,Delivered,,0,Delivered
FAS-25001,SH987651000,2026-04-11T08:30:00.000Z,Aarav Sharma,9700000300,customer1001@example.com,Near temple main road Surat,,395007,Surat,Gujarat,DENIM-WIDE-30,Wide Fit Denim,1,1800,COD,Shiprocket,Meta,Meta COD Scale,Meta,paid,Meta COD Scale,MET-1040,44,repeat_delivered,RTO,Customer requested future delivery,2,RTO
FAS-25002,BL987651001,2026-04-12T09:30:00.000Z,Diya Verma,9700000301,customer1002@example.com,"House 29, Block F, Mumbai Residency, Sector 6",Near main market,400053,Mumbai,Maharashtra,KURTI-BLU-M,Blue Printed Kurti,1,1200,COD,Bluedart,Instagram,Influencer Drop,Instagram,paid,Influencer Drop,INS-1041,47,first_time,Undelivered,Customer not available,2,In NDR
FAS-25003,EK987651002,2026-04-13T10:30:00.000Z,Kabir Khan,9700000302,customer1003@example.com,"House 30, Block A, Chennai Residency, Sector 7",Near main market,600042,Chennai,Tamil Nadu,DRESS-RED-S,Red Summer Dress,1,2550,Prepaid,Ekart,Shopify,Google Brand Search,Google,paid,Google Brand Search,GOO-1042,56,first_time,RTO,Incorrect address,2,RTO
FAS-25004,BL987651003,2026-04-14T11:30:00.000Z,Ananya Iyer,9700000303,customer1004@example.com,Near temple main road Patna,,800001,Patna,Bihar,TSH-BLK-L,Oversized Black Tee,1,800,COD,Bluedart,WhatsApp,WhatsApp Repeat Buyers,WhatsApp,crm,WhatsApp Repeat Buyers,WHA-1043,41,first_time,RTO,No response on phone,3,RTO
FAS-25005,BL987651004,2026-04-15T12:30:00.000Z,Riya Patel,9700000304,customer1005@example.com,"House 32, Block C, Patna Residency, Sector 9",Near main market,800001,Patna,Bihar,COORD-GRN-M,Green Co-ord Set,1,2400,Prepaid,Bluedart,Meta,Meta COD Scale,Meta,paid,Meta COD Scale,MET-1044,57,repeat_delivered,RTO,Door locked,2,RTO
FAS-25006,SH987651005,2026-04-16T13:30:00.000Z,Vivaan Rao,9700000305,customer1006@example.com,"House 33, Block D, Ghaziabad Residency, Sector 10",,201001,Ghaziabad,Uttar Pradesh,DENIM-WIDE-30,Wide Fit Denim,1,1850,Prepaid,Shiprocket,Instagram,Influencer Drop,Instagram,paid,Influencer Drop,INS-1045,49,first_time,Delivered,,0,Delivered
FAS-25007,XP987651006,2026-04-17T14:30:00.000Z,Meera Singh,9700000306,customer1007@example.com,"House 34, Block E, Delhi Residency, Sector 11",Near main market,110024,Delhi,Delhi,KURTI-BLU-M,Blue Printed Kurti,1,1250,Prepaid,Xpressbees,Shopify,Google Brand Search,Google,paid,Google Brand Search,GOO-1046,58,first_time,Delivered,,0,Delivered
FAS-25008,SH987651007,2026-04-18T15:30:00.000Z,Ishaan Gupta,9700000307,customer1008@example.com,"House 35, Block F, Bengaluru Residency, Sector 12",Near main market,560095,Bengaluru,Karnataka,DRESS-RED-S,Red Summer Dress,1,2400,COD,Shiprocket,WhatsApp,WhatsApp Repeat Buyers,WhatsApp,crm,WhatsApp Repeat Buyers,WHA-1047,49,first_time,RTO,Customer requested future delivery,3,RTO
FAS-25009,DT987651008,2026-04-19T04:30:00.000Z,Sara Ali,9700000308,customer1009@example.com,"House 36, Block A, Ahmedabad Residency, Sector 1",Near main market,380015,Ahmedabad,Gujarat,TSH-BLK-L,Oversized Black Tee,1,800,Prepaid,DTDC,Meta,Meta COD Scale,Meta,paid,Meta COD Scale,MET-1048,43,repeat_delivered,RTO,Customer not available,2,RTO
FAS-25010,EK987651009,2026-04-20T05:30:00.000Z,Nisha Nair,9700000309,customer1010@example.com,"House 37, Block B, Jaipur Residency, Sector 2",Near main market,302001,Jaipur,Rajasthan,COORD-GRN-M,Green Co-ord Set,1,2350,COD,Ekart,Instagram,Influencer Drop,Instagram,paid,Influencer Drop,INS-1049,47,first_time,RTO,Incorrect address,3,RTO
FAS-25011,DE987651010,2026-04-21T06:30:00.000Z,Aarav Sharma,9700000310,customer1011@example.com,"House 38, Block C, Pune Residency, Sector 3",,411045,Pune,Maharashtra,DENIM-WIDE-30,Wide Fit Denim,1,1900,Prepaid,Delhivery,Shopify,Google Brand Search,Google,paid,Google Brand Search,GOO-1050,38,first_time,Delivered,,0,Delivered
FAS-25012,XP987651011,2026-04-22T07:30:00.000Z,Diya Verma,9700000311,customer1012@example.com,"House 39, Block D, Kolkata Residency, Sector 4",Near main market,700016,Kolkata,West Bengal,KURTI-BLU-M,Blue Printed Kurti,1,1300,Prepaid,Xpressbees,WhatsApp,WhatsApp Repeat Buyers,WhatsApp,crm,WhatsApp Repeat Buyers,WHA-1051,44,first_time,Delivered,,0,Delivered
FAS-25013,EK987651012,2026-04-23T08:30:00.000Z,Kabir Khan,9700000312,customer1013@example.com,"House 40, Block E, Lucknow Residency, Sector 5",Near main market,226010,Lucknow,Uttar Pradesh,DRESS-RED-S,Red Summer Dress,1,2650,COD,Ekart,Meta,Meta COD Scale,Meta,paid,Meta COD Scale,MET-1052,56,repeat_delivered,RTO,Customer refused delivery,2,RTO
FAS-25014,SH987651013,2026-04-24T09:30:00.000Z,Ananya Iyer,9700000313,customer1014@example.com,"House 41, Block F, Indore Residency, Sector 6",Near main market,452010,Indore,Madhya Pradesh,TSH-BLK-L,Oversized Black Tee,1,850,COD,Shadowfax,Instagram,Influencer Drop,Instagram,paid,Influencer Drop,INS-1053,52,first_time,Delivered,,0,Delivered
FAS-25015,SH987651014,2026-04-25T10:30:00.000Z,Riya Patel,9700000314,customer1015@example.com,Near temple main road Lucknow,,226010,Lucknow,Uttar Pradesh,COORD-GRN-M,Green Co-ord Set,1,2300,COD,Shiprocket,Shopify,Google Brand Search,Google,paid,Google Brand Search,GOO-1054,48,first_time,RTO,Customer requested future delivery,2,RTO
FAS-25016,EK987651015,2026-04-26T11:30:00.000Z,Vivaan Rao,9700000315,customer1016@example.com,Near temple main road Patna,,800001,Patna,Bihar,DENIM-WIDE-30,Wide Fit Denim,2,1900,COD,Ekart,WhatsApp,WhatsApp Repeat Buyers,WhatsApp,crm,WhatsApp Repeat Buyers,WHA-1055,38,first_time,RTO,Customer not available,3,RTO
FAS-25017,SH987651016,2026-04-27T12:30:00.000Z,Meera Singh,9700000316,customer1017@example.com,Near temple main road Surat,,395007,Surat,Gujarat,KURTI-BLU-M,Blue Printed Kurti,1,1400,Prepaid,Shiprocket,Meta,Meta COD Scale,Meta,paid,Meta COD Scale,MET-1056,50,repeat_delivered,Undelivered,Incorrect address,1,In NDR
FAS-25018,DE987651017,2026-04-28T13:30:00.000Z,Ishaan Gupta,9700000317,customer1018@example.com,Near temple main road Ghaziabad,,201001,Ghaziabad,Uttar Pradesh,DRESS-RED-S,Red Summer Dress,1,2300,COD,Delhivery,Instagram,Influencer Drop,Instagram,paid,Influencer Drop,INS-1057,56,first_time,RTO,No response on phone,3,RTO
FAS-25019,SH987651018,2026-04-29T14:30:00.000Z,Sara Ali,9700000318,customer1019@example.com,"House 46, Block E, Bhubaneswar Residency, Sector 11",Near main market,751024,Bhubaneswar,Odisha,TSH-BLK-L,Oversized Black Tee,1,850,Prepaid,Shiprocket,Shopify,Google Brand Search,Google,paid,Google Brand Search,GOO-1058,46,first_time,Delivered,,0,Delivered
FAS-25020,EK987651019,2026-04-30T15:30:00.000Z,Nisha Nair,9700000319,customer1020@example.com,"House 47, Block F, Patna Residency, Sector 12",Near main market,800001,Patna,Bihar,COORD-GRN-M,Green Co-ord Set,1,2250,Prepaid,Ekart,WhatsApp,WhatsApp Repeat Buyers,WhatsApp,crm,WhatsApp Repeat Buyers,WHA-1059,38,first_time,Undelivered,Customer refused delivery,2,In NDR
FAS-25021,XP987651020,2026-04-01T04:30:00.000Z,Aarav Sharma,9700000320,customer1021@example.com,"House 48, Block A, Ghaziabad Residency, Sector 1",,201001,Ghaziabad,Uttar Pradesh,DENIM-WIDE-30,Wide Fit Denim,1,2050,Prepaid,Xpressbees,Meta,Meta COD Scale,Meta,paid,Meta COD Scale,MET-1060,49,repeat_delivered,Undelivered,Cash not ready,1,In NDR
FAS-25022,DT987651021,2026-04-02T05:30:00.000Z,Diya Verma,9700000321,customer1022@example.com,"House 49, Block B, Delhi Residency, Sector 2",Near main market,110024,Delhi,Delhi,KURTI-BLU-M,Blue Printed Kurti,1,1200,COD,DTDC,Instagram,Influencer Drop,Instagram,paid,Influencer Drop,INS-1061,41,first_time,Delivered,,0,Delivered
FAS-25023,XP987651022,2026-04-03T06:30:00.000Z,Kabir Khan,9700000322,customer1023@example.com,"House 50, Block C, Bengaluru Residency, Sector 3",Near main market,560095,Bengaluru,Karnataka,DRESS-RED-S,Red Summer Dress,1,2650,COD,Xpressbees,Shopify,Google Brand Search,Google,paid,Google Brand Search,GOO-1062,57,first_time,Undelivered,Customer not available,1,In NDR
FAS-25024,SH987651023,2026-04-04T07:30:00.000Z,Ananya Iyer,9700000323,customer1024@example.com,"House 51, Block D, Patna Residency, Sector 4",Near main market,800001,Patna,Bihar,TSH-BLK-L,Oversized Black Tee,1,850,COD,Shadowfax,WhatsApp,WhatsApp Repeat Buyers,WhatsApp,crm,WhatsApp Repeat Buyers,WHA-1063,52,first_time,RTO,Incorrect address,3,RTO
FAS-25025,BL987651024,2026-04-05T08:30:00.000Z,Riya Patel,9700000324,customer1025@example.com,"House 52, Block E, Surat Residency, Sector 5",Near main market,395007,Surat,Gujarat,COORD-GRN-M,Green Co-ord Set,1,2300,COD,Bluedart,Meta,Meta COD Scale,Meta,paid,Meta COD Scale,MET-1064,47,repeat_delivered,RTO,No response on phone,2,RTO
FAS-25026,SH987651025,2026-04-06T09:30:00.000Z,Vivaan Rao,9700000325,customer1026@example.com,"House 53, Block F, Pune Residency, Sector 6",,411045,Pune,Maharashtra,DENIM-WIDE-30,Wide Fit Denim,1,1950,COD,Shiprocket,Instagram,Influencer Drop,Instagram,paid,Influencer Drop,INS-1065,50,first_time,RTO,Door locked,3,RTO
FAS-25027,XP987651026,2026-04-07T10:30:00.000Z,Meera Singh,9700000326,customer1027@example.com,"House 54, Block A, Kolkata Residency, Sector 7",Near main market,700016,Kolkata,West Bengal,KURTI-BLU-M,Blue Printed Kurti,1,1200,COD,Xpressbees,Shopify,Google Brand Search,Google,paid,Google Brand Search,GOO-1066,51,first_time,Delivered,,0,Delivered
FAS-25028,SH987651027,2026-04-08T11:30:00.000Z,Ishaan Gupta,9700000327,customer1028@example.com,Near temple main road Patna,,800001,Patna,Bihar,DRESS-RED-S,Red Summer Dress,1,2450,Prepaid,Shadowfax,WhatsApp,WhatsApp Repeat Buyers,WhatsApp,crm,WhatsApp Repeat Buyers,WHA-1067,47,first_time,RTO,Cash not ready,3,RTO
FAS-25029,XP987651028,2026-04-09T12:30:00.000Z,Sara Ali,9700000328,customer1029@example.com,"House 56, Block C, Indore Residency, Sector 9",Near main market,452010,Indore,Madhya Pradesh,TSH-BLK-L,Oversized Black Tee,1,800,COD,Xpressbees,Meta,Meta COD Scale,Meta,paid,Meta COD Scale,MET-1068,43,repeat_delivered,Delivered,,0,Delivered
FAS-25030,BL987651029,2026-04-10T13:30:00.000Z,Nisha Nair,9700000329,customer1030@example.com,"House 57, Block D, Surat Residency, Sector 10",Near main market,395007,Surat,Gujarat,COORD-GRN-M,Green Co-ord Set,1,2400,COD,Bluedart,Instagram,Influencer Drop,Instagram,paid,Influencer Drop,INS-1069,47,first_time,RTO,Customer not available,3,RTO
FAS-25031,EK987651030,2026-04-11T14:30:00.000Z,Aarav Sharma,9700000330,customer1031@example.com,"House 58, Block E, Lucknow Residency, Sector 11",,226010,Lucknow,Uttar Pradesh,DENIM-WIDE-30,Wide Fit Denim,1,1950,Prepaid,Ekart,Shopify,Google Brand Search,Google,paid,Google Brand Search,GOO-1070,40,first_time,RTO,Incorrect address,2,RTO
FAS-25032,XP987651031,2026-04-12T15:30:00.000Z,Diya Verma,9700000331,customer1032@example.com,"House 59, Block F, Patna Residency, Sector 12",Near main market,800001,Patna,Bihar,KURTI-BLU-M,Blue Printed Kurti,1,1300,Prepaid,Xpressbees,WhatsApp,WhatsApp Repeat Buyers,WhatsApp,crm,WhatsApp Repeat Buyers,WHA-1071,44,first_time,Undelivered,No response on phone,2,In NDR
FAS-25033,EK987651032,2026-04-13T04:30:00.000Z,Kabir Khan,9700000332,customer1033@example.com,"House 60, Block A, Chennai Residency, Sector 1",Near main market,600042,Chennai,Tamil Nadu,DRESS-RED-S,Red Summer Dress,1,2650,COD,Ekart,Meta,Meta COD Scale,Meta,paid,Meta COD Scale,MET-1072,57,repeat_delivered,RTO,Door locked,2,RTO
FAS-25034,SH987651033,2026-04-14T05:30:00.000Z,Ananya Iyer,9700000333,customer1034@example.com,"House 61, Block B, Bhubaneswar Residency, Sector 2",Near main market,751024,Bhubaneswar,Odisha,TSH-BLK-L,Oversized Black Tee,1,750,Prepaid,Shadowfax,Instagram,Influencer Drop,Instagram,paid,Influencer Drop,INS-1073,48,first_time,Delivered,,0,Delivered
FAS-25035,SH987651034,2026-04-15T06:30:00.000Z,Riya Patel,9700000334,customer1035@example.com,"House 62, Block C, Patna Residency, Sector 3",Near main market,800001,Patna,Bihar,COORD-GRN-M,Green Co-ord Set,1,2250,Prepaid,Shadowfax,Shopify,Google Brand Search,Google,paid,Google Brand Search,GOO-1074,43,first_time,RTO,Cash not ready,2,RTO
FAS-25036,EK987651035,2026-04-16T07:30:00.000Z,Vivaan Rao,9700000335,customer1036@example.com,"House 63, Block D, Ghaziabad Residency, Sector 4",,201001,Ghaziabad,Uttar Pradesh,DENIM-WIDE-30,Wide Fit Denim,1,1800,COD,Ekart,WhatsApp,WhatsApp Repeat Buyers,WhatsApp,crm,WhatsApp Repeat Buyers,WHA-1075,57,first_time,RTO,Customer requested future delivery,3,RTO
FAS-25037,SH987651036,2026-04-17T08:30:00.000Z,Meera Singh,9700000336,customer1037@example.com,"House 64, Block E, Delhi Residency, Sector 5",Near main market,110024,Delhi,Delhi,KURTI-BLU-M,Blue Printed Kurti,1,1350,COD,Shadowfax,Meta,Meta COD Scale,Meta,paid,Meta COD Scale,MET-1076,44,repeat_delivered,Undelivered,Customer not available,1,In NDR
FAS-25038,SH987651037,2026-04-18T09:30:00.000Z,Ishaan Gupta,9700000337,customer1038@example.com,"House 65, Block F, Bengaluru Residency, Sector 6",Near main market,560095,Bengaluru,Karnataka,DRESS-RED-S,Red Summer Dress,1,2400,COD,Shiprocket,Instagram,Influencer Drop,Instagram,paid,Influencer Drop,INS-1077,54,first_time,RTO,Incorrect address,3,RTO
FAS-25039,DT987651038,2026-04-19T10:30:00.000Z,Sara Ali,9700000338,customer1039@example.com,"House 66, Block A, Ahmedabad Residency, Sector 7",Near main market,380015,Ahmedabad,Gujarat,TSH-BLK-L,Oversized Black Tee,1,850,COD,DTDC,Shopify,Google Brand Search,Google,paid,Google Brand Search,GOO-1078,42,first_time,Delivered,,0,Delivered
FAS-25040,EK987651039,2026-04-20T11:30:00.000Z,Nisha Nair,9700000339,customer1040@example.com,"House 67, Block B, Jaipur Residency, Sector 8",Near main market,302001,Jaipur,Rajasthan,COORD-GRN-M,Green Co-ord Set,1,2200,Prepaid,Ekart,WhatsApp,WhatsApp Repeat Buyers,WhatsApp,crm,WhatsApp Repeat Buyers,WHA-1079,49,first_time,Delivered,,0,Delivered
FAS-25041,EK987651040,2026-04-21T12:30:00.000Z,Aarav Sharma,9700000340,customer1041@example.com,"House 68, Block C, Pune Residency, Sector 9",,411045,Pune,Maharashtra,DENIM-WIDE-30,Wide Fit Denim,1,1850,COD,Ekart,Meta,Meta COD Scale,Meta,paid,Meta COD Scale,MET-1000,45,repeat_delivered,Undelivered,Customer refused delivery,1,In NDR
FAS-25042,SH987651041,2026-04-22T13:30:00.000Z,Diya Verma,9700000341,customer1042@example.com,"House 69, Block D, Kolkata Residency, Sector 10",Near main market,700016,Kolkata,West Bengal,KURTI-BLU-M,Blue Printed Kurti,1,1250,COD,Shadowfax,Instagram,Influencer Drop,Instagram,paid,Influencer Drop,INS-1001,42,first_time,RTO,Cash not ready,3,RTO
FAS-25043,SH987651042,2026-04-23T14:30:00.000Z,Kabir Khan,9700000342,customer1043@example.com,"House 70, Block E, Lucknow Residency, Sector 11",Near main market,226010,Lucknow,Uttar Pradesh,DRESS-RED-S,Red Summer Dress,1,2650,COD,Shadowfax,Shopify,Google Brand Search,Google,paid,Google Brand Search,GOO-1002,44,first_time,Delivered,,0,Delivered
FAS-25044,DT987651043,2026-04-24T15:30:00.000Z,Ananya Iyer,9700000343,customer1044@example.com,"House 71, Block F, Patna Residency, Sector 12",Near main market,800001,Patna,Bihar,TSH-BLK-L,Oversized Black Tee,1,750,COD,DTDC,WhatsApp,WhatsApp Repeat Buyers,WhatsApp,crm,WhatsApp Repeat Buyers,WHA-1003,55,first_time,Delivered,,0,Delivered
FAS-25045,SH987651044,2026-04-25T04:30:00.000Z,Riya Patel,9700000344,customer1045@example.com,"House 72, Block A, Surat Residency, Sector 1",Near main market,395007,Surat,Gujarat,COORD-GRN-M,Green Co-ord Set,2,2250,Prepaid,Shadowfax,Meta,Meta COD Scale,Meta,paid,Meta COD Scale,MET-1004,56,repeat_delivered,RTO,Incorrect address,2,RTO
FAS-25046,SH987651045,2026-04-26T05:30:00.000Z,Vivaan Rao,9700000345,customer1046@example.com,"House 73, Block B, Hyderabad Residency, Sector 2",,500081,Hyderabad,Telangana,DENIM-WIDE-30,Wide Fit Denim,1,2000,COD,Shadowfax,Instagram,Influencer Drop,Instagram,paid,Influencer Drop,INS-1005,45,first_time,RTO,No response on phone,3,RTO
FAS-25047,DE987651046,2026-04-27T06:30:00.000Z,Meera Singh,9700000346,customer1047@example.com,"House 74, Block C, Lucknow Residency, Sector 3",Near main market,226010,Lucknow,Uttar Pradesh,KURTI-BLU-M,Blue Printed Kurti,1,1400,COD,Delhivery,Shopify,Google Brand Search,Google,paid,Google Brand Search,GOO-1006,44,first_time,Delivered,,0,Delivered
FAS-25048,SH987651047,2026-04-28T07:30:00.000Z,Ishaan Gupta,9700000347,customer1048@example.com,"House 75, Block D, Chennai Residency, Sector 4",Near main market,600042,Chennai,Tamil Nadu,DRESS-RED-S,Red Summer Dress,1,2600,COD,Shiprocket,WhatsApp,WhatsApp Repeat Buyers,WhatsApp,crm,WhatsApp Repeat Buyers,WHA-1007,44,first_time,Delivered,,0,Delivered
FAS-25049,EK987651048,2026-04-29T08:30:00.000Z,Sara Ali,9700000348,customer1049@example.com,"House 76, Block E, Bhubaneswar Residency, Sector 5",Near main market,751024,Bhubaneswar,Odisha,TSH-BLK-L,Oversized Black Tee,1,750,COD,Ekart,Meta,Meta COD Scale,Meta,paid,Meta COD Scale,MET-1008,40,repeat_delivered,Delivered,,0,Delivered
FAS-25050,SH987651049,2026-04-30T09:30:00.000Z,Nisha Nair,9700000349,customer1050@example.com,"House 77, Block F, Patna Residency, Sector 6",Near main market,800001,Patna,Bihar,COORD-GRN-M,Green Co-ord Set,1,2400,COD,Shadowfax,Instagram,Influencer Drop,Instagram,paid,Influencer Drop,INS-1009,46,first_time,Delivered,,0,Delivered
FAS-25051,SH987651050,2026-04-01T10:30:00.000Z,Aarav Sharma,9700000000,customer1051@example.com,"House 78, Block A, Lucknow Residency, Sector 7",,226010,Lucknow,Uttar Pradesh,DENIM-WIDE-30,Wide Fit Denim,1,2000,Prepaid,Shadowfax,Shopify,Google Brand Search,Google,paid,Google Brand Search,GOO-1010,43,first_time,RTO,Customer not available,2,RTO
FAS-25052,BL987651051,2026-04-02T11:30:00.000Z,Diya Verma,9700000001,customer1052@example.com,"House 79, Block B, Patna Residency, Sector 8",Near main market,800001,Patna,Bihar,KURTI-BLU-M,Blue Printed Kurti,1,1200,COD,Bluedart,WhatsApp,WhatsApp Repeat Buyers,WhatsApp,crm,WhatsApp Repeat Buyers,WHA-1011,49,first_time,Undelivered,Incorrect address,2,In NDR
FAS-25053,DE987651052,2026-04-03T12:30:00.000Z,Kabir Khan,9700000002,customer1053@example.com,"House 80, Block C, Bengaluru Residency, Sector 9",Near main market,560095,Bengaluru,Karnataka,DRESS-RED-S,Red Summer Dress,1,2650,COD,Delhivery,Meta,Meta COD Scale,Meta,paid,Meta COD Scale,MET-1012,42,repeat_delivered,RTO,No response on phone,2,RTO
FAS-25054,XP987651053,2026-04-04T13:30:00.000Z,Ananya Iyer,9700000003,customer1054@example.com,"House 81, Block D, Ahmedabad Residency, Sector 10",Near main market,380015,Ahmedabad,Gujarat,TSH-BLK-L,Oversized Black Tee,1,850,COD,Xpressbees,Instagram,Influencer Drop,Instagram,paid,Influencer Drop,INS-1013,44,first_time,RTO,Door locked,3,RTO
FAS-25055,XP987651054,2026-04-05T14:30:00.000Z,Riya Patel,9700000004,customer1055@example.com,"House 82, Block E, Jaipur Residency, Sector 11",Near main market,302001,Jaipur,Rajasthan,COORD-GRN-M,Green Co-ord Set,1,2250,COD,Xpressbees,Shopify,Google Brand Search,Google,paid,Google Brand Search,GOO-1014,39,first_time,Delivered,,0,Delivered
FAS-25056,DE987651055,2026-04-06T15:30:00.000Z,Vivaan Rao,9700000005,customer1056@example.com,"House 83, Block F, Pune Residency, Sector 12",,411045,Pune,Maharashtra,DENIM-WIDE-30,Wide Fit Denim,1,1750,COD,Delhivery,WhatsApp,WhatsApp Repeat Buyers,WhatsApp,crm,WhatsApp Repeat Buyers,WHA-1015,48,first_time,Undelivered,Cash not ready,2,In NDR
FAS-25057,DT987651056,2026-04-07T04:30:00.000Z,Meera Singh,9700000006,customer1057@example.com,"House 84, Block A, Surat Residency, Sector 1",Near main market,395007,Surat,Gujarat,KURTI-BLU-M,Blue Printed Kurti,1,1300,Prepaid,DTDC,Meta,Meta COD Scale,Meta,paid,Meta COD Scale,MET-1016,51,repeat_delivered,RTO,Customer requested future delivery,2,RTO
FAS-25058,BL987651057,2026-04-08T05:30:00.000Z,Ishaan Gupta,9700000007,customer1058@example.com,"House 85, Block B, Lucknow Residency, Sector 2",Near main market,226010,Lucknow,Uttar Pradesh,DRESS-RED-S,Red Summer Dress,1,2500,COD,Bluedart,Instagram,Influencer Drop,Instagram,paid,Influencer Drop,INS-1017,51,first_time,RTO,Customer not available,3,RTO
FAS-25059,SH987651058,2026-04-09T06:30:00.000Z,Sara Ali,9700000008,customer1059@example.com,"House 86, Block C, Indore Residency, Sector 3",Near main market,452010,Indore,Madhya Pradesh,TSH-BLK-L,Oversized Black Tee,1,750,COD,Shadowfax,Shopify,Google Brand Search,Google,paid,Google Brand Search,GOO-1018,43,first_time,RTO,Incorrect address,2,RTO
FAS-25060,SH987651059,2026-04-10T07:30:00.000Z,Nisha Nair,9700000009,customer1060@example.com,"House 87, Block D, Surat Residency, Sector 4",Near main market,395007,Surat,Gujarat,COORD-GRN-M,Green Co-ord Set,1,2100,COD,Shiprocket,WhatsApp,WhatsApp Repeat Buyers,WhatsApp,crm,WhatsApp Repeat Buyers,WHA-1019,40,first_time,Undelivered,No response on phone,2,In NDR
FAS-25061,DE987651060,2026-04-11T08:30:00.000Z,Aarav Sharma,9700000010,customer1061@example.com,"House 88, Block E, Surat Residency, Sector 5",,395007,Surat,Gujarat,DENIM-WIDE-30,Wide Fit Denim,1,2000,COD,Delhivery,Meta,Meta COD Scale,Meta,paid,Meta COD Scale,MET-1020,56,repeat_delivered,Undelivered,Door locked,1,In NDR
FAS-25062,DE987651061,2026-04-12T09:30:00.000Z,Diya Verma,9700000011,customer1062@example.com,"House 89, Block F, Mumbai Residency, Sector 6",Near main market,400053,Mumbai,Maharashtra,KURTI-BLU-M,Blue Printed Kurti,1,1300,COD,Delhivery,Instagram,Influencer Drop,Instagram,paid,Influencer Drop,INS-1021,55,first_time,RTO,Customer refused delivery,3,RTO
FAS-25063,DE987651062,2026-04-13T10:30:00.000Z,Kabir Khan,9700000012,customer1063@example.com,"House 90, Block A, Lucknow Residency, Sector 7",Near main market,226010,Lucknow,Uttar Pradesh,DRESS-RED-S,Red Summer Dress,1,2700,COD,Delhivery,Shopify,Google Brand Search,Google,paid,Google Brand Search,GOO-1022,39,first_time,Undelivered,Cash not ready,1,In NDR
FAS-25064,EK987651063,2026-04-14T11:30:00.000Z,Ananya Iyer,9700000013,customer1064@example.com,"House 91, Block B, Bhubaneswar Residency, Sector 8",Near main market,751024,Bhubaneswar,Odisha,TSH-BLK-L,Oversized Black Tee,1,850,Prepaid,Ekart,WhatsApp,WhatsApp Repeat Buyers,WhatsApp,crm,WhatsApp Repeat Buyers,WHA-1023,58,first_time,Delivered,,0,Delivered
FAS-25065,DT987651064,2026-04-15T12:30:00.000Z,Riya Patel,9700000014,customer1065@example.com,"House 92, Block C, Patna Residency, Sector 9",Near main market,800001,Patna,Bihar,COORD-GRN-M,Green Co-ord Set,1,2500,Prepaid,DTDC,Meta,Meta COD Scale,Meta,paid,Meta COD Scale,MET-1024,49,repeat_delivered,RTO,Customer not available,2,RTO
FAS-25066,EK987651065,2026-04-16T13:30:00.000Z,Vivaan Rao,9700000015,customer1066@example.com,"House 93, Block D, Ghaziabad Residency, Sector 10",,201001,Ghaziabad,Uttar Pradesh,DENIM-WIDE-30,Wide Fit Denim,1,2000,Prepaid,Ekart,Instagram,Influencer Drop,Instagram,paid,Influencer Drop,INS-1025,49,first_time,Undelivered,Incorrect address,2,In NDR
FAS-25067,SH987651066,2026-04-17T14:30:00.000Z,Meera Singh,9700000016,customer1067@example.com,"House 94, Block E, Lucknow Residency, Sector 11",Near main market,226010,Lucknow,Uttar Pradesh,KURTI-BLU-M,Blue Printed Kurti,1,1300,COD,Shiprocket,Shopify,Google Brand Search,Google,paid,Google Brand Search,GOO-1026,53,first_time,RTO,No response on phone,2,RTO
FAS-25068,SH987651067,2026-04-18T15:30:00.000Z,Ishaan Gupta,9700000017,customer1068@example.com,"House 95, Block F, Bengaluru Residency, Sector 12",Near main market,560095,Bengaluru,Karnataka,DRESS-RED-S,Red Summer Dress,1,2400,COD,Shadowfax,WhatsApp,WhatsApp Repeat Buyers,WhatsApp,crm,WhatsApp Repeat Buyers,WHA-1027,40,first_time,Delivered,,0,Delivered
FAS-25069,XP987651068,2026-04-19T04:30:00.000Z,Sara Ali,9700000018,customer1069@example.com,"House 96, Block A, Ahmedabad Residency, Sector 1",Near main market,380015,Ahmedabad,Gujarat,TSH-BLK-L,Oversized Black Tee,1,850,COD,Xpressbees,Meta,Meta COD Scale,Meta,paid,Meta COD Scale,MET-1028,47,repeat_delivered,Undelivered,Customer refused delivery,1,In NDR
FAS-25070,SH987651069,2026-04-20T05:30:00.000Z,Nisha Nair,9700000019,customer1070@example.com,"House 97, Block B, Jaipur Residency, Sector 2",Near main market,302001,Jaipur,Rajasthan,COORD-GRN-M,Green Co-ord Set,1,2500,COD,Shadowfax,Instagram,Influencer Drop,Instagram,paid,Influencer Drop,INS-1029,57,first_time,RTO,Cash not ready,3,RTO
FAS-25071,DT987651070,2026-04-21T06:30:00.000Z,Aarav Sharma,9700000020,customer1071@example.com,"House 98, Block C, Pune Residency, Sector 3",,411045,Pune,Maharashtra,DENIM-WIDE-30,Wide Fit Denim,1,1750,COD,DTDC,Shopify,Google Brand Search,Google,paid,Google Brand Search,GOO-1030,53,first_time,Undelivered,Customer requested future delivery,1,In NDR
FAS-25072,SH987651071,2026-04-22T07:30:00.000Z,Diya Verma,9700000021,customer1072@example.com,"House 99, Block D, Patna Residency, Sector 4",Near main market,800001,Patna,Bihar,KURTI-BLU-M,Blue Printed Kurti,1,1400,Prepaid,Shiprocket,WhatsApp,WhatsApp Repeat Buyers,WhatsApp,crm,WhatsApp Repeat Buyers,WHA-1031,57,first_time,RTO,Customer not available,3,RTO
FAS-25073,XP987651072,2026-04-23T08:30:00.000Z,Kabir Khan,9700000022,customer1073@example.com,Near temple main road Surat,,395007,Surat,Gujarat,DRESS-RED-S,Red Summer Dress,1,2400,COD,Xpressbees,Meta,Meta COD Scale,Meta,paid,Meta COD Scale,MET-1032,53,repeat_delivered,Undelivered,Incorrect address,1,In NDR
FAS-25074,DT987651073,2026-04-24T09:30:00.000Z,Ananya Iyer,9700000023,customer1074@example.com,"House 101, Block F, Indore Residency, Sector 6",Near main market,452010,Indore,Madhya Pradesh,TSH-BLK-L,Oversized Black Tee,2,750,COD,DTDC,Instagram,Influencer Drop,Instagram,paid,Influencer Drop,INS-1033,49,first_time,Delivered,,0,Delivered
FAS-25075,SH987651074,2026-04-25T10:30:00.000Z,Riya Patel,9700000024,customer1075@example.com,"House 102, Block A, Lucknow Residency, Sector 7",Near main market,226010,Lucknow,Uttar Pradesh,COORD-GRN-M,Green Co-ord Set,1,2350,COD,Shadowfax,Shopify,Google Brand Search,Google,paid,Google Brand Search,GOO-1034,44,first_time,Delivered,,0,Delivered
FAS-25076,BL987651075,2026-04-26T11:30:00.000Z,Vivaan Rao,9700000025,customer1076@example.com,Near temple main road Patna,,800001,Patna,Bihar,DENIM-WIDE-30,Wide Fit Denim,1,1750,Prepaid,Bluedart,WhatsApp,WhatsApp Repeat Buyers,WhatsApp,crm,WhatsApp Repeat Buyers,WHA-1035,48,first_time,Undelivered,Customer refused delivery,2,In NDR
FAS-25077,SH987651076,2026-04-27T12:30:00.000Z,Meera Singh,9700000026,customer1077@example.com,"House 104, Block C, Mumbai Residency, Sector 9",Near main market,400053,Mumbai,Maharashtra,KURTI-BLU-M,Blue Printed Kurti,1,1200,Prepaid,Shiprocket,Meta,Meta COD Scale,Meta,paid,Meta COD Scale,MET-1036,39,repeat_delivered,Delivered,,0,Delivered
FAS-25078,SH987651077,2026-04-28T13:30:00.000Z,Ishaan Gupta,9700000027,customer1078@example.com,"House 105, Block D, Chennai Residency, Sector 10",Near main market,600042,Chennai,Tamil Nadu,DRESS-RED-S,Red Summer Dress,1,2500,Prepaid,Shadowfax,Instagram,Influencer Drop,Instagram,paid,Influencer Drop,INS-1037,46,first_time,RTO,Customer requested future delivery,3,RTO
FAS-25079,SH987651078,2026-04-29T14:30:00.000Z,Sara Ali,9700000028,customer1079@example.com,"House 106, Block E, Lucknow Residency, Sector 11",Near main market,226010,Lucknow,Uttar Pradesh,TSH-BLK-L,Oversized Black Tee,1,850,COD,Shadowfax,Shopify,Google Brand Search,Google,paid,Google Brand Search,GOO-1038,48,first_time,Undelivered,Customer not available,1,In NDR
FAS-25080,DE987651079,2026-04-30T15:30:00.000Z,Nisha Nair,9700000029,customer1080@example.com,Near temple main road Patna,,800001,Patna,Bihar,COORD-GRN-M,Green Co-ord Set,1,2100,COD,Delhivery,WhatsApp,WhatsApp Repeat Buyers,WhatsApp,crm,WhatsApp Repeat Buyers,WHA-1039,46,first_time,Undelivered,Incorrect address,2,In NDR
FAS-25081,BL987651080,2026-04-01T04:30:00.000Z,Aarav Sharma,9700000030,customer1081@example.com,"House 18, Block A, Ghaziabad Residency, Sector 1",,201001,Ghaziabad,Uttar Pradesh,DENIM-WIDE-30,Wide Fit Denim,1,1900,COD,Bluedart,Meta,Meta COD Scale,Meta,paid,Meta COD Scale,MET-1040,44,repeat_delivered,RTO,No response on phone,2,RTO
FAS-25082,SH987651081,2026-04-02T05:30:00.000Z,Diya Verma,9700000031,customer1082@example.com,"House 19, Block B, Delhi Residency, Sector 2",Near main market,110024,Delhi,Delhi,KURTI-BLU-M,Blue Printed Kurti,1,1400,COD,Shadowfax,Instagram,Influencer Drop,Instagram,paid,Influencer Drop,INS-1041,50,first_time,RTO,Door locked,3,RTO
FAS-25083,BL987651082,2026-04-03T06:30:00.000Z,Kabir Khan,9700000032,customer1083@example.com,"House 20, Block C, Bengaluru Residency, Sector 3",Near main market,560095,Bengaluru,Karnataka,DRESS-RED-S,Red Summer Dress,1,2550,Prepaid,Bluedart,Shopify,Google Brand Search,Google,paid,Google Brand Search,GOO-1042,53,first_time,Delivered,,0,Delivered
FAS-25084,EK987651083,2026-04-04T07:30:00.000Z,Ananya Iyer,9700000033,customer1084@example.com,"House 21, Block D, Patna Residency, Sector 4",Near main market,800001,Patna,Bihar,TSH-BLK-L,Oversized Black Tee,1,750,Prepaid,Ekart,WhatsApp,WhatsApp Repeat Buyers,WhatsApp,crm,WhatsApp Repeat Buyers,WHA-1043,43,first_time,Delivered,,0,Delivered
FAS-25085,SH987651084,2026-04-05T08:30:00.000Z,Riya Patel,9700000034,customer1085@example.com,"House 22, Block E, Jaipur Residency, Sector 5",Near main market,302001,Jaipur,Rajasthan,COORD-GRN-M,Green Co-ord Set,1,2150,COD,Shadowfax,Meta,Meta COD Scale,Meta,paid,Meta COD Scale,MET-1044,57,repeat_delivered,RTO,Customer requested future delivery,2,RTO
FAS-25086,DE987651085,2026-04-06T09:30:00.000Z,Vivaan Rao,9700000035,customer1086@example.com,"House 23, Block F, Ghaziabad Residency, Sector 6",,201001,Ghaziabad,Uttar Pradesh,DENIM-WIDE-30,Wide Fit Denim,1,2000,Prepaid,Delhivery,Instagram,Influencer Drop,Instagram,paid,Influencer Drop,INS-1045,43,first_time,Undelivered,Customer not available,2,In NDR
FAS-25087,EK987651086,2026-04-07T10:30:00.000Z,Meera Singh,9700000036,customer1087@example.com,"House 24, Block A, Kolkata Residency, Sector 7",Near main market,700016,Kolkata,West Bengal,KURTI-BLU-M,Blue Printed Kurti,1,1300,COD,Ekart,Shopify,Google Brand Search,Google,paid,Google Brand Search,GOO-1046,53,first_time,Delivered,,0,Delivered
FAS-25088,XP987651087,2026-04-08T11:30:00.000Z,Ishaan Gupta,9700000037,customer1088@example.com,"House 25, Block B, Patna Residency, Sector 8",Near main market,800001,Patna,Bihar,DRESS-RED-S,Red Summer Dress,1,2600,COD,Xpressbees,WhatsApp,WhatsApp Repeat Buyers,WhatsApp,crm,WhatsApp Repeat Buyers,WHA-1047,55,first_time,Undelivered,No response on phone,2,In NDR
FAS-25089,BL987651088,2026-04-09T12:30:00.000Z,Sara Ali,9700000038,customer1089@example.com,"House 26, Block C, Indore Residency, Sector 9",Near main market,452010,Indore,Madhya Pradesh,TSH-BLK-L,Oversized Black Tee,1,750,Prepaid,Bluedart,Meta,Meta COD Scale,Meta,paid,Meta COD Scale,MET-1048,48,repeat_delivered,Undelivered,Door locked,1,In NDR
FAS-25090,DT987651089,2026-04-10T13:30:00.000Z,Nisha Nair,9700000039,customer1090@example.com,"House 27, Block D, Surat Residency, Sector 10",Near main market,395007,Surat,Gujarat,COORD-GRN-M,Green Co-ord Set,1,2150,COD,DTDC,Instagram,Influencer Drop,Instagram,paid,Influencer Drop,INS-1049,50,first_time,Undelivered,Customer refused delivery,2,In NDR
FAS-25091,DE987651090,2026-04-11T14:30:00.000Z,Aarav Sharma,9700000040,customer1091@example.com,"House 28, Block E, Lucknow Residency, Sector 11",,226010,Lucknow,Uttar Pradesh,DENIM-WIDE-30,Wide Fit Denim,1,1750,Prepaid,Delhivery,Shopify,Google Brand Search,Google,paid,Google Brand Search,GOO-1050,46,first_time,RTO,Cash not ready,2,RTO
FAS-25092,SH987651091,2026-04-12T15:30:00.000Z,Diya Verma,9700000041,customer1092@example.com,Near temple main road Patna,,800001,Patna,Bihar,KURTI-BLU-M,Blue Printed Kurti,1,1300,Prepaid,Shiprocket,WhatsApp,WhatsApp Repeat Buyers,WhatsApp,crm,WhatsApp Repeat Buyers,WHA-1051,57,first_time,RTO,Customer requested future delivery,3,RTO
FAS-25093,DE987651092,2026-04-13T04:30:00.000Z,Kabir Khan,9700000042,customer1093@example.com,"House 30, Block A, Chennai Residency, Sector 1",Near main market,600042,Chennai,Tamil Nadu,DRESS-RED-S,Red Summer Dress,1,2650,COD,Delhivery,Meta,Meta COD Scale,Meta,paid,Meta COD Scale,MET-1052,55,repeat_delivered,Undelivered,Customer not available,1,In NDR
FAS-25094,XP987651093,2026-04-14T05:30:00.000Z,Ananya Iyer,9700000043,customer1094@example.com,"House 31, Block B, Bhubaneswar Residency, Sector 2",Near main market,751024,Bhubaneswar,Odisha,TSH-BLK-L,Oversized Black Tee,1,750,Prepaid,Xpressbees,Instagram,Influencer Drop,Instagram,paid,Influencer Drop,INS-1053,41,first_time,RTO,Incorrect address,3,RTO
FAS-25095,SH987651094,2026-04-15T06:30:00.000Z,Riya Patel,9700000044,customer1095@example.com,"House 32, Block C, Patna Residency, Sector 3",Near main market,800001,Patna,Bihar,COORD-GRN-M,Green Co-ord Set,1,2250,COD,Shadowfax,Shopify,Google Brand Search,Google,paid,Google Brand Search,GOO-1054,45,first_time,Delivered,,0,Delivered
FAS-25096,BL987651095,2026-04-16T07:30:00.000Z,Vivaan Rao,9700000045,customer1096@example.com,"House 33, Block D, Ghaziabad Residency, Sector 4",,201001,Ghaziabad,Uttar Pradesh,DENIM-WIDE-30,Wide Fit Denim,1,1800,COD,Bluedart,WhatsApp,WhatsApp Repeat Buyers,WhatsApp,crm,WhatsApp Repeat Buyers,WHA-1055,51,first_time,RTO,Door locked,3,RTO
FAS-25097,DT987651096,2026-04-17T08:30:00.000Z,Meera Singh,9700000046,customer1097@example.com,Near temple main road Surat,,395007,Surat,Gujarat,KURTI-BLU-M,Blue Printed Kurti,1,1400,COD,DTDC,Meta,Meta COD Scale,Meta,paid,Meta COD Scale,MET-1056,55,repeat_delivered,Undelivered,Customer refused delivery,1,In NDR
FAS-25098,BL987651097,2026-04-18T09:30:00.000Z,Ishaan Gupta,9700000047,customer1098@example.com,"House 35, Block F, Ghaziabad Residency, Sector 6",Near main market,201001,Ghaziabad,Uttar Pradesh,DRESS-RED-S,Red Summer Dress,1,2650,COD,Bluedart,Instagram,Influencer Drop,Instagram,paid,Influencer Drop,INS-1057,41,first_time,Undelivered,Cash not ready,2,In NDR
FAS-25099,BL987651098,2026-04-19T10:30:00.000Z,Sara Ali,9700000048,customer1099@example.com,"House 36, Block A, Lucknow Residency, Sector 7",Near main market,226010,Lucknow,Uttar Pradesh,TSH-BLK-L,Oversized Black Tee,1,850,COD,Bluedart,Shopify,Google Brand Search,Google,paid,Google Brand Search,GOO-1058,41,first_time,Undelivered,Customer requested future delivery,1,In NDR
FAS-25100,XP987651099,2026-04-20T11:30:00.000Z,Nisha Nair,9700000049,customer1100@example.com,"House 37, Block B, Patna Residency, Sector 8",Near main market,800001,Patna,Bihar,COORD-GRN-M,Green Co-ord Set,1,2300,COD,Xpressbees,WhatsApp,WhatsApp Repeat Buyers,WhatsApp,crm,WhatsApp Repeat Buyers,WHA-1059,54,first_time,RTO,Customer not available,3,RTO
FAS-25101,SH987651100,2026-04-21T12:30:00.000Z,Aarav Sharma,9700000050,customer1101@example.com,"House 38, Block C, Pune Residency, Sector 9",,411045,Pune,Maharashtra,DENIM-WIDE-30,Wide Fit Denim,1,1750,Prepaid,Shadowfax,Meta,Meta COD Scale,Meta,paid,Meta COD Scale,MET-1060,52,repeat_delivered,RTO,Incorrect address,2,RTO
FAS-25102,BL987651101,2026-04-22T13:30:00.000Z,Diya Verma,9700000051,customer1102@example.com,Near temple main road Ghaziabad,,201001,Ghaziabad,Uttar Pradesh,KURTI-BLU-M,Blue Printed Kurti,1,1400,COD,Bluedart,Instagram,Influencer Drop,Instagram,paid,Influencer Drop,INS-1061,53,first_time,RTO,No response on phone,3,RTO
FAS-25103,XP987651102,2026-04-23T14:30:00.000Z,Kabir Khan,9700000052,customer1103@example.com,"House 40, Block E, Lucknow Residency, Sector 11",Near main market,226010,Lucknow,Uttar Pradesh,DRESS-RED-S,Red Summer Dress,2,2600,COD,Xpressbees,Shopify,Google Brand Search,Google,paid,Google Brand Search,GOO-1062,53,first_time,Undelivered,Door locked,1,In NDR
FAS-25104,EK987651103,2026-04-24T15:30:00.000Z,Ananya Iyer,9700000053,customer1104@example.com,"House 41, Block F, Indore Residency, Sector 12",Near main market,452010,Indore,Madhya Pradesh,TSH-BLK-L,Oversized Black Tee,1,750,COD,Ekart,WhatsApp,WhatsApp Repeat Buyers,WhatsApp,crm,WhatsApp Repeat Buyers,WHA-1063,52,first_time,Delivered,,0,Delivered
FAS-25105,SH987651104,2026-04-25T04:30:00.000Z,Riya Patel,9700000054,customer1105@example.com,"House 42, Block A, Surat Residency, Sector 1",Near main market,395007,Surat,Gujarat,COORD-GRN-M,Green Co-ord Set,1,2350,COD,Shadowfax,Meta,Meta COD Scale,Meta,paid,Meta COD Scale,MET-1064,47,repeat_delivered,Undelivered,Cash not ready,1,In NDR
FAS-25106,SH987651105,2026-04-26T05:30:00.000Z,Vivaan Rao,9700000055,customer1106@example.com,"House 43, Block B, Ghaziabad Residency, Sector 2",,201001,Ghaziabad,Uttar Pradesh,DENIM-WIDE-30,Wide Fit Denim,1,1900,COD,Shiprocket,Instagram,Influencer Drop,Instagram,paid,Influencer Drop,INS-1065,50,first_time,RTO,Customer requested future delivery,3,RTO
FAS-25107,SH987651106,2026-04-27T06:30:00.000Z,Meera Singh,9700000056,customer1107@example.com,"House 44, Block C, Mumbai Residency, Sector 3",Near main market,400053,Mumbai,Maharashtra,KURTI-BLU-M,Blue Printed Kurti,1,1250,COD,Shiprocket,Shopify,Google Brand Search,Google,paid,Google Brand Search,GOO-1066,50,first_time,Delivered,,0,Delivered
FAS-25108,SH987651107,2026-04-28T07:30:00.000Z,Ishaan Gupta,9700000057,customer1108@example.com,"House 45, Block D, Chennai Residency, Sector 4",Near main market,600042,Chennai,Tamil Nadu,DRESS-RED-S,Red Summer Dress,1,2700,COD,Shadowfax,WhatsApp,WhatsApp Repeat Buyers,WhatsApp,crm,WhatsApp Repeat Buyers,WHA-1067,58,first_time,Delivered,,0,Delivered
FAS-25109,SH987651108,2026-04-29T08:30:00.000Z,Sara Ali,9700000058,customer1109@example.com,"House 46, Block E, Bhubaneswar Residency, Sector 5",Near main market,751024,Bhubaneswar,Odisha,TSH-BLK-L,Oversized Black Tee,1,850,COD,Shadowfax,Meta,Meta COD Scale,Meta,paid,Meta COD Scale,MET-1068,42,repeat_delivered,Undelivered,No response on phone,1,In NDR
FAS-25110,DT987651109,2026-04-30T09:30:00.000Z,Nisha Nair,9700000059,customer1110@example.com,"House 47, Block F, Patna Residency, Sector 6",Near main market,800001,Patna,Bihar,COORD-GRN-M,Green Co-ord Set,1,2450,Prepaid,DTDC,Instagram,Influencer Drop,Instagram,paid,Influencer Drop,INS-1069,39,first_time,Undelivered,Door locked,2,In NDR
FAS-25111,XP987651110,2026-04-01T10:30:00.000Z,Aarav Sharma,9700000060,customer1111@example.com,Near temple main road Lucknow,,226010,Lucknow,Uttar Pradesh,DENIM-WIDE-30,Wide Fit Denim,1,2050,Prepaid,Xpressbees,Shopify,Google Brand Search,Google,paid,Google Brand Search,GOO-1070,49,first_time,RTO,Customer refused delivery,2,RTO
FAS-25112,XP987651111,2026-04-02T11:30:00.000Z,Diya Verma,9700000061,customer1112@example.com,"House 49, Block B, Delhi Residency, Sector 8",Near main market,110024,Delhi,Delhi,KURTI-BLU-M,Blue Printed Kurti,1,1300,Prepaid,Xpressbees,WhatsApp,WhatsApp Repeat Buyers,WhatsApp,crm,WhatsApp Repeat Buyers,WHA-1071,49,first_time,RTO,Cash not ready,3,RTO
FAS-25113,BL987651112,2026-04-03T12:30:00.000Z,Kabir Khan,9700000062,customer1113@example.com,"House 50, Block C, Bengaluru Residency, Sector 9",Near main market,560095,Bengaluru,Karnataka,DRESS-RED-S,Red Summer Dress,1,2600,Prepaid,Bluedart,Meta,Meta COD Scale,Meta,paid,Meta COD Scale,MET-1072,44,repeat_delivered,RTO,Customer requested future delivery,2,RTO
FAS-25114,BL987651113,2026-04-04T13:30:00.000Z,Ananya Iyer,9700000063,customer1114@example.com,"House 51, Block D, Ahmedabad Residency, Sector 10",Near main market,380015,Ahmedabad,Gujarat,TSH-BLK-L,Oversized Black Tee,1,800,Prepaid,Bluedart,Instagram,Influencer Drop,Instagram,paid,Influencer Drop,INS-1073,53,first_time,Delivered,,0,Delivered
FAS-25115,BL987651114,2026-04-05T14:30:00.000Z,Riya Patel,9700000064,customer1115@example.com,"House 52, Block E, Jaipur Residency, Sector 11",Near main market,302001,Jaipur,Rajasthan,COORD-GRN-M,Green Co-ord Set,1,2100,COD,Bluedart,Shopify,Google Brand Search,Google,paid,Google Brand Search,GOO-1074,38,first_time,Delivered,,0,Delivered
FAS-25116,BL987651115,2026-04-06T15:30:00.000Z,Vivaan Rao,9700000065,customer1116@example.com,"House 53, Block F, Pune Residency, Sector 12",,411045,Pune,Maharashtra,DENIM-WIDE-30,Wide Fit Denim,1,2050,Prepaid,Bluedart,WhatsApp,WhatsApp Repeat Buyers,WhatsApp,crm,WhatsApp Repeat Buyers,WHA-1075,57,first_time,Delivered,,0,Delivered
FAS-25117,DT987651116,2026-04-07T04:30:00.000Z,Meera Singh,9700000066,customer1117@example.com,"House 54, Block A, Kolkata Residency, Sector 1",Near main market,700016,Kolkata,West Bengal,KURTI-BLU-M,Blue Printed Kurti,1,1200,COD,DTDC,Meta,Meta COD Scale,Meta,paid,Meta COD Scale,MET-1076,56,repeat_delivered,Delivered,,0,Delivered
FAS-25118,DE987651117,2026-04-08T05:30:00.000Z,Ishaan Gupta,9700000067,customer1118@example.com,"House 55, Block B, Lucknow Residency, Sector 2",Near main market,226010,Lucknow,Uttar Pradesh,DRESS-RED-S,Red Summer Dress,1,2700,COD,Delhivery,Instagram,Influencer Drop,Instagram,paid,Influencer Drop,INS-1077,56,first_time,Delivered,,0,Delivered
FAS-25119,DE987651118,2026-04-09T06:30:00.000Z,Sara Ali,9700000068,customer1119@example.com,"House 56, Block C, Indore Residency, Sector 3",Near main market,452010,Indore,Madhya Pradesh,TSH-BLK-L,Oversized Black Tee,1,750,Prepaid,Delhivery,Shopify,Google Brand Search,Google,paid,Google Brand Search,GOO-1078,42,first_time,Undelivered,Cash not ready,1,In NDR
FAS-25120,DT987651119,2026-04-10T07:30:00.000Z,Nisha Nair,9700000069,customer1120@example.com,"House 57, Block D, Surat Residency, Sector 4",Near main market,395007,Surat,Gujarat,COORD-GRN-M,Green Co-ord Set,1,2150,COD,DTDC,WhatsApp,WhatsApp Repeat Buyers,WhatsApp,crm,WhatsApp Repeat Buyers,WHA-1079,56,first_time,RTO,Customer requested future delivery,3,RTO
FAS-25121,EK987651120,2026-04-11T08:30:00.000Z,Aarav Sharma,9700000070,customer1121@example.com,"House 58, Block E, Hyderabad Residency, Sector 5",,500081,Hyderabad,Telangana,DENIM-WIDE-30,Wide Fit Denim,1,1750,COD,Ekart,Meta,Meta COD Scale,Meta,paid,Meta COD Scale,MET-1000,40,repeat_delivered,RTO,Customer not available,2,RTO
FAS-25122,EK987651121,2026-04-12T09:30:00.000Z,Diya Verma,9700000071,customer1122@example.com,"House 59, Block F, Mumbai Residency, Sector 6",Near main market,400053,Mumbai,Maharashtra,KURTI-BLU-M,Blue Printed Kurti,1,1350,COD,Ekart,Instagram,Influencer Drop,Instagram,paid,Influencer Drop,INS-1001,45,first_time,Delivered,,0,Delivered
FAS-25123,SH987651122,2026-04-13T10:30:00.000Z,Kabir Khan,9700000072,customer1123@example.com,"House 60, Block A, Lucknow Residency, Sector 7",Near main market,226010,Lucknow,Uttar Pradesh,DRESS-RED-S,Red Summer Dress,1,2400,COD,Shiprocket,Shopify,Google Brand Search,Google,paid,Google Brand Search,GOO-1002,54,first_time,Cancelled,,0,Cancelled before shipping
FAS-25124,SH987651123,2026-04-14T11:30:00.000Z,Ananya Iyer,9700000073,customer1124@example.com,"House 61, Block B, Bhubaneswar Residency, Sector 8",Near main market,751024,Bhubaneswar,Odisha,TSH-BLK-L,Oversized Black Tee,1,750,COD,Shadowfax,WhatsApp,WhatsApp Repeat Buyers,WhatsApp,crm,WhatsApp Repeat Buyers,WHA-1003,39,first_time,Undelivered,Door locked,2,In NDR
FAS-25125,SH987651124,2026-04-15T12:30:00.000Z,Riya Patel,9700000074,customer1125@example.com,"House 62, Block C, Patna Residency, Sector 9",Near main market,800001,Patna,Bihar,COORD-GRN-M,Green Co-ord Set,1,2200,COD,Shadowfax,Meta,Meta COD Scale,Meta,paid,Meta COD Scale,MET-1004,41,repeat_delivered,RTO,Customer refused delivery,2,RTO
FAS-25126,DT987651125,2026-04-16T13:30:00.000Z,Vivaan Rao,9700000075,customer1126@example.com,Near temple main road Ghaziabad,,201001,Ghaziabad,Uttar Pradesh,DENIM-WIDE-30,Wide Fit Denim,1,1750,COD,DTDC,Instagram,Influencer Drop,Instagram,paid,Influencer Drop,INS-1005,52,first_time,Undelivered,Cash not ready,2,In NDR
FAS-25127,SH987651126,2026-04-17T14:30:00.000Z,Meera Singh,9700000076,customer1127@example.com,"House 64, Block E, Delhi Residency, Sector 11",Near main market,110024,Delhi,Delhi,KURTI-BLU-M,Blue Printed Kurti,1,1300,COD,Shiprocket,Shopify,Google Brand Search,Google,paid,Google Brand Search,GOO-1006,58,first_time,Undelivered,Customer requested future delivery,1,In NDR
FAS-25128,XP987651127,2026-04-18T15:30:00.000Z,Ishaan Gupta,9700000077,customer1128@example.com,"House 65, Block F, Bengaluru Residency, Sector 12",Near main market,560095,Bengaluru,Karnataka,DRESS-RED-S,Red Summer Dress,1,2650,COD,Xpressbees,WhatsApp,WhatsApp Repeat Buyers,WhatsApp,crm,WhatsApp Repeat Buyers,WHA-1007,55,first_time,RTO,Customer not available,3,RTO
FAS-25129,BL987651128,2026-04-19T04:30:00.000Z,Sara Ali,9700000078,customer1129@example.com,Near temple main road Surat,,395007,Surat,Gujarat,TSH-BLK-L,Oversized Black Tee,1,850,Prepaid,Bluedart,Meta,Meta COD Scale,Meta,paid,Meta COD Scale,MET-1008,48,repeat_delivered,RTO,Incorrect address,2,RTO
FAS-25130,EK987651129,2026-04-20T05:30:00.000Z,Nisha Nair,9700000079,customer1130@example.com,"House 67, Block B, Jaipur Residency, Sector 2",Near main market,302001,Jaipur,Rajasthan,COORD-GRN-M,Green Co-ord Set,1,2200,COD,Ekart,Instagram,Influencer Drop,Instagram,paid,Influencer Drop,INS-1009,40,first_time,Delivered,,0,Delivered
FAS-25131,BL987651130,2026-04-21T06:30:00.000Z,Aarav Sharma,9700000080,customer1131@example.com,"House 68, Block C, Pune Residency, Sector 3",,411045,Pune,Maharashtra,DENIM-WIDE-30,Wide Fit Denim,1,1800,Prepaid,Bluedart,Shopify,Google Brand Search,Google,paid,Google Brand Search,GOO-1010,51,first_time,RTO,Door locked,2,RTO
FAS-25132,DE987651131,2026-04-22T07:30:00.000Z,Diya Verma,9700000081,customer1132@example.com,Near temple main road Patna,,800001,Patna,Bihar,KURTI-BLU-M,Blue Printed Kurti,2,1200,COD,Delhivery,WhatsApp,WhatsApp Repeat Buyers,WhatsApp,crm,WhatsApp Repeat Buyers,WHA-1011,41,first_time,RTO,Customer refused delivery,3,RTO
FAS-25133,BL987651132,2026-04-23T08:30:00.000Z,Kabir Khan,9700000082,customer1133@example.com,"House 70, Block E, Lucknow Residency, Sector 5",Near main market,226010,Lucknow,Uttar Pradesh,DRESS-RED-S,Red Summer Dress,1,2550,Prepaid,Bluedart,Meta,Meta COD Scale,Meta,paid,Meta COD Scale,MET-1012,42,repeat_delivered,Undelivered,Cash not ready,1,In NDR
FAS-25134,BL987651133,2026-04-24T09:30:00.000Z,Ananya Iyer,9700000083,customer1134@example.com,"House 71, Block F, Indore Residency, Sector 6",Near main market,452010,Indore,Madhya Pradesh,TSH-BLK-L,Oversized Black Tee,1,750,Prepaid,Bluedart,Instagram,Influencer Drop,Instagram,paid,Influencer Drop,INS-1013,52,first_time,RTO,Customer requested future delivery,3,RTO
FAS-25135,XP987651134,2026-04-25T10:30:00.000Z,Riya Patel,9700000084,customer1135@example.com,"House 72, Block A, Lucknow Residency, Sector 7",Near main market,226010,Lucknow,Uttar Pradesh,COORD-GRN-M,Green Co-ord Set,1,2500,Prepaid,Xpressbees,Shopify,Google Brand Search,Google,paid,Google Brand Search,GOO-1014,38,first_time,RTO,Customer not available,2,RTO
FAS-25136,BL987651135,2026-04-26T11:30:00.000Z,Vivaan Rao,9700000085,customer1136@example.com,"House 73, Block B, Hyderabad Residency, Sector 8",,500081,Hyderabad,Telangana,DENIM-WIDE-30,Wide Fit Denim,1,2000,COD,Bluedart,WhatsApp,WhatsApp Repeat Buyers,WhatsApp,crm,WhatsApp Repeat Buyers,WHA-1015,52,first_time,Delivered,,0,Delivered
FAS-25137,DT987651136,2026-04-27T12:30:00.000Z,Meera Singh,9700000086,customer1137@example.com,"House 74, Block C, Mumbai Residency, Sector 9",Near main market,400053,Mumbai,Maharashtra,KURTI-BLU-M,Blue Printed Kurti,1,1350,Prepaid,DTDC,Meta,Meta COD Scale,Meta,paid,Meta COD Scale,MET-1016,54,repeat_delivered,Undelivered,No response on phone,1,In NDR
FAS-25138,BL987651137,2026-04-28T13:30:00.000Z,Ishaan Gupta,9700000087,customer1138@example.com,"House 75, Block D, Chennai Residency, Sector 10",Near main market,600042,Chennai,Tamil Nadu,DRESS-RED-S,Red Summer Dress,1,2300,COD,Bluedart,Instagram,Influencer Drop,Instagram,paid,Influencer Drop,INS-1017,47,first_time,Undelivered,Door locked,2,In NDR
FAS-25139,DE987651138,2026-04-29T14:30:00.000Z,Sara Ali,9700000088,customer1139@example.com,Near temple main road Lucknow,,226010,Lucknow,Uttar Pradesh,TSH-BLK-L,Oversized Black Tee,1,800,COD,Delhivery,Shopify,Google Brand Search,Google,paid,Google Brand Search,GOO-1018,50,first_time,RTO,Customer refused delivery,2,RTO
FAS-25140,BL987651139,2026-04-30T15:30:00.000Z,Nisha Nair,9700000089,customer1140@example.com,"House 77, Block F, Patna Residency, Sector 12",Near main market,800001,Patna,Bihar,COORD-GRN-M,Green Co-ord Set,1,2300,COD,Bluedart,WhatsApp,WhatsApp Repeat Buyers,WhatsApp,crm,WhatsApp Repeat Buyers,WHA-1019,57,first_time,Delivered,,0,Delivered
FAS-25141,SH987651140,2026-04-01T04:30:00.000Z,Aarav Sharma,9700000090,customer1141@example.com,"House 78, Block A, Ghaziabad Residency, Sector 1",,201001,Ghaziabad,Uttar Pradesh,DENIM-WIDE-30,Wide Fit Denim,1,1850,Prepaid,Shiprocket,Meta,Meta COD Scale,Meta,paid,Meta COD Scale,MET-1020,38,repeat_delivered,Undelivered,Customer requested future delivery,1,In NDR
FAS-25142,EK987651141,2026-04-02T05:30:00.000Z,Diya Verma,9700000091,customer1142@example.com,"House 79, Block B, Delhi Residency, Sector 2",Near main market,110024,Delhi,Delhi,KURTI-BLU-M,Blue Printed Kurti,1,1350,Prepaid,Ekart,Instagram,Influencer Drop,Instagram,paid,Influencer Drop,INS-1021,54,first_time,Delivered,,0,Delivered
FAS-25143,XP987651142,2026-04-03T06:30:00.000Z,Kabir Khan,9700000092,customer1143@example.com,"House 80, Block C, Bengaluru Residency, Sector 3",Near main market,560095,Bengaluru,Karnataka,DRESS-RED-S,Red Summer Dress,1,2500,COD,Xpressbees,Shopify,Google Brand Search,Google,paid,Google Brand Search,GOO-1022,41,first_time,RTO,Incorrect address,2,RTO
FAS-25144,SH987651143,2026-04-04T07:30:00.000Z,Ananya Iyer,9700000093,customer1144@example.com,"House 81, Block D, Ahmedabad Residency, Sector 4",Near main market,380015,Ahmedabad,Gujarat,TSH-BLK-L,Oversized Black Tee,1,800,COD,Shadowfax,WhatsApp,WhatsApp Repeat Buyers,WhatsApp,crm,WhatsApp Repeat Buyers,WHA-1023,40,first_time,Delivered,,0,Delivered
FAS-25145,DE987651144,2026-04-05T08:30:00.000Z,Riya Patel,9700000094,customer1145@example.com,"House 82, Block E, Jaipur Residency, Sector 5",Near main market,302001,Jaipur,Rajasthan,COORD-GRN-M,Green Co-ord Set,1,2200,Prepaid,Delhivery,Meta,Meta COD Scale,Meta,paid,Meta COD Scale,MET-1024,57,repeat_delivered,RTO,Door locked,2,RTO
FAS-25146,XP987651145,2026-04-06T09:30:00.000Z,Vivaan Rao,9700000095,customer1146@example.com,Near temple main road Ghaziabad,,201001,Ghaziabad,Uttar Pradesh,DENIM-WIDE-30,Wide Fit Denim,1,1950,Prepaid,Xpressbees,Instagram,Influencer Drop,Instagram,paid,Influencer Drop,INS-1025,52,first_time,RTO,Customer refused delivery,3,RTO
FAS-25147,SH987651146,2026-04-07T10:30:00.000Z,Meera Singh,9700000096,customer1147@example.com,"House 84, Block A, Lucknow Residency, Sector 7",Near main market,226010,Lucknow,Uttar Pradesh,KURTI-BLU-M,Blue Printed Kurti,1,1400,COD,Shadowfax,Shopify,Google Brand Search,Google,paid,Google Brand Search,GOO-1026,49,first_time,Delivered,,0,Delivered
FAS-25148,XP987651147,2026-04-08T11:30:00.000Z,Ishaan Gupta,9700000097,customer1148@example.com,"House 85, Block B, Lucknow Residency, Sector 8",Near main market,226010,Lucknow,Uttar Pradesh,DRESS-RED-S,Red Summer Dress,1,2500,Prepaid,Xpressbees,WhatsApp,WhatsApp Repeat Buyers,WhatsApp,crm,WhatsApp Repeat Buyers,WHA-1027,43,first_time,Undelivered,Customer requested future delivery,2,In NDR
FAS-25149,SH987651148,2026-04-09T12:30:00.000Z,Sara Ali,9700000098,customer1149@example.com,Near temple main road Surat,,395007,Surat,Gujarat,TSH-BLK-L,Oversized Black Tee,1,750,COD,Shadowfax,Meta,Meta COD Scale,Meta,paid,Meta COD Scale,MET-1028,38,repeat_delivered,RTO,Customer not available,2,RTO
FAS-25150,XP987651149,2026-04-10T13:30:00.000Z,Nisha Nair,9700000099,customer1150@example.com,"House 87, Block D, Surat Residency, Sector 10",Near main market,395007,Surat,Gujarat,COORD-GRN-M,Green Co-ord Set,1,2450,COD,Xpressbees,Instagram,Influencer Drop,Instagram,paid,Influencer Drop,INS-1029,50,first_time,Undelivered,Incorrect address,2,In NDR
FAS-25151,DT987651150,2026-04-11T14:30:00.000Z,Aarav Sharma,9700000100,customer1151@example.com,"House 88, Block E, Hyderabad Residency, Sector 11",,500081,Hyderabad,Telangana,DENIM-WIDE-30,Wide Fit Denim,1,1850,COD,DTDC,Shopify,Google Brand Search,Google,paid,Google Brand Search,GOO-1030,43,first_time,Undelivered,No response on phone,1,In NDR
FAS-25152,DE987651151,2026-04-12T15:30:00.000Z,Diya Verma,9700000101,customer1152@example.com,"House 89, Block F, Patna Residency, Sector 12",Near main market,800001,Patna,Bihar,KURTI-BLU-M,Blue Printed Kurti,1,1350,COD,Delhivery,WhatsApp,WhatsApp Repeat Buyers,WhatsApp,crm,WhatsApp Repeat Buyers,WHA-1031,39,first_time,RTO,Door locked,3,RTO
FAS-25153,XP987651152,2026-04-13T04:30:00.000Z,Kabir Khan,9700000102,customer1153@example.com,"House 90, Block A, Chennai Residency, Sector 1",Near main market,600042,Chennai,Tamil Nadu,DRESS-RED-S,Red Summer Dress,1,2350,COD,Xpressbees,Meta,Meta COD Scale,Meta,paid,Meta COD Scale,MET-1032,46,repeat_delivered,Undelivered,Customer refused delivery,1,In NDR
FAS-25154,EK987651153,2026-04-14T05:30:00.000Z,Ananya Iyer,9700000103,customer1154@example.com,"House 91, Block B, Bhubaneswar Residency, Sector 2",Near main market,751024,Bhubaneswar,Odisha,TSH-BLK-L,Oversized Black Tee,1,850,COD,Ekart,Instagram,Influencer Drop,Instagram,paid,Influencer Drop,INS-1033,53,first_time,Undelivered,Cash not ready,2,In NDR
FAS-25155,SH987651154,2026-04-15T06:30:00.000Z,Riya Patel,9700000104,customer1155@example.com,"House 92, Block C, Patna Residency, Sector 3",Near main market,800001,Patna,Bihar,COORD-GRN-M,Green Co-ord Set,1,2400,Prepaid,Shadowfax,Shopify,Google Brand Search,Google,paid,Google Brand Search,GOO-1034,43,first_time,Delivered,,0,Delivered
FAS-25156,SH987651155,2026-04-16T07:30:00.000Z,Vivaan Rao,9700000105,customer1156@example.com,"House 93, Block D, Patna Residency, Sector 4",,800001,Patna,Bihar,DENIM-WIDE-30,Wide Fit Denim,1,2050,Prepaid,Shiprocket,WhatsApp,WhatsApp Repeat Buyers,WhatsApp,crm,WhatsApp Repeat Buyers,WHA-1035,56,first_time,Delivered,,0,Delivered
FAS-25157,EK987651156,2026-04-17T08:30:00.000Z,Meera Singh,9700000106,customer1157@example.com,"House 94, Block E, Delhi Residency, Sector 5",Near main market,110024,Delhi,Delhi,KURTI-BLU-M,Blue Printed Kurti,1,1250,COD,Ekart,Meta,Meta COD Scale,Meta,paid,Meta COD Scale,MET-1036,56,repeat_delivered,RTO,Incorrect address,2,RTO
FAS-25158,EK987651157,2026-04-18T09:30:00.000Z,Ishaan Gupta,9700000107,customer1158@example.com,"House 95, Block F, Ghaziabad Residency, Sector 6",Near main market,201001,Ghaziabad,Uttar Pradesh,DRESS-RED-S,Red Summer Dress,1,2550,COD,Ekart,Instagram,Influencer Drop,Instagram,paid,Influencer Drop,INS-1037,45,first_time,RTO,No response on phone,3,RTO
FAS-25159,SH987651158,2026-04-19T10:30:00.000Z,Sara Ali,9700000108,customer1159@example.com,"House 96, Block A, Ahmedabad Residency, Sector 7",Near main market,380015,Ahmedabad,Gujarat,TSH-BLK-L,Oversized Black Tee,1,850,COD,Shadowfax,Shopify,Google Brand Search,Google,paid,Google Brand Search,GOO-1038,46,first_time,Undelivered,Door locked,1,In NDR
FAS-25160,SH987651159,2026-04-20T11:30:00.000Z,Nisha Nair,9700000109,customer1160@example.com,"House 97, Block B, Jaipur Residency, Sector 8",Near main market,302001,Jaipur,Rajasthan,COORD-GRN-M,Green Co-ord Set,1,2350,Prepaid,Shadowfax,WhatsApp,WhatsApp Repeat Buyers,WhatsApp,crm,WhatsApp Repeat Buyers,WHA-1039,39,first_time,Delivered,,0,Delivered
FAS-25161,DT987651160,2026-04-21T12:30:00.000Z,Aarav Sharma,9700000110,customer1161@example.com,"House 98, Block C, Pune Residency, Sector 9",,411045,Pune,Maharashtra,DENIM-WIDE-30,Wide Fit Denim,2,1950,Prepaid,DTDC,Meta,Meta COD Scale,Meta,paid,Meta COD Scale,MET-1040,45,repeat_delivered,RTO,Cash not ready,2,RTO
FAS-25162,BL987651161,2026-04-22T13:30:00.000Z,Diya Verma,9700000111,customer1162@example.com,"House 99, Block D, Kolkata Residency, Sector 10",Near main market,700016,Kolkata,West Bengal,KURTI-BLU-M,Blue Printed Kurti,1,1350,COD,Bluedart,Instagram,Influencer Drop,Instagram,paid,Influencer Drop,INS-1041,53,first_time,Delivered,,0,Delivered
FAS-25163,BL987651162,2026-04-23T14:30:00.000Z,Kabir Khan,9700000112,customer1163@example.com,"House 100, Block E, Lucknow Residency, Sector 11",Near main market,226010,Lucknow,Uttar Pradesh,DRESS-RED-S,Red Summer Dress,1,2500,Prepaid,Bluedart,Shopify,Google Brand Search,Google,paid,Google Brand Search,GOO-1042,39,first_time,RTO,Customer not available,2,RTO
FAS-25164,EK987651163,2026-04-24T15:30:00.000Z,Ananya Iyer,9700000113,customer1164@example.com,"House 101, Block F, Indore Residency, Sector 12",Near main market,452010,Indore,Madhya Pradesh,TSH-BLK-L,Oversized Black Tee,1,850,COD,Ekart,WhatsApp,WhatsApp Repeat Buyers,WhatsApp,crm,WhatsApp Repeat Buyers,WHA-1043,41,first_time,Delivered,,0,Delivered
FAS-25165,XP987651164,2026-04-25T04:30:00.000Z,Riya Patel,9700000114,customer1165@example.com,"House 102, Block A, Surat Residency, Sector 1",Near main market,395007,Surat,Gujarat,COORD-GRN-M,Green Co-ord Set,1,2400,COD,Xpressbees,Meta,Meta COD Scale,Meta,paid,Meta COD Scale,MET-1044,49,repeat_delivered,Delivered,,0,Delivered
FAS-25166,SH987651165,2026-04-26T05:30:00.000Z,Vivaan Rao,9700000115,customer1166@example.com,"House 103, Block B, Hyderabad Residency, Sector 2",,500081,Hyderabad,Telangana,DENIM-WIDE-30,Wide Fit Denim,1,1800,COD,Shiprocket,Instagram,Influencer Drop,Instagram,paid,Influencer Drop,INS-1045,48,first_time,Delivered,,0,Delivered
FAS-25167,DE987651166,2026-04-27T06:30:00.000Z,Meera Singh,9700000116,customer1167@example.com,"House 104, Block C, Mumbai Residency, Sector 3",Near main market,400053,Mumbai,Maharashtra,KURTI-BLU-M,Blue Printed Kurti,1,1250,Prepaid,Delhivery,Shopify,Google Brand Search,Google,paid,Google Brand Search,GOO-1046,52,first_time,Delivered,,0,Delivered
FAS-25168,XP987651167,2026-04-28T07:30:00.000Z,Ishaan Gupta,9700000117,customer1168@example.com,"House 105, Block D, Patna Residency, Sector 4",Near main market,800001,Patna,Bihar,DRESS-RED-S,Red Summer Dress,1,2600,COD,Xpressbees,WhatsApp,WhatsApp Repeat Buyers,WhatsApp,crm,WhatsApp Repeat Buyers,WHA-1047,50,first_time,Undelivered,Cash not ready,2,In NDR
FAS-25169,SH987651168,2026-04-29T08:30:00.000Z,Sara Ali,9700000118,customer1169@example.com,"House 106, Block E, Bhubaneswar Residency, Sector 5",Near main market,751024,Bhubaneswar,Odisha,TSH-BLK-L,Oversized Black Tee,1,850,COD,Shadowfax,Meta,Meta COD Scale,Meta,paid,Meta COD Scale,MET-1048,44,repeat_delivered,RTO,Customer requested future delivery,2,RTO
FAS-25170,SH987651169,2026-04-30T09:30:00.000Z,Nisha Nair,9700000119,customer1170@example.com,"House 107, Block F, Patna Residency, Sector 6",Near main market,800001,Patna,Bihar,COORD-GRN-M,Green Co-ord Set,1,2450,COD,Shiprocket,Instagram,Influencer Drop,Instagram,paid,Influencer Drop,INS-1049,40,first_time,Undelivered,Customer not available,2,In NDR
FAS-25171,SH987651170,2026-04-01T10:30:00.000Z,Aarav Sharma,9700000120,customer1171@example.com,"House 18, Block A, Lucknow Residency, Sector 7",,226010,Lucknow,Uttar Pradesh,DENIM-WIDE-30,Wide Fit Denim,1,1800,COD,Shiprocket,Shopify,Google Brand Search,Google,paid,Google Brand Search,GOO-1050,42,first_time,RTO,Incorrect address,2,RTO
FAS-25172,SH987651171,2026-04-02T11:30:00.000Z,Diya Verma,9700000121,customer1172@example.com,"House 19, Block B, Delhi Residency, Sector 8",Near main market,110024,Delhi,Delhi,KURTI-BLU-M,Blue Printed Kurti,1,1300,COD,Shadowfax,WhatsApp,WhatsApp Repeat Buyers,WhatsApp,crm,WhatsApp Repeat Buyers,WHA-1051,48,first_time,Undelivered,No response on phone,2,In NDR
FAS-25173,SH987651172,2026-04-03T12:30:00.000Z,Kabir Khan,9700000122,customer1173@example.com,"House 20, Block C, Surat Residency, Sector 9",Near main market,395007,Surat,Gujarat,DRESS-RED-S,Red Summer Dress,1,2550,COD,Shiprocket,Meta,Meta COD Scale,Meta,paid,Meta COD Scale,MET-1052,38,repeat_delivered,Cancelled,,0,Cancelled before shipping
FAS-25174,DE987651173,2026-04-04T13:30:00.000Z,Ananya Iyer,9700000123,customer1174@example.com,"House 21, Block D, Ahmedabad Residency, Sector 10",Near main market,380015,Ahmedabad,Gujarat,TSH-BLK-L,Oversized Black Tee,1,750,COD,Delhivery,Instagram,Influencer Drop,Instagram,paid,Influencer Drop,INS-1053,40,first_time,Delivered,,0,Delivered
FAS-25175,SH987651174,2026-04-05T14:30:00.000Z,Riya Patel,9700000124,customer1175@example.com,"House 22, Block E, Jaipur Residency, Sector 11",Near main market,302001,Jaipur,Rajasthan,COORD-GRN-M,Green Co-ord Set,1,2450,Prepaid,Shadowfax,Shopify,Google Brand Search,Google,paid,Google Brand Search,GOO-1054,53,first_time,Delivered,,0,Delivered
FAS-25176,XP987651175,2026-04-06T15:30:00.000Z,Vivaan Rao,9700000125,customer1176@example.com,"House 23, Block F, Patna Residency, Sector 12",,800001,Patna,Bihar,DENIM-WIDE-30,Wide Fit Denim,1,1900,Prepaid,Xpressbees,WhatsApp,WhatsApp Repeat Buyers,WhatsApp,crm,WhatsApp Repeat Buyers,WHA-1055,49,first_time,Undelivered,Customer requested future delivery,2,In NDR
FAS-25177,EK987651176,2026-04-07T04:30:00.000Z,Meera Singh,9700000126,customer1177@example.com,"House 24, Block A, Kolkata Residency, Sector 1",Near main market,700016,Kolkata,West Bengal,KURTI-BLU-M,Blue Printed Kurti,1,1300,COD,Ekart,Meta,Meta COD Scale,Meta,paid,Meta COD Scale,MET-1056,39,repeat_delivered,Delivered,,0,Delivered
FAS-25178,DT987651177,2026-04-08T05:30:00.000Z,Ishaan Gupta,9700000127,customer1178@example.com,"House 25, Block B, Ghaziabad Residency, Sector 2",Near main market,201001,Ghaziabad,Uttar Pradesh,DRESS-RED-S,Red Summer Dress,1,2350,Prepaid,DTDC,Instagram,Influencer Drop,Instagram,paid,Influencer Drop,INS-1057,49,first_time,RTO,Incorrect address,3,RTO
FAS-25179,DE987651178,2026-04-09T06:30:00.000Z,Sara Ali,9700000128,customer1179@example.com,"House 26, Block C, Indore Residency, Sector 3",Near main market,452010,Indore,Madhya Pradesh,TSH-BLK-L,Oversized Black Tee,1,850,Prepaid,Delhivery,Shopify,Google Brand Search,Google,paid,Google Brand Search,GOO-1058,52,first_time,Delivered,,0,Delivered
FAS-25180,EK987651179,2026-04-10T07:30:00.000Z,Nisha Nair,9700000129,customer1180@example.com,"House 27, Block D, Surat Residency, Sector 4",Near main market,395007,Surat,Gujarat,COORD-GRN-M,Green Co-ord Set,1,2300,COD,Ekart,WhatsApp,WhatsApp Repeat Buyers,WhatsApp,crm,WhatsApp Repeat Buyers,WHA-1059,45,first_time,RTO,Door locked,3,RTO
FAS-25181,XP987651180,2026-04-11T08:30:00.000Z,Aarav Sharma,9700000130,customer1181@example.com,"House 28, Block E, Hyderabad Residency, Sector 5",,500081,Hyderabad,Telangana,DENIM-WIDE-30,Wide Fit Denim,1,1750,Prepaid,Xpressbees,Meta,Meta COD Scale,Meta,paid,Meta COD Scale,MET-1060,44,repeat_delivered,RTO,Customer refused delivery,2,RTO
FAS-25182,SH987651181,2026-04-12T09:30:00.000Z,Diya Verma,9700000131,customer1182@example.com,"House 29, Block F, Mumbai Residency, Sector 6",Near main market,400053,Mumbai,Maharashtra,KURTI-BLU-M,Blue Printed Kurti,1,1250,Prepaid,Shadowfax,Instagram,Influencer Drop,Instagram,paid,Influencer Drop,INS-1061,57,first_time,Undelivered,Cash not ready,2,In NDR
FAS-25183,BL987651182,2026-04-13T10:30:00.000Z,Kabir Khan,9700000132,customer1183@example.com,"House 30, Block A, Chennai Residency, Sector 7",Near main market,600042,Chennai,Tamil Nadu,DRESS-RED-S,Red Summer Dress,1,2700,Prepaid,Bluedart,Shopify,Google Brand Search,Google,paid,Google Brand Search,GOO-1062,45,first_time,RTO,Customer requested future delivery,2,RTO
FAS-25184,BL987651183,2026-04-14T11:30:00.000Z,Ananya Iyer,9700000133,customer1184@example.com,"House 31, Block B, Patna Residency, Sector 8",Near main market,800001,Patna,Bihar,TSH-BLK-L,Oversized Black Tee,1,750,COD,Bluedart,WhatsApp,WhatsApp Repeat Buyers,WhatsApp,crm,WhatsApp Repeat Buyers,WHA-1063,53,first_time,Delivered,,0,Delivered
FAS-25185,DT987651184,2026-04-15T12:30:00.000Z,Riya Patel,9700000134,customer1185@example.com,"House 32, Block C, Surat Residency, Sector 9",Near main market,395007,Surat,Gujarat,COORD-GRN-M,Green Co-ord Set,1,2300,COD,DTDC,Meta,Meta COD Scale,Meta,paid,Meta COD Scale,MET-1064,42,repeat_delivered,Undelivered,Incorrect address,1,In NDR
FAS-25186,SH987651185,2026-04-16T13:30:00.000Z,Vivaan Rao,9700000135,customer1186@example.com,"House 33, Block D, Ghaziabad Residency, Sector 10",,201001,Ghaziabad,Uttar Pradesh,DENIM-WIDE-30,Wide Fit Denim,1,1950,Prepaid,Shadowfax,Instagram,Influencer Drop,Instagram,paid,Influencer Drop,INS-1065,58,first_time,Delivered,,0,Delivered
FAS-25187,SH987651186,2026-04-17T14:30:00.000Z,Meera Singh,9700000136,customer1187@example.com,Near temple main road Lucknow,,226010,Lucknow,Uttar Pradesh,KURTI-BLU-M,Blue Printed Kurti,1,1350,COD,Shadowfax,Shopify,Google Brand Search,Google,paid,Google Brand Search,GOO-1066,55,first_time,RTO,Door locked,2,RTO
FAS-25188,XP987651187,2026-04-18T15:30:00.000Z,Ishaan Gupta,9700000137,customer1188@example.com,Near temple main road Patna,,800001,Patna,Bihar,DRESS-RED-S,Red Summer Dress,1,2450,COD,Xpressbees,WhatsApp,WhatsApp Repeat Buyers,WhatsApp,crm,WhatsApp Repeat Buyers,WHA-1067,41,first_time,RTO,Customer refused delivery,3,RTO
FAS-25189,SH987651188,2026-04-19T04:30:00.000Z,Sara Ali,9700000138,customer1189@example.com,"House 36, Block A, Ahmedabad Residency, Sector 1",Near main market,380015,Ahmedabad,Gujarat,TSH-BLK-L,Oversized Black Tee,1,750,Prepaid,Shiprocket,Meta,Meta COD Scale,Meta,paid,Meta COD Scale,MET-1068,52,repeat_delivered,Delivered,,0,Delivered
FAS-25190,SH987651189,2026-04-20T05:30:00.000Z,Nisha Nair,9700000139,customer1190@example.com,"House 37, Block B, Jaipur Residency, Sector 2",Near main market,302001,Jaipur,Rajasthan,COORD-GRN-M,Green Co-ord Set,2,2350,Prepaid,Shadowfax,Instagram,Influencer Drop,Instagram,paid,Influencer Drop,INS-1069,39,first_time,Undelivered,Customer requested future delivery,2,In NDR
FAS-25191,SH987651190,2026-04-21T06:30:00.000Z,Aarav Sharma,9700000140,customer1191@example.com,"House 38, Block C, Pune Residency, Sector 3",,411045,Pune,Maharashtra,DENIM-WIDE-30,Wide Fit Denim,1,1850,COD,Shadowfax,Shopify,Google Brand Search,Google,paid,Google Brand Search,GOO-1070,42,first_time,RTO,Customer not available,2,RTO
FAS-25192,DT987651191,2026-04-22T07:30:00.000Z,Diya Verma,9700000141,customer1192@example.com,"House 39, Block D, Kolkata Residency, Sector 4",Near main market,700016,Kolkata,West Bengal,KURTI-BLU-M,Blue Printed Kurti,1,1250,COD,DTDC,WhatsApp,WhatsApp Repeat Buyers,WhatsApp,crm,WhatsApp Repeat Buyers,WHA-1071,54,first_time,Delivered,,0,Delivered
FAS-25193,BL987651192,2026-04-23T08:30:00.000Z,Kabir Khan,9700000142,customer1193@example.com,"House 40, Block E, Lucknow Residency, Sector 5",Near main market,226010,Lucknow,Uttar Pradesh,DRESS-RED-S,Red Summer Dress,1,2300,COD,Bluedart,Meta,Meta COD Scale,Meta,paid,Meta COD Scale,MET-1072,51,repeat_delivered,RTO,No response on phone,2,RTO
FAS-25194,EK987651193,2026-04-24T09:30:00.000Z,Ananya Iyer,9700000143,customer1194@example.com,"House 41, Block F, Indore Residency, Sector 6",Near main market,452010,Indore,Madhya Pradesh,TSH-BLK-L,Oversized Black Tee,1,850,COD,Ekart,Instagram,Influencer Drop,Instagram,paid,Influencer Drop,INS-1073,54,first_time,RTO,Door locked,3,RTO
FAS-25195,DT987651194,2026-04-25T10:30:00.000Z,Riya Patel,9700000144,customer1195@example.com,"House 42, Block A, Lucknow Residency, Sector 7",Near main market,226010,Lucknow,Uttar Pradesh,COORD-GRN-M,Green Co-ord Set,1,2400,COD,DTDC,Shopify,Google Brand Search,Google,paid,Google Brand Search,GOO-1074,39,first_time,Undelivered,Customer refused delivery,1,In NDR
FAS-25196,XP987651195,2026-04-26T11:30:00.000Z,Vivaan Rao,9700000145,customer1196@example.com,"House 43, Block B, Patna Residency, Sector 8",,800001,Patna,Bihar,DENIM-WIDE-30,Wide Fit Denim,1,2000,COD,Xpressbees,WhatsApp,WhatsApp Repeat Buyers,WhatsApp,crm,WhatsApp Repeat Buyers,WHA-1075,44,first_time,Undelivered,Cash not ready,2,In NDR
FAS-25197,SH987651196,2026-04-27T12:30:00.000Z,Meera Singh,9700000146,customer1197@example.com,"House 44, Block C, Mumbai Residency, Sector 9",Near main market,400053,Mumbai,Maharashtra,KURTI-BLU-M,Blue Printed Kurti,1,1300,COD,Shiprocket,Meta,Meta COD Scale,Meta,paid,Meta COD Scale,MET-1076,49,repeat_delivered,RTO,Customer requested future delivery,2,RTO
FAS-25198,SH987651197,2026-04-28T13:30:00.000Z,Ishaan Gupta,9700000147,customer1198@example.com,"House 45, Block D, Ghaziabad Residency, Sector 10",Near main market,201001,Ghaziabad,Uttar Pradesh,DRESS-RED-S,Red Summer Dress,1,2600,COD,Shadowfax,Instagram,Influencer Drop,Instagram,paid,Influencer Drop,INS-1077,52,first_time,Undelivered,Customer not available,2,In NDR
FAS-25199,DE987651198,2026-04-29T14:30:00.000Z,Sara Ali,9700000148,customer1199@example.com,Near temple main road Lucknow,,226010,Lucknow,Uttar Pradesh,TSH-BLK-L,Oversized Black Tee,1,750,COD,Delhivery,Shopify,Google Brand Search,Google,paid,Google Brand Search,GOO-1078,41,first_time,RTO,Incorrect address,2,RTO
FAS-25200,EK987651199,2026-04-30T15:30:00.000Z,Nisha Nair,9700000149,customer1200@example.com,"House 47, Block F, Patna Residency, Sector 12",Near main market,800001,Patna,Bihar,COORD-GRN-M,Green Co-ord Set,1,2350,Prepaid,Ekart,WhatsApp,WhatsApp Repeat Buyers,WhatsApp,crm,WhatsApp Repeat Buyers,WHA-1079,50,first_time,RTO,No response on phone,3,RTO
FAS-25201,BL987651200,2026-04-01T04:30:00.000Z,Aarav Sharma,9700000150,customer1201@example.com,"House 48, Block A, Ghaziabad Residency, Sector 1",,201001,Ghaziabad,Uttar Pradesh,DENIM-WIDE-30,Wide Fit Denim,1,1750,Prepaid,Bluedart,Meta,Meta COD Scale,Meta,paid,Meta COD Scale,MET-1000,40,repeat_delivered,Delivered,,0,Delivered
FAS-25202,DT987651201,2026-04-02T05:30:00.000Z,Diya Verma,9700000151,customer1202@example.com,"House 49, Block B, Delhi Residency, Sector 2",Near main market,110024,Delhi,Delhi,KURTI-BLU-M,Blue Printed Kurti,1,1250,COD,DTDC,Instagram,Influencer Drop,Instagram,paid,Influencer Drop,INS-1001,55,first_time,Undelivered,Customer refused delivery,2,In NDR
FAS-25203,SH987651202,2026-04-03T06:30:00.000Z,Kabir Khan,9700000152,customer1203@example.com,"House 50, Block C, Bengaluru Residency, Sector 3",Near main market,560095,Bengaluru,Karnataka,DRESS-RED-S,Red Summer Dress,1,2500,COD,Shadowfax,Shopify,Google Brand Search,Google,paid,Google Brand Search,GOO-1002,51,first_time,RTO,Cash not ready,2,RTO
FAS-25204,BL987651203,2026-04-04T07:30:00.000Z,Ananya Iyer,9700000153,customer1204@example.com,Near temple main road Patna,,800001,Patna,Bihar,TSH-BLK-L,Oversized Black Tee,1,750,COD,Bluedart,WhatsApp,WhatsApp Repeat Buyers,WhatsApp,crm,WhatsApp Repeat Buyers,WHA-1003,41,first_time,RTO,Customer requested future delivery,3,RTO
FAS-25205,DT987651204,2026-04-05T08:30:00.000Z,Riya Patel,9700000154,customer1205@example.com,"House 52, Block E, Jaipur Residency, Sector 5",Near main market,302001,Jaipur,Rajasthan,COORD-GRN-M,Green Co-ord Set,1,2150,COD,DTDC,Meta,Meta COD Scale,Meta,paid,Meta COD Scale,MET-1004,44,repeat_delivered,RTO,Customer not available,2,RTO
FAS-25206,XP987651205,2026-04-06T09:30:00.000Z,Vivaan Rao,9700000155,customer1206@example.com,"House 53, Block F, Ghaziabad Residency, Sector 6",,201001,Ghaziabad,Uttar Pradesh,DENIM-WIDE-30,Wide Fit Denim,1,1950,COD,Xpressbees,Instagram,Influencer Drop,Instagram,paid,Influencer Drop,INS-1005,55,first_time,Undelivered,Incorrect address,2,In NDR
FAS-25207,DE987651206,2026-04-07T10:30:00.000Z,Meera Singh,9700000156,customer1207@example.com,"House 54, Block A, Lucknow Residency, Sector 7",Near main market,226010,Lucknow,Uttar Pradesh,KURTI-BLU-M,Blue Printed Kurti,1,1350,COD,Delhivery,Shopify,Google Brand Search,Google,paid,Google Brand Search,GOO-1006,57,first_time,Undelivered,No response on phone,1,In NDR
FAS-25208,DT987651207,2026-04-08T11:30:00.000Z,Ishaan Gupta,9700000157,customer1208@example.com,"House 55, Block B, Lucknow Residency, Sector 8",Near main market,226010,Lucknow,Uttar Pradesh,DRESS-RED-S,Red Summer Dress,1,2350,COD,DTDC,WhatsApp,WhatsApp Repeat Buyers,WhatsApp,crm,WhatsApp Repeat Buyers,WHA-1007,48,first_time,Delivered,,0,Delivered
FAS-25209,DE987651208,2026-04-09T12:30:00.000Z,Sara Ali,9700000158,customer1209@example.com,"House 56, Block C, Surat Residency, Sector 9",Near main market,395007,Surat,Gujarat,TSH-BLK-L,Oversized Black Tee,1,750,Prepaid,Delhivery,Meta,Meta COD Scale,Meta,paid,Meta COD Scale,MET-1008,49,repeat_delivered,RTO,Customer refused delivery,2,RTO
FAS-25210,DT987651209,2026-04-10T13:30:00.000Z,Nisha Nair,9700000159,customer1210@example.com,Near temple main road Ghaziabad,,201001,Ghaziabad,Uttar Pradesh,COORD-GRN-M,Green Co-ord Set,1,2350,Prepaid,DTDC,Instagram,Influencer Drop,Instagram,paid,Influencer Drop,INS-1009,40,first_time,Undelivered,Cash not ready,2,In NDR
FAS-25211,DT987651210,2026-04-11T14:30:00.000Z,Aarav Sharma,9700000160,customer1211@example.com,"House 58, Block E, Lucknow Residency, Sector 11",,226010,Lucknow,Uttar Pradesh,DENIM-WIDE-30,Wide Fit Denim,1,2050,Prepaid,DTDC,Shopify,Google Brand Search,Google,paid,Google Brand Search,GOO-1010,49,first_time,RTO,Customer requested future delivery,2,RTO
FAS-25212,DT987651211,2026-04-12T15:30:00.000Z,Diya Verma,9700000161,customer1212@example.com,"House 59, Block F, Mumbai Residency, Sector 12",Near main market,400053,Mumbai,Maharashtra,KURTI-BLU-M,Blue Printed Kurti,1,1350,COD,DTDC,WhatsApp,WhatsApp Repeat Buyers,WhatsApp,crm,WhatsApp Repeat Buyers,WHA-1011,39,first_time,RTO,Customer not available,3,RTO
FAS-25213,BL987651212,2026-04-13T04:30:00.000Z,Kabir Khan,9700000162,customer1213@example.com,"House 60, Block A, Chennai Residency, Sector 1",Near main market,600042,Chennai,Tamil Nadu,DRESS-RED-S,Red Summer Dress,1,2700,Prepaid,Bluedart,Meta,Meta COD Scale,Meta,paid,Meta COD Scale,MET-1012,40,repeat_delivered,Delivered,,0,Delivered
FAS-25214,BL987651213,2026-04-14T05:30:00.000Z,Ananya Iyer,9700000163,customer1214@example.com,"House 61, Block B, Ghaziabad Residency, Sector 2",Near main market,201001,Ghaziabad,Uttar Pradesh,TSH-BLK-L,Oversized Black Tee,1,800,Prepaid,Bluedart,Instagram,Influencer Drop,Instagram,paid,Influencer Drop,INS-1013,54,first_time,Delivered,,0,Delivered
FAS-25215,DT987651214,2026-04-15T06:30:00.000Z,Riya Patel,9700000164,customer1215@example.com,"House 62, Block C, Lucknow Residency, Sector 3",Near main market,226010,Lucknow,Uttar Pradesh,COORD-GRN-M,Green Co-ord Set,1,2300,Prepaid,DTDC,Shopify,Google Brand Search,Google,paid,Google Brand Search,GOO-1014,38,first_time,RTO,Door locked,2,RTO
FAS-25216,EK987651215,2026-04-16T07:30:00.000Z,Vivaan Rao,9700000165,customer1216@example.com,"House 63, Block D, Patna Residency, Sector 4",,800001,Patna,Bihar,DENIM-WIDE-30,Wide Fit Denim,1,1900,COD,Ekart,WhatsApp,WhatsApp Repeat Buyers,WhatsApp,crm,WhatsApp Repeat Buyers,WHA-1015,52,first_time,RTO,Customer refused delivery,3,RTO
FAS-25217,DE987651216,2026-04-17T08:30:00.000Z,Meera Singh,9700000166,customer1217@example.com,"House 64, Block E, Delhi Residency, Sector 5",Near main market,110024,Delhi,Delhi,KURTI-BLU-M,Blue Printed Kurti,1,1300,COD,Delhivery,Meta,Meta COD Scale,Meta,paid,Meta COD Scale,MET-1016,43,repeat_delivered,RTO,Cash not ready,2,RTO
FAS-25218,DT987651217,2026-04-18T09:30:00.000Z,Ishaan Gupta,9700000167,customer1218@example.com,Near temple main road Ghaziabad,,201001,Ghaziabad,Uttar Pradesh,DRESS-RED-S,Red Summer Dress,1,2650,Prepaid,DTDC,Instagram,Influencer Drop,Instagram,paid,Influencer Drop,INS-1017,41,first_time,RTO,Customer requested future delivery,3,RTO
FAS-25219,BL987651218,2026-04-19T10:30:00.000Z,Sara Ali,9700000168,customer1219@example.com,"House 66, Block A, Ahmedabad Residency, Sector 7",Near main market,380015,Ahmedabad,Gujarat,TSH-BLK-L,Oversized Black Tee,2,750,Prepaid,Bluedart,Shopify,Google Brand Search,Google,paid,Google Brand Search,GOO-1018,56,first_time,Delivered,,0,Delivered
FAS-25220,BL987651219,2026-04-20T11:30:00.000Z,Nisha Nair,9700000169,customer1220@example.com,"House 67, Block B, Jaipur Residency, Sector 8",Near main market,302001,Jaipur,Rajasthan,COORD-GRN-M,Green Co-ord Set,1,2350,COD,Bluedart,WhatsApp,WhatsApp Repeat Buyers,WhatsApp,crm,WhatsApp Repeat Buyers,WHA-1019,57,first_time,RTO,Incorrect address,3,RTO
FAS-25221,SH987651220,2026-04-21T12:30:00.000Z,Aarav Sharma,9700000170,customer1221@example.com,"House 68, Block C, Pune Residency, Sector 9",,411045,Pune,Maharashtra,DENIM-WIDE-30,Wide Fit Denim,1,2050,COD,Shiprocket,Meta,Meta COD Scale,Meta,paid,Meta COD Scale,MET-1020,45,repeat_delivered,Cancelled,,0,Cancelled before shipping
FAS-25222,SH987651221,2026-04-22T13:30:00.000Z,Diya Verma,9700000171,customer1222@example.com,Near temple main road Ghaziabad,,201001,Ghaziabad,Uttar Pradesh,KURTI-BLU-M,Blue Printed Kurti,1,1350,Prepaid,Shadowfax,Instagram,Influencer Drop,Instagram,paid,Influencer Drop,INS-1021,44,first_time,RTO,Door locked,3,RTO
FAS-25223,XP987651222,2026-04-23T14:30:00.000Z,Kabir Khan,9700000172,customer1223@example.com,"House 70, Block E, Lucknow Residency, Sector 11",Near main market,226010,Lucknow,Uttar Pradesh,DRESS-RED-S,Red Summer Dress,1,2600,COD,Xpressbees,Shopify,Google Brand Search,Google,paid,Google Brand Search,GOO-1022,52,first_time,Delivered,,0,Delivered
FAS-25224,DE987651223,2026-04-24T15:30:00.000Z,Ananya Iyer,9700000173,customer1224@example.com,"House 71, Block F, Indore Residency, Sector 12",Near main market,452010,Indore,Madhya Pradesh,TSH-BLK-L,Oversized Black Tee,1,850,Prepaid,Delhivery,WhatsApp,WhatsApp Repeat Buyers,WhatsApp,crm,WhatsApp Repeat Buyers,WHA-1023,48,first_time,RTO,Cash not ready,3,RTO
FAS-25225,BL987651224,2026-04-25T04:30:00.000Z,Riya Patel,9700000174,customer1225@example.com,"House 72, Block A, Surat Residency, Sector 1",Near main market,395007,Surat,Gujarat,COORD-GRN-M,Green Co-ord Set,1,2300,COD,Bluedart,Meta,Meta COD Scale,Meta,paid,Meta COD Scale,MET-1024,54,repeat_delivered,Undelivered,Customer requested future delivery,1,In NDR
FAS-25226,BL987651225,2026-04-26T05:30:00.000Z,Vivaan Rao,9700000175,customer1226@example.com,Near temple main road Ghaziabad,,201001,Ghaziabad,Uttar Pradesh,DENIM-WIDE-30,Wide Fit Denim,1,2050,Prepaid,Bluedart,Instagram,Influencer Drop,Instagram,paid,Influencer Drop,INS-1025,43,first_time,Undelivered,Customer not available,2,In NDR
FAS-25227,BL987651226,2026-04-27T06:30:00.000Z,Meera Singh,9700000176,customer1227@example.com,"House 74, Block C, Lucknow Residency, Sector 3",Near main market,226010,Lucknow,Uttar Pradesh,KURTI-BLU-M,Blue Printed Kurti,1,1200,COD,Bluedart,Shopify,Google Brand Search,Google,paid,Google Brand Search,GOO-1026,38,first_time,Undelivered,Incorrect address,1,In NDR
FAS-25228,DT987651227,2026-04-28T07:30:00.000Z,Ishaan Gupta,9700000177,customer1228@example.com,"House 75, Block D, Patna Residency, Sector 4",Near main market,800001,Patna,Bihar,DRESS-RED-S,Red Summer Dress,1,2300,COD,DTDC,WhatsApp,WhatsApp Repeat Buyers,WhatsApp,crm,WhatsApp Repeat Buyers,WHA-1027,57,first_time,RTO,No response on phone,3,RTO
FAS-25229,EK987651228,2026-04-29T08:30:00.000Z,Sara Ali,9700000178,customer1229@example.com,"House 76, Block E, Bhubaneswar Residency, Sector 5",Near main market,751024,Bhubaneswar,Odisha,TSH-BLK-L,Oversized Black Tee,1,850,COD,Ekart,Meta,Meta COD Scale,Meta,paid,Meta COD Scale,MET-1028,44,repeat_delivered,Delivered,,0,Delivered
FAS-25230,SH987651229,2026-04-30T09:30:00.000Z,Nisha Nair,9700000179,customer1230@example.com,"House 77, Block F, Patna Residency, Sector 6",Near main market,800001,Patna,Bihar,COORD-GRN-M,Green Co-ord Set,1,2200,Prepaid,Shiprocket,Instagram,Influencer Drop,Instagram,paid,Influencer Drop,INS-1029,42,first_time,Undelivered,Customer refused delivery,2,In NDR
FAS-25231,DE987651230,2026-04-01T10:30:00.000Z,Aarav Sharma,9700000180,customer1231@example.com,"House 78, Block A, Ghaziabad Residency, Sector 7",,201001,Ghaziabad,Uttar Pradesh,DENIM-WIDE-30,Wide Fit Denim,1,1850,COD,Delhivery,Shopify,Google Brand Search,Google,paid,Google Brand Search,GOO-1030,47,first_time,Undelivered,Cash not ready,1,In NDR
FAS-25232,DE987651231,2026-04-02T11:30:00.000Z,Diya Verma,9700000181,customer1232@example.com,"House 79, Block B, Delhi Residency, Sector 8",Near main market,110024,Delhi,Delhi,KURTI-BLU-M,Blue Printed Kurti,1,1250,COD,Delhivery,WhatsApp,WhatsApp Repeat Buyers,WhatsApp,crm,WhatsApp Repeat Buyers,WHA-1031,53,first_time,Delivered,,0,Delivered
FAS-25233,SH987651232,2026-04-03T12:30:00.000Z,Kabir Khan,9700000182,customer1233@example.com,"House 80, Block C, Surat Residency, Sector 9",Near main market,395007,Surat,Gujarat,DRESS-RED-S,Red Summer Dress,1,2600,COD,Shadowfax,Meta,Meta COD Scale,Meta,paid,Meta COD Scale,MET-1032,55,repeat_delivered,RTO,Customer not available,2,RTO
FAS-25234,EK987651233,2026-04-04T13:30:00.000Z,Ananya Iyer,9700000183,customer1234@example.com,"House 81, Block D, Ghaziabad Residency, Sector 10",Near main market,201001,Ghaziabad,Uttar Pradesh,TSH-BLK-L,Oversized Black Tee,1,850,Prepaid,Ekart,Instagram,Influencer Drop,Instagram,paid,Influencer Drop,INS-1033,50,first_time,Delivered,,0,Delivered
FAS-25235,SH987651234,2026-04-05T14:30:00.000Z,Riya Patel,9700000184,customer1235@example.com,"House 82, Block E, Jaipur Residency, Sector 11",Near main market,302001,Jaipur,Rajasthan,COORD-GRN-M,Green Co-ord Set,1,2200,Prepaid,Shiprocket,Shopify,Google Brand Search,Google,paid,Google Brand Search,GOO-1034,43,first_time,Undelivered,No response on phone,1,In NDR
FAS-25236,DE987651235,2026-04-06T15:30:00.000Z,Vivaan Rao,9700000185,customer1236@example.com,Near temple main road Patna,,800001,Patna,Bihar,DENIM-WIDE-30,Wide Fit Denim,1,1900,COD,Delhivery,WhatsApp,WhatsApp Repeat Buyers,WhatsApp,crm,WhatsApp Repeat Buyers,WHA-1035,56,first_time,RTO,Door locked,3,RTO
FAS-25237,DE987651236,2026-04-07T04:30:00.000Z,Meera Singh,9700000186,customer1237@example.com,"House 84, Block A, Kolkata Residency, Sector 1",Near main market,700016,Kolkata,West Bengal,KURTI-BLU-M,Blue Printed Kurti,1,1300,COD,Delhivery,Meta,Meta COD Scale,Meta,paid,Meta COD Scale,MET-1036,41,repeat_delivered,Delivered,,0,Delivered
FAS-25238,BL987651237,2026-04-08T05:30:00.000Z,Ishaan Gupta,9700000187,customer1238@example.com,"House 85, Block B, Lucknow Residency, Sector 2",Near main market,226010,Lucknow,Uttar Pradesh,DRESS-RED-S,Red Summer Dress,1,2700,COD,Bluedart,Instagram,Influencer Drop,Instagram,paid,Influencer Drop,INS-1037,48,first_time,RTO,Cash not ready,3,RTO
FAS-25239,SH987651238,2026-04-09T06:30:00.000Z,Sara Ali,9700000188,customer1239@example.com,"House 86, Block C, Indore Residency, Sector 3",Near main market,452010,Indore,Madhya Pradesh,TSH-BLK-L,Oversized Black Tee,1,800,COD,Shiprocket,Shopify,Google Brand Search,Google,paid,Google Brand Search,GOO-1038,51,first_time,Delivered,,0,Delivered
FAS-25240,BL987651239,2026-04-10T07:30:00.000Z,Nisha Nair,9700000189,customer1240@example.com,"House 87, Block D, Surat Residency, Sector 4",Near main market,395007,Surat,Gujarat,COORD-GRN-M,Green Co-ord Set,1,2500,COD,Bluedart,WhatsApp,WhatsApp Repeat Buyers,WhatsApp,crm,WhatsApp Repeat Buyers,WHA-1039,47,first_time,Delivered,,0,Delivered
FAS-25241,BL987651240,2026-04-11T08:30:00.000Z,Aarav Sharma,9700000190,customer1241@example.com,Near temple main road Surat,,395007,Surat,Gujarat,DENIM-WIDE-30,Wide Fit Denim,1,1950,COD,Bluedart,Meta,Meta COD Scale,Meta,paid,Meta COD Scale,MET-1040,52,repeat_delivered,Undelivered,Incorrect address,1,In NDR
FAS-25242,DT987651241,2026-04-12T09:30:00.000Z,Diya Verma,9700000191,customer1242@example.com,"House 89, Block F, Mumbai Residency, Sector 6",Near main market,400053,Mumbai,Maharashtra,KURTI-BLU-M,Blue Printed Kurti,1,1300,COD,DTDC,Instagram,Influencer Drop,Instagram,paid,Influencer Drop,INS-1041,48,first_time,Undelivered,No response on phone,2,In NDR
FAS-25243,SH987651242,2026-04-13T10:30:00.000Z,Kabir Khan,9700000192,customer1243@example.com,Near temple main road Lucknow,,226010,Lucknow,Uttar Pradesh,DRESS-RED-S,Red Summer Dress,1,2450,COD,Shadowfax,Shopify,Google Brand Search,Google,paid,Google Brand Search,GOO-1042,48,first_time,RTO,Door locked,2,RTO
FAS-25244,BL987651243,2026-04-14T11:30:00.000Z,Ananya Iyer,9700000193,customer1244@example.com,"House 91, Block B, Bhubaneswar Residency, Sector 8",Near main market,751024,Bhubaneswar,Odisha,TSH-BLK-L,Oversized Black Tee,1,800,COD,Bluedart,WhatsApp,WhatsApp Repeat Buyers,WhatsApp,crm,WhatsApp Repeat Buyers,WHA-1043,39,first_time,Delivered,,0,Delivered
FAS-25245,DE987651244,2026-04-15T12:30:00.000Z,Riya Patel,9700000194,customer1245@example.com,"House 92, Block C, Patna Residency, Sector 9",Near main market,800001,Patna,Bihar,COORD-GRN-M,Green Co-ord Set,1,2450,COD,Delhivery,Meta,Meta COD Scale,Meta,paid,Meta COD Scale,MET-1044,42,repeat_delivered,Delivered,,0,Delivered
FAS-25246,SH987651245,2026-04-16T13:30:00.000Z,Vivaan Rao,9700000195,customer1246@example.com,"House 93, Block D, Ghaziabad Residency, Sector 10",,201001,Ghaziabad,Uttar Pradesh,DENIM-WIDE-30,Wide Fit Denim,1,1900,Prepaid,Shadowfax,Instagram,Influencer Drop,Instagram,paid,Influencer Drop,INS-1045,51,first_time,Undelivered,Customer requested future delivery,2,In NDR
FAS-25247,SH987651246,2026-04-17T14:30:00.000Z,Meera Singh,9700000196,customer1247@example.com,"House 94, Block E, Lucknow Residency, Sector 11",Near main market,226010,Lucknow,Uttar Pradesh,KURTI-BLU-M,Blue Printed Kurti,1,1200,Prepaid,Shadowfax,Shopify,Google Brand Search,Google,paid,Google Brand Search,GOO-1046,42,first_time,RTO,Customer not available,2,RTO
FAS-25248,XP987651247,2026-04-18T15:30:00.000Z,Ishaan Gupta,9700000197,customer1248@example.com,"House 95, Block F, Bengaluru Residency, Sector 12",Near main market,560095,Bengaluru,Karnataka,DRESS-RED-S,Red Summer Dress,2,2450,Prepaid,Xpressbees,WhatsApp,WhatsApp Repeat Buyers,WhatsApp,crm,WhatsApp Repeat Buyers,WHA-1047,52,first_time,RTO,Incorrect address,3,RTO
FAS-25249,BL987651248,2026-04-19T04:30:00.000Z,Sara Ali,9700000198,customer1249@example.com,Near temple main road Surat,,395007,Surat,Gujarat,TSH-BLK-L,Oversized Black Tee,1,800,Prepaid,Bluedart,Meta,Meta COD Scale,Meta,paid,Meta COD Scale,MET-1048,54,repeat_delivered,RTO,No response on phone,2,RTO
FAS-25250,DT987651249,2026-04-20T05:30:00.000Z,Nisha Nair,9700000199,customer1250@example.com,"House 97, Block B, Ghaziabad Residency, Sector 2",Near main market,201001,Ghaziabad,Uttar Pradesh,COORD-GRN-M,Green Co-ord Set,1,2250,COD,DTDC,Instagram,Influencer Drop,Instagram,paid,Influencer Drop,INS-1049,44,first_time,RTO,Door locked,3,RTO
FAS-25251,DE987651250,2026-04-21T06:30:00.000Z,Aarav Sharma,9700000200,customer1251@example.com,"House 98, Block C, Pune Residency, Sector 3",,411045,Pune,Maharashtra,DENIM-WIDE-30,Wide Fit Denim,1,1850,COD,Delhivery,Shopify,Google Brand Search,Google,paid,Google Brand Search,GOO-1050,48,first_time,Undelivered,Customer refused delivery,1,In NDR
FAS-25252,BL987651251,2026-04-22T07:30:00.000Z,Diya Verma,9700000201,customer1252@example.com,"House 99, Block D, Kolkata Residency, Sector 4",Near main market,700016,Kolkata,West Bengal,KURTI-BLU-M,Blue Printed Kurti,1,1300,COD,Bluedart,WhatsApp,WhatsApp Repeat Buyers,WhatsApp,crm,WhatsApp Repeat Buyers,WHA-1051,55,first_time,Delivered,,0,Delivered
FAS-25253,SH987651252,2026-04-23T08:30:00.000Z,Kabir Khan,9700000202,customer1253@example.com,"House 100, Block E, Lucknow Residency, Sector 5",Near main market,226010,Lucknow,Uttar Pradesh,DRESS-RED-S,Red Summer Dress,1,2450,COD,Shiprocket,Meta,Meta COD Scale,Meta,paid,Meta COD Scale,MET-1052,44,repeat_delivered,RTO,Customer requested future delivery,2,RTO
FAS-25254,BL987651253,2026-04-24T09:30:00.000Z,Ananya Iyer,9700000203,customer1254@example.com,"House 101, Block F, Indore Residency, Sector 6",Near main market,452010,Indore,Madhya Pradesh,TSH-BLK-L,Oversized Black Tee,1,850,Prepaid,Bluedart,Instagram,Influencer Drop,Instagram,paid,Influencer Drop,INS-1053,44,first_time,Undelivered,Customer not available,2,In NDR
FAS-25255,DE987651254,2026-04-25T10:30:00.000Z,Riya Patel,9700000204,customer1255@example.com,"House 102, Block A, Surat Residency, Sector 7",Near main market,395007,Surat,Gujarat,COORD-GRN-M,Green Co-ord Set,1,2300,Prepaid,Delhivery,Shopify,Google Brand Search,Google,paid,Google Brand Search,GOO-1054,42,first_time,Delivered,,0,Delivered
FAS-25256,SH987651255,2026-04-26T11:30:00.000Z,Vivaan Rao,9700000205,customer1256@example.com,"House 103, Block B, Hyderabad Residency, Sector 8",,500081,Hyderabad,Telangana,DENIM-WIDE-30,Wide Fit Denim,1,1850,Prepaid,Shiprocket,WhatsApp,WhatsApp Repeat Buyers,WhatsApp,crm,WhatsApp Repeat Buyers,WHA-1055,51,first_time,Delivered,,0,Delivered
FAS-25257,SH987651256,2026-04-27T12:30:00.000Z,Meera Singh,9700000206,customer1257@example.com,"House 104, Block C, Mumbai Residency, Sector 9",Near main market,400053,Mumbai,Maharashtra,KURTI-BLU-M,Blue Printed Kurti,1,1200,COD,Shadowfax,Meta,Meta COD Scale,Meta,paid,Meta COD Scale,MET-1056,40,repeat_delivered,Undelivered,Door locked,1,In NDR
FAS-25258,DT987651257,2026-04-28T13:30:00.000Z,Ishaan Gupta,9700000207,customer1258@example.com,Near temple main road Ghaziabad,,201001,Ghaziabad,Uttar Pradesh,DRESS-RED-S,Red Summer Dress,1,2450,COD,DTDC,Instagram,Influencer Drop,Instagram,paid,Influencer Drop,INS-1057,42,first_time,RTO,Customer refused delivery,3,RTO
FAS-25259,EK987651258,2026-04-29T14:30:00.000Z,Sara Ali,9700000208,customer1259@example.com,Near temple main road Lucknow,,226010,Lucknow,Uttar Pradesh,TSH-BLK-L,Oversized Black Tee,1,850,Prepaid,Ekart,Shopify,Google Brand Search,Google,paid,Google Brand Search,GOO-1058,39,first_time,Delivered,,0,Delivered
FAS-25260,XP987651259,2026-04-30T15:30:00.000Z,Nisha Nair,9700000209,customer1260@example.com,"House 107, Block F, Patna Residency, Sector 12",Near main market,800001,Patna,Bihar,COORD-GRN-M,Green Co-ord Set,1,2250,Prepaid,Xpressbees,WhatsApp,WhatsApp Repeat Buyers,WhatsApp,crm,WhatsApp Repeat Buyers,WHA-1059,45,first_time,RTO,Customer requested future delivery,3,RTO
FAS-25261,SH987651260,2026-04-01T04:30:00.000Z,Aarav Sharma,9700000210,customer1261@example.com,Near temple main road Surat,,395007,Surat,Gujarat,DENIM-WIDE-30,Wide Fit Denim,1,1950,COD,Shadowfax,Meta,Meta COD Scale,Meta,paid,Meta COD Scale,MET-1060,43,repeat_delivered,RTO,Customer not available,2,RTO
FAS-25262,BL987651261,2026-04-02T05:30:00.000Z,Diya Verma,9700000211,customer1262@example.com,"House 19, Block B, Ghaziabad Residency, Sector 2",Near main market,201001,Ghaziabad,Uttar Pradesh,KURTI-BLU-M,Blue Printed Kurti,1,1350,COD,Bluedart,Instagram,Influencer Drop,Instagram,paid,Influencer Drop,INS-1061,57,first_time,Delivered,,0,Delivered
FAS-25263,DT987651262,2026-04-03T06:30:00.000Z,Kabir Khan,9700000212,customer1263@example.com,"House 20, Block C, Bengaluru Residency, Sector 3",Near main market,560095,Bengaluru,Karnataka,DRESS-RED-S,Red Summer Dress,1,2600,Prepaid,DTDC,Shopify,Google Brand Search,Google,paid,Google Brand Search,GOO-1062,51,first_time,RTO,No response on phone,2,RTO
FAS-25264,SH987651263,2026-04-04T07:30:00.000Z,Ananya Iyer,9700000213,customer1264@example.com,"House 21, Block D, Ahmedabad Residency, Sector 4",Near main market,380015,Ahmedabad,Gujarat,TSH-BLK-L,Oversized Black Tee,1,850,COD,Shiprocket,WhatsApp,WhatsApp Repeat Buyers,WhatsApp,crm,WhatsApp Repeat Buyers,WHA-1063,42,first_time,Delivered,,0,Delivered
FAS-25265,SH987651264,2026-04-05T08:30:00.000Z,Riya Patel,9700000214,customer1265@example.com,"House 22, Block E, Jaipur Residency, Sector 5",Near main market,302001,Jaipur,Rajasthan,COORD-GRN-M,Green Co-ord Set,1,2200,COD,Shadowfax,Meta,Meta COD Scale,Meta,paid,Meta COD Scale,MET-1064,42,repeat_delivered,Undelivered,Customer refused delivery,1,In NDR
FAS-25266,SH987651265,2026-04-06T09:30:00.000Z,Vivaan Rao,9700000215,customer1266@example.com,"House 23, Block F, Pune Residency, Sector 6",,411045,Pune,Maharashtra,DENIM-WIDE-30,Wide Fit Denim,1,2050,COD,Shadowfax,Instagram,Influencer Drop,Instagram,paid,Influencer Drop,INS-1065,58,first_time,Delivered,,0,Delivered
FAS-25267,SH987651266,2026-04-07T10:30:00.000Z,Meera Singh,9700000216,customer1267@example.com,"House 24, Block A, Lucknow Residency, Sector 7",Near main market,226010,Lucknow,Uttar Pradesh,KURTI-BLU-M,Blue Printed Kurti,1,1300,COD,Shiprocket,Shopify,Google Brand Search,Google,paid,Google Brand Search,GOO-1066,45,first_time,RTO,Customer requested future delivery,2,RTO
FAS-25268,BL987651267,2026-04-08T11:30:00.000Z,Ishaan Gupta,9700000217,customer1268@example.com,"House 25, Block B, Patna Residency, Sector 8",Near main market,800001,Patna,Bihar,DRESS-RED-S,Red Summer Dress,1,2450,COD,Bluedart,WhatsApp,WhatsApp Repeat Buyers,WhatsApp,crm,WhatsApp Repeat Buyers,WHA-1067,58,first_time,RTO,Customer not available,3,RTO
FAS-25269,EK987651268,2026-04-09T12:30:00.000Z,Sara Ali,9700000218,customer1269@example.com,"House 26, Block C, Indore Residency, Sector 9",Near main market,452010,Indore,Madhya Pradesh,TSH-BLK-L,Oversized Black Tee,1,800,COD,Ekart,Meta,Meta COD Scale,Meta,paid,Meta COD Scale,MET-1068,40,repeat_delivered,Delivered,,0,Delivered
FAS-25270,XP987651269,2026-04-10T13:30:00.000Z,Nisha Nair,9700000219,customer1270@example.com,"House 27, Block D, Surat Residency, Sector 10",Near main market,395007,Surat,Gujarat,COORD-GRN-M,Green Co-ord Set,1,2350,Prepaid,Xpressbees,Instagram,Influencer Drop,Instagram,paid,Influencer Drop,INS-1069,41,first_time,RTO,No response on phone,3,RTO
FAS-25271,XP987651270,2026-04-11T14:30:00.000Z,Aarav Sharma,9700000220,customer1271@example.com,"House 28, Block E, Hyderabad Residency, Sector 11",,500081,Hyderabad,Telangana,DENIM-WIDE-30,Wide Fit Denim,1,1900,COD,Xpressbees,Shopify,Google Brand Search,Google,paid,Google Brand Search,GOO-1070,45,first_time,Undelivered,Door locked,1,In NDR
FAS-25272,DT987651271,2026-04-12T15:30:00.000Z,Diya Verma,9700000221,customer1272@example.com,"House 29, Block F, Mumbai Residency, Sector 12",Near main market,400053,Mumbai,Maharashtra,KURTI-BLU-M,Blue Printed Kurti,1,1250,COD,DTDC,WhatsApp,WhatsApp Repeat Buyers,WhatsApp,crm,WhatsApp Repeat Buyers,WHA-1071,45,first_time,RTO,Customer refused delivery,3,RTO
FAS-25273,EK987651272,2026-04-13T04:30:00.000Z,Kabir Khan,9700000222,customer1273@example.com,"House 30, Block A, Chennai Residency, Sector 1",Near main market,600042,Chennai,Tamil Nadu,DRESS-RED-S,Red Summer Dress,1,2450,COD,Ekart,Meta,Meta COD Scale,Meta,paid,Meta COD Scale,MET-1072,51,repeat_delivered,RTO,Cash not ready,2,RTO
FAS-25274,SH987651273,2026-04-14T05:30:00.000Z,Ananya Iyer,9700000223,customer1274@example.com,"House 31, Block B, Bhubaneswar Residency, Sector 2",Near main market,751024,Bhubaneswar,Odisha,TSH-BLK-L,Oversized Black Tee,1,800,COD,Shiprocket,Instagram,Influencer Drop,Instagram,paid,Influencer Drop,INS-1073,40,first_time,Undelivered,Customer requested future delivery,2,In NDR
FAS-25275,DE987651274,2026-04-15T06:30:00.000Z,Riya Patel,9700000224,customer1275@example.com,"House 32, Block C, Lucknow Residency, Sector 3",Near main market,226010,Lucknow,Uttar Pradesh,COORD-GRN-M,Green Co-ord Set,1,2450,COD,Delhivery,Shopify,Google Brand Search,Google,paid,Google Brand Search,GOO-1074,43,first_time,Undelivered,Customer not available,1,In NDR
FAS-25276,DE987651275,2026-04-16T07:30:00.000Z,Vivaan Rao,9700000225,customer1276@example.com,"House 33, Block D, Ghaziabad Residency, Sector 4",,201001,Ghaziabad,Uttar Pradesh,DENIM-WIDE-30,Wide Fit Denim,1,1900,COD,Delhivery,WhatsApp,WhatsApp Repeat Buyers,WhatsApp,crm,WhatsApp Repeat Buyers,WHA-1075,51,first_time,Delivered,,0,Delivered
FAS-25277,DE987651276,2026-04-17T08:30:00.000Z,Meera Singh,9700000226,customer1277@example.com,"House 34, Block E, Surat Residency, Sector 5",Near main market,395007,Surat,Gujarat,KURTI-BLU-M,Blue Printed Kurti,2,1350,COD,Delhivery,Meta,Meta COD Scale,Meta,paid,Meta COD Scale,MET-1076,40,repeat_delivered,RTO,No response on phone,2,RTO
FAS-25278,SH987651277,2026-04-18T09:30:00.000Z,Ishaan Gupta,9700000227,customer1278@example.com,"House 35, Block F, Bengaluru Residency, Sector 6",Near main market,560095,Bengaluru,Karnataka,DRESS-RED-S,Red Summer Dress,1,2650,Prepaid,Shadowfax,Instagram,Influencer Drop,Instagram,paid,Influencer Drop,INS-1077,50,first_time,Undelivered,Door locked,2,In NDR
FAS-25279,SH987651278,2026-04-19T10:30:00.000Z,Sara Ali,9700000228,customer1279@example.com,"House 36, Block A, Ahmedabad Residency, Sector 7",Near main market,380015,Ahmedabad,Gujarat,TSH-BLK-L,Oversized Black Tee,1,800,Prepaid,Shadowfax,Shopify,Google Brand Search,Google,paid,Google Brand Search,GOO-1078,55,first_time,RTO,Customer refused delivery,2,RTO
FAS-25280,BL987651279,2026-04-20T11:30:00.000Z,Nisha Nair,9700000229,customer1280@example.com,"House 37, Block B, Jaipur Residency, Sector 8",Near main market,302001,Jaipur,Rajasthan,COORD-GRN-M,Green Co-ord Set,1,2400,Prepaid,Bluedart,WhatsApp,WhatsApp Repeat Buyers,WhatsApp,crm,WhatsApp Repeat Buyers,WHA-1079,52,first_time,Delivered,,0,Delivered
FAS-25281,DT987651280,2026-04-21T12:30:00.000Z,Aarav Sharma,9700000230,customer1281@example.com,"House 38, Block C, Surat Residency, Sector 9",,395007,Surat,Gujarat,DENIM-WIDE-30,Wide Fit Denim,1,1900,Prepaid,DTDC,Meta,Meta COD Scale,Meta,paid,Meta COD Scale,MET-1000,42,repeat_delivered,RTO,Customer requested future delivery,2,RTO
FAS-25282,XP987651281,2026-04-22T13:30:00.000Z,Diya Verma,9700000231,customer1282@example.com,Near temple main road Ghaziabad,,201001,Ghaziabad,Uttar Pradesh,KURTI-BLU-M,Blue Printed Kurti,1,1350,COD,Xpressbees,Instagram,Influencer Drop,Instagram,paid,Influencer Drop,INS-1001,47,first_time,RTO,Customer not available,3,RTO
FAS-25283,DE987651282,2026-04-23T14:30:00.000Z,Kabir Khan,9700000232,customer1283@example.com,"House 40, Block E, Lucknow Residency, Sector 11",Near main market,226010,Lucknow,Uttar Pradesh,DRESS-RED-S,Red Summer Dress,1,2350,COD,Delhivery,Shopify,Google Brand Search,Google,paid,Google Brand Search,GOO-1002,42,first_time,Undelivered,Incorrect address,1,In NDR
FAS-25284,SH987651283,2026-04-24T15:30:00.000Z,Ananya Iyer,9700000233,customer1284@example.com,"House 41, Block F, Patna Residency, Sector 12",Near main market,800001,Patna,Bihar,TSH-BLK-L,Oversized Black Tee,1,750,COD,Shadowfax,WhatsApp,WhatsApp Repeat Buyers,WhatsApp,crm,WhatsApp Repeat Buyers,WHA-1003,49,first_time,Delivered,,0,Delivered
FAS-25285,BL987651284,2026-04-25T04:30:00.000Z,Riya Patel,9700000234,customer1285@example.com,"House 42, Block A, Surat Residency, Sector 1",Near main market,395007,Surat,Gujarat,COORD-GRN-M,Green Co-ord Set,1,2500,COD,Bluedart,Meta,Meta COD Scale,Meta,paid,Meta COD Scale,MET-1004,53,repeat_delivered,RTO,Door locked,2,RTO
FAS-25286,DT987651285,2026-04-26T05:30:00.000Z,Vivaan Rao,9700000235,customer1286@example.com,"House 43, Block B, Hyderabad Residency, Sector 2",,500081,Hyderabad,Telangana,DENIM-WIDE-30,Wide Fit Denim,1,1950,COD,DTDC,Instagram,Influencer Drop,Instagram,paid,Influencer Drop,INS-1005,51,first_time,RTO,Customer refused delivery,3,RTO
FAS-25287,SH987651286,2026-04-27T06:30:00.000Z,Meera Singh,9700000236,customer1287@example.com,"House 44, Block C, Lucknow Residency, Sector 3",Near main market,226010,Lucknow,Uttar Pradesh,KURTI-BLU-M,Blue Printed Kurti,1,1350,COD,Shiprocket,Shopify,Google Brand Search,Google,paid,Google Brand Search,GOO-1006,57,first_time,RTO,Cash not ready,2,RTO
FAS-25288,BL987651287,2026-04-28T07:30:00.000Z,Ishaan Gupta,9700000237,customer1288@example.com,"House 45, Block D, Patna Residency, Sector 4",Near main market,800001,Patna,Bihar,DRESS-RED-S,Red Summer Dress,1,2650,COD,Bluedart,WhatsApp,WhatsApp Repeat Buyers,WhatsApp,crm,WhatsApp Repeat Buyers,WHA-1007,56,first_time,Delivered,,0,Delivered
FAS-25289,DE987651288,2026-04-29T08:30:00.000Z,Sara Ali,9700000238,customer1289@example.com,"House 46, Block E, Bhubaneswar Residency, Sector 5",Near main market,751024,Bhubaneswar,Odisha,TSH-BLK-L,Oversized Black Tee,1,800,Prepaid,Delhivery,Meta,Meta COD Scale,Meta,paid,Meta COD Scale,MET-1008,45,repeat_delivered,RTO,Customer not available,2,RTO
FAS-25290,SH987651289,2026-04-30T09:30:00.000Z,Nisha Nair,9700000239,customer1290@example.com,Near temple main road Ghaziabad,,201001,Ghaziabad,Uttar Pradesh,COORD-GRN-M,Green Co-ord Set,1,2150,COD,Shiprocket,Instagram,Influencer Drop,Instagram,paid,Influencer Drop,INS-1009,39,first_time,Undelivered,Incorrect address,2,In NDR
FAS-25291,DT987651290,2026-04-01T10:30:00.000Z,Aarav Sharma,9700000240,customer1291@example.com,"House 48, Block A, Lucknow Residency, Sector 7",,226010,Lucknow,Uttar Pradesh,DENIM-WIDE-30,Wide Fit Denim,1,1800,COD,DTDC,Shopify,Google Brand Search,Google,paid,Google Brand Search,GOO-1010,58,first_time,Undelivered,No response on phone,1,In NDR
FAS-25292,BL987651291,2026-04-02T11:30:00.000Z,Diya Verma,9700000241,customer1292@example.com,"House 49, Block B, Patna Residency, Sector 8",Near main market,800001,Patna,Bihar,KURTI-BLU-M,Blue Printed Kurti,1,1200,COD,Bluedart,WhatsApp,WhatsApp Repeat Buyers,WhatsApp,crm,WhatsApp Repeat Buyers,WHA-1011,42,first_time,Cancelled,,0,Cancelled before shipping
FAS-25293,EK987651292,2026-04-03T12:30:00.000Z,Kabir Khan,9700000242,customer1293@example.com,"House 50, Block C, Bengaluru Residency, Sector 9",Near main market,560095,Bengaluru,Karnataka,DRESS-RED-S,Red Summer Dress,1,2300,COD,Ekart,Meta,Meta COD Scale,Meta,paid,Meta COD Scale,MET-1012,43,repeat_delivered,RTO,Customer refused delivery,2,RTO
FAS-25294,SH987651293,2026-04-04T13:30:00.000Z,Ananya Iyer,9700000243,customer1294@example.com,"House 51, Block D, Ahmedabad Residency, Sector 10",Near main market,380015,Ahmedabad,Gujarat,TSH-BLK-L,Oversized Black Tee,1,800,Prepaid,Shadowfax,Instagram,Influencer Drop,Instagram,paid,Influencer Drop,INS-1013,48,first_time,Delivered,,0,Delivered
FAS-25295,DT987651294,2026-04-05T14:30:00.000Z,Riya Patel,9700000244,customer1295@example.com,Near temple main road Lucknow,,226010,Lucknow,Uttar Pradesh,COORD-GRN-M,Green Co-ord Set,1,2200,COD,DTDC,Shopify,Google Brand Search,Google,paid,Google Brand Search,GOO-1014,38,first_time,RTO,Customer requested future delivery,2,RTO
FAS-25296,SH987651295,2026-04-06T15:30:00.000Z,Vivaan Rao,9700000245,customer1296@example.com,"House 53, Block F, Pune Residency, Sector 12",,411045,Pune,Maharashtra,DENIM-WIDE-30,Wide Fit Denim,1,2050,COD,Shadowfax,WhatsApp,WhatsApp Repeat Buyers,WhatsApp,crm,WhatsApp Repeat Buyers,WHA-1015,42,first_time,Delivered,,0,Delivered
FAS-25297,DE987651296,2026-04-07T04:30:00.000Z,Meera Singh,9700000246,customer1297@example.com,"House 54, Block A, Kolkata Residency, Sector 1",Near main market,700016,Kolkata,West Bengal,KURTI-BLU-M,Blue Printed Kurti,1,1400,COD,Delhivery,Meta,Meta COD Scale,Meta,paid,Meta COD Scale,MET-1016,57,repeat_delivered,Delivered,,0,Delivered
FAS-25298,XP987651297,2026-04-08T05:30:00.000Z,Ishaan Gupta,9700000247,customer1298@example.com,"House 55, Block B, Lucknow Residency, Sector 2",Near main market,226010,Lucknow,Uttar Pradesh,DRESS-RED-S,Red Summer Dress,1,2400,Prepaid,Xpressbees,Instagram,Influencer Drop,Instagram,paid,Influencer Drop,INS-1017,46,first_time,RTO,No response on phone,3,RTO
FAS-25299,SH987651298,2026-04-09T06:30:00.000Z,Sara Ali,9700000248,customer1299@example.com,Near temple main road Lucknow,,226010,Lucknow,Uttar Pradesh,TSH-BLK-L,Oversized Black Tee,1,800,COD,Shadowfax,Shopify,Google Brand Search,Google,paid,Google Brand Search,GOO-1018,44,first_time,Delivered,,0,Delivered
FAS-25300,XP987651299,2026-04-10T07:30:00.000Z,Nisha Nair,9700000249,customer1300@example.com,"House 57, Block D, Surat Residency, Sector 4",Near main market,395007,Surat,Gujarat,COORD-GRN-M,Green Co-ord Set,1,2300,COD,Xpressbees,WhatsApp,WhatsApp Repeat Buyers,WhatsApp,crm,WhatsApp Repeat Buyers,WHA-1019,46,first_time,RTO,Customer refused delivery,3,RTO
FAS-25301,XP987651300,2026-04-11T08:30:00.000Z,Aarav Sharma,9700000250,customer1301@example.com,"House 58, Block E, Hyderabad Residency, Sector 5",,500081,Hyderabad,Telangana,DENIM-WIDE-30,Wide Fit Denim,1,2000,COD,Xpressbees,Meta,Meta COD Scale,Meta,paid,Meta COD Scale,MET-1020,55,repeat_delivered,RTO,Cash not ready,2,RTO
FAS-25302,XP987651301,2026-04-12T09:30:00.000Z,Diya Verma,9700000251,customer1302@example.com,"House 59, Block F, Mumbai Residency, Sector 6",Near main market,400053,Mumbai,Maharashtra,KURTI-BLU-M,Blue Printed Kurti,1,1300,Prepaid,Xpressbees,Instagram,Influencer Drop,Instagram,paid,Influencer Drop,INS-1021,56,first_time,Delivered,,0,Delivered
FAS-25303,BL987651302,2026-04-13T10:30:00.000Z,Kabir Khan,9700000252,customer1303@example.com,"House 60, Block A, Chennai Residency, Sector 7",Near main market,600042,Chennai,Tamil Nadu,DRESS-RED-S,Red Summer Dress,1,2300,COD,Bluedart,Shopify,Google Brand Search,Google,paid,Google Brand Search,GOO-1022,55,first_time,RTO,Customer not available,2,RTO
FAS-25304,DE987651303,2026-04-14T11:30:00.000Z,Ananya Iyer,9700000253,customer1304@example.com,"House 61, Block B, Bhubaneswar Residency, Sector 8",Near main market,751024,Bhubaneswar,Odisha,TSH-BLK-L,Oversized Black Tee,1,800,Prepaid,Delhivery,WhatsApp,WhatsApp Repeat Buyers,WhatsApp,crm,WhatsApp Repeat Buyers,WHA-1023,48,first_time,Delivered,,0,Delivered
FAS-25305,SH987651304,2026-04-15T12:30:00.000Z,Riya Patel,9700000254,customer1305@example.com,"House 62, Block C, Patna Residency, Sector 9",Near main market,800001,Patna,Bihar,COORD-GRN-M,Green Co-ord Set,1,2350,COD,Shadowfax,Meta,Meta COD Scale,Meta,paid,Meta COD Scale,MET-1024,50,repeat_delivered,Undelivered,No response on phone,1,In NDR
FAS-25306,SH987651305,2026-04-16T13:30:00.000Z,Vivaan Rao,9700000255,customer1306@example.com,"House 63, Block D, Ghaziabad Residency, Sector 10",,201001,Ghaziabad,Uttar Pradesh,DENIM-WIDE-30,Wide Fit Denim,2,1850,Prepaid,Shiprocket,Instagram,Influencer Drop,Instagram,paid,Influencer Drop,INS-1025,49,first_time,RTO,Door locked,3,RTO
FAS-25307,DE987651306,2026-04-17T14:30:00.000Z,Meera Singh,9700000256,customer1307@example.com,"House 64, Block E, Delhi Residency, Sector 11",Near main market,110024,Delhi,Delhi,KURTI-BLU-M,Blue Printed Kurti,1,1250,COD,Delhivery,Shopify,Google Brand Search,Google,paid,Google Brand Search,GOO-1026,46,first_time,Delivered,,0,Delivered
FAS-25308,SH987651307,2026-04-18T15:30:00.000Z,Ishaan Gupta,9700000257,customer1308@example.com,"House 65, Block F, Bengaluru Residency, Sector 12",Near main market,560095,Bengaluru,Karnataka,DRESS-RED-S,Red Summer Dress,1,2500,COD,Shadowfax,WhatsApp,WhatsApp Repeat Buyers,WhatsApp,crm,WhatsApp Repeat Buyers,WHA-1027,46,first_time,Undelivered,Cash not ready,2,In NDR
FAS-25309,BL987651308,2026-04-19T04:30:00.000Z,Sara Ali,9700000258,customer1309@example.com,"House 66, Block A, Ahmedabad Residency, Sector 1",Near main market,380015,Ahmedabad,Gujarat,TSH-BLK-L,Oversized Black Tee,1,750,COD,Bluedart,Meta,Meta COD Scale,Meta,paid,Meta COD Scale,MET-1028,48,repeat_delivered,Delivered,,0,Delivered
FAS-25310,EK987651309,2026-04-20T05:30:00.000Z,Nisha Nair,9700000259,customer1310@example.com,"House 67, Block B, Ghaziabad Residency, Sector 2",Near main market,201001,Ghaziabad,Uttar Pradesh,COORD-GRN-M,Green Co-ord Set,1,2300,Prepaid,Ekart,Instagram,Influencer Drop,Instagram,paid,Influencer Drop,INS-1029,39,first_time,RTO,Customer not available,3,RTO
FAS-25311,SH987651310,2026-04-21T06:30:00.000Z,Aarav Sharma,9700000260,customer1311@example.com,"House 68, Block C, Pune Residency, Sector 3",,411045,Pune,Maharashtra,DENIM-WIDE-30,Wide Fit Denim,1,1900,COD,Shadowfax,Shopify,Google Brand Search,Google,paid,Google Brand Search,GOO-1030,39,first_time,RTO,Incorrect address,2,RTO
FAS-25312,XP987651311,2026-04-22T07:30:00.000Z,Diya Verma,9700000261,customer1312@example.com,"House 69, Block D, Patna Residency, Sector 4",Near main market,800001,Patna,Bihar,KURTI-BLU-M,Blue Printed Kurti,1,1300,COD,Xpressbees,WhatsApp,WhatsApp Repeat Buyers,WhatsApp,crm,WhatsApp Repeat Buyers,WHA-1031,58,first_time,Delivered,,0,Delivered
FAS-25313,XP987651312,2026-04-23T08:30:00.000Z,Kabir Khan,9700000262,customer1313@example.com,"House 70, Block E, Lucknow Residency, Sector 5",Near main market,226010,Lucknow,Uttar Pradesh,DRESS-RED-S,Red Summer Dress,1,2550,COD,Xpressbees,Meta,Meta COD Scale,Meta,paid,Meta COD Scale,MET-1032,40,repeat_delivered,RTO,Door locked,2,RTO
FAS-25314,EK987651313,2026-04-24T09:30:00.000Z,Ananya Iyer,9700000263,customer1314@example.com,"House 71, Block F, Indore Residency, Sector 6",Near main market,452010,Indore,Madhya Pradesh,TSH-BLK-L,Oversized Black Tee,1,800,Prepaid,Ekart,Instagram,Influencer Drop,Instagram,paid,Influencer Drop,INS-1033,47,first_time,Delivered,,0,Delivered
FAS-25315,BL987651314,2026-04-25T10:30:00.000Z,Riya Patel,9700000264,customer1315@example.com,"House 72, Block A, Lucknow Residency, Sector 7",Near main market,226010,Lucknow,Uttar Pradesh,COORD-GRN-M,Green Co-ord Set,1,2100,Prepaid,Bluedart,Shopify,Google Brand Search,Google,paid,Google Brand Search,GOO-1034,58,first_time,Undelivered,Cash not ready,1,In NDR
FAS-25316,XP987651315,2026-04-26T11:30:00.000Z,Vivaan Rao,9700000265,customer1316@example.com,"House 73, Block B, Hyderabad Residency, Sector 8",,500081,Hyderabad,Telangana,DENIM-WIDE-30,Wide Fit Denim,1,2000,COD,Xpressbees,WhatsApp,WhatsApp Repeat Buyers,WhatsApp,crm,WhatsApp Repeat Buyers,WHA-1035,48,first_time,Undelivered,Customer requested future delivery,2,In NDR
FAS-25317,BL987651316,2026-04-27T12:30:00.000Z,Meera Singh,9700000266,customer1317@example.com,"House 74, Block C, Mumbai Residency, Sector 9",Near main market,400053,Mumbai,Maharashtra,KURTI-BLU-M,Blue Printed Kurti,1,1250,COD,Bluedart,Meta,Meta COD Scale,Meta,paid,Meta COD Scale,MET-1036,47,repeat_delivered,RTO,Customer not available,2,RTO
FAS-25318,EK987651317,2026-04-28T13:30:00.000Z,Ishaan Gupta,9700000267,customer1318@example.com,"House 75, Block D, Chennai Residency, Sector 10",Near main market,600042,Chennai,Tamil Nadu,DRESS-RED-S,Red Summer Dress,1,2600,Prepaid,Ekart,Instagram,Influencer Drop,Instagram,paid,Influencer Drop,INS-1037,58,first_time,Undelivered,Incorrect address,2,In NDR
FAS-25319,DT987651318,2026-04-29T14:30:00.000Z,Sara Ali,9700000268,customer1319@example.com,"House 76, Block E, Bhubaneswar Residency, Sector 11",Near main market,751024,Bhubaneswar,Odisha,TSH-BLK-L,Oversized Black Tee,1,850,COD,DTDC,Shopify,Google Brand Search,Google,paid,Google Brand Search,GOO-1038,51,first_time,RTO,No response on phone,2,RTO
FAS-25320,SH987651319,2026-04-30T15:30:00.000Z,Nisha Nair,9700000269,customer1320@example.com,"House 77, Block F, Patna Residency, Sector 12",Near main market,800001,Patna,Bihar,COORD-GRN-M,Green Co-ord Set,1,2200,Prepaid,Shadowfax,WhatsApp,WhatsApp Repeat Buyers,WhatsApp,crm,WhatsApp Repeat Buyers,WHA-1039,41,first_time,Undelivered,Door locked,2,In NDR
FAS-25321,SH987651320,2026-04-01T04:30:00.000Z,Aarav Sharma,9700000270,customer1321@example.com,"House 78, Block A, Ghaziabad Residency, Sector 1",,201001,Ghaziabad,Uttar Pradesh,DENIM-WIDE-30,Wide Fit Denim,1,2000,Prepaid,Shiprocket,Meta,Meta COD Scale,Meta,paid,Meta COD Scale,MET-1040,46,repeat_delivered,RTO,Customer refused delivery,2,RTO
FAS-25322,SH987651321,2026-04-02T05:30:00.000Z,Diya Verma,9700000271,customer1322@example.com,"House 79, Block B, Delhi Residency, Sector 2",Near main market,110024,Delhi,Delhi,KURTI-BLU-M,Blue Printed Kurti,1,1300,COD,Shiprocket,Instagram,Influencer Drop,Instagram,paid,Influencer Drop,INS-1041,55,first_time,RTO,Cash not ready,3,RTO
FAS-25323,SH987651322,2026-04-03T06:30:00.000Z,Kabir Khan,9700000272,customer1323@example.com,"House 80, Block C, Bengaluru Residency, Sector 3",Near main market,560095,Bengaluru,Karnataka,DRESS-RED-S,Red Summer Dress,1,2700,COD,Shadowfax,Shopify,Google Brand Search,Google,paid,Google Brand Search,GOO-1042,42,first_time,Delivered,,0,Delivered
FAS-25324,XP987651323,2026-04-04T07:30:00.000Z,Ananya Iyer,9700000273,customer1324@example.com,"House 81, Block D, Patna Residency, Sector 4",Near main market,800001,Patna,Bihar,TSH-BLK-L,Oversized Black Tee,1,800,COD,Xpressbees,WhatsApp,WhatsApp Repeat Buyers,WhatsApp,crm,WhatsApp Repeat Buyers,WHA-1043,55,first_time,Delivered,,0,Delivered
FAS-25325,SH987651324,2026-04-05T08:30:00.000Z,Riya Patel,9700000274,customer1325@example.com,"House 82, Block E, Jaipur Residency, Sector 5",Near main market,302001,Jaipur,Rajasthan,COORD-GRN-M,Green Co-ord Set,1,2500,Prepaid,Shadowfax,Meta,Meta COD Scale,Meta,paid,Meta COD Scale,MET-1044,43,repeat_delivered,Delivered,,0,Delivered
FAS-25326,SH987651325,2026-04-06T09:30:00.000Z,Vivaan Rao,9700000275,customer1326@example.com,Near temple main road Ghaziabad,,201001,Ghaziabad,Uttar Pradesh,DENIM-WIDE-30,Wide Fit Denim,1,2000,COD,Shiprocket,Instagram,Influencer Drop,Instagram,paid,Influencer Drop,INS-1045,41,first_time,RTO,No response on phone,3,RTO
FAS-25327,XP987651326,2026-04-07T10:30:00.000Z,Meera Singh,9700000276,customer1327@example.com,"House 84, Block A, Kolkata Residency, Sector 7",Near main market,700016,Kolkata,West Bengal,KURTI-BLU-M,Blue Printed Kurti,1,1250,COD,Xpressbees,Shopify,Google Brand Search,Google,paid,Google Brand Search,GOO-1046,43,first_time,Delivered,,0,Delivered
FAS-25328,SH987651327,2026-04-08T11:30:00.000Z,Ishaan Gupta,9700000277,customer1328@example.com,"House 85, Block B, Lucknow Residency, Sector 8",Near main market,226010,Lucknow,Uttar Pradesh,DRESS-RED-S,Red Summer Dress,1,2500,Prepaid,Shadowfax,WhatsApp,WhatsApp Repeat Buyers,WhatsApp,crm,WhatsApp Repeat Buyers,WHA-1047,48,first_time,Undelivered,Customer refused delivery,2,In NDR
FAS-25329,DE987651328,2026-04-09T12:30:00.000Z,Sara Ali,9700000278,customer1329@example.com,"House 86, Block C, Indore Residency, Sector 9",Near main market,452010,Indore,Madhya Pradesh,TSH-BLK-L,Oversized Black Tee,1,850,COD,Delhivery,Meta,Meta COD Scale,Meta,paid,Meta COD Scale,MET-1048,51,repeat_delivered,Undelivered,Cash not ready,1,In NDR
FAS-25330,DT987651329,2026-04-10T13:30:00.000Z,Nisha Nair,9700000279,customer1330@example.com,"House 87, Block D, Surat Residency, Sector 10",Near main market,395007,Surat,Gujarat,COORD-GRN-M,Green Co-ord Set,1,2250,COD,DTDC,Instagram,Influencer Drop,Instagram,paid,Influencer Drop,INS-1049,44,first_time,RTO,Customer requested future delivery,3,RTO
FAS-25331,SH987651330,2026-04-11T14:30:00.000Z,Aarav Sharma,9700000280,customer1331@example.com,Near temple main road Lucknow,,226010,Lucknow,Uttar Pradesh,DENIM-WIDE-30,Wide Fit Denim,1,2050,COD,Shiprocket,Shopify,Google Brand Search,Google,paid,Google Brand Search,GOO-1050,55,first_time,RTO,Customer not available,2,RTO
FAS-25332,DT987651331,2026-04-12T15:30:00.000Z,Diya Verma,9700000281,customer1332@example.com,"House 89, Block F, Mumbai Residency, Sector 12",Near main market,400053,Mumbai,Maharashtra,KURTI-BLU-M,Blue Printed Kurti,1,1300,COD,DTDC,WhatsApp,WhatsApp Repeat Buyers,WhatsApp,crm,WhatsApp Repeat Buyers,WHA-1051,58,first_time,Delivered,,0,Delivered
FAS-25333,DE987651332,2026-04-13T04:30:00.000Z,Kabir Khan,9700000282,customer1333@example.com,"House 90, Block A, Surat Residency, Sector 1",Near main market,395007,Surat,Gujarat,DRESS-RED-S,Red Summer Dress,1,2400,COD,Delhivery,Meta,Meta COD Scale,Meta,paid,Meta COD Scale,MET-1052,49,repeat_delivered,Undelivered,No response on phone,1,In NDR
FAS-25334,EK987651333,2026-04-14T05:30:00.000Z,Ananya Iyer,9700000283,customer1334@example.com,"House 91, Block B, Bhubaneswar Residency, Sector 2",Near main market,751024,Bhubaneswar,Odisha,TSH-BLK-L,Oversized Black Tee,1,800,Prepaid,Ekart,Instagram,Influencer Drop,Instagram,paid,Influencer Drop,INS-1053,50,first_time,RTO,Door locked,3,RTO
FAS-25335,BL987651334,2026-04-15T06:30:00.000Z,Riya Patel,9700000284,customer1335@example.com,"House 92, Block C, Lucknow Residency, Sector 3",Near main market,226010,Lucknow,Uttar Pradesh,COORD-GRN-M,Green Co-ord Set,2,2350,COD,Bluedart,Shopify,Google Brand Search,Google,paid,Google Brand Search,GOO-1054,55,first_time,Delivered,,0,Delivered
FAS-25336,DT987651335,2026-04-16T07:30:00.000Z,Vivaan Rao,9700000285,customer1336@example.com,"House 93, Block D, Ghaziabad Residency, Sector 4",,201001,Ghaziabad,Uttar Pradesh,DENIM-WIDE-30,Wide Fit Denim,1,1750,COD,DTDC,WhatsApp,WhatsApp Repeat Buyers,WhatsApp,crm,WhatsApp Repeat Buyers,WHA-1055,53,first_time,RTO,Cash not ready,3,RTO
FAS-25337,DE987651336,2026-04-17T08:30:00.000Z,Meera Singh,9700000286,customer1337@example.com,"House 94, Block E, Surat Residency, Sector 5",Near main market,395007,Surat,Gujarat,KURTI-BLU-M,Blue Printed Kurti,1,1400,Prepaid,Delhivery,Meta,Meta COD Scale,Meta,paid,Meta COD Scale,MET-1056,57,repeat_delivered,Undelivered,Customer requested future delivery,1,In NDR
FAS-25338,XP987651337,2026-04-18T09:30:00.000Z,Ishaan Gupta,9700000287,customer1338@example.com,"House 95, Block F, Bengaluru Residency, Sector 6",Near main market,560095,Bengaluru,Karnataka,DRESS-RED-S,Red Summer Dress,1,2300,COD,Xpressbees,Instagram,Influencer Drop,Instagram,paid,Influencer Drop,INS-1057,54,first_time,RTO,Customer not available,3,RTO
FAS-25339,SH987651338,2026-04-19T10:30:00.000Z,Sara Ali,9700000288,customer1339@example.com,"House 96, Block A, Lucknow Residency, Sector 7",Near main market,226010,Lucknow,Uttar Pradesh,TSH-BLK-L,Oversized Black Tee,1,850,Prepaid,Shadowfax,Shopify,Google Brand Search,Google,paid,Google Brand Search,GOO-1058,52,first_time,RTO,Incorrect address,2,RTO
FAS-25340,DE987651339,2026-04-20T11:30:00.000Z,Nisha Nair,9700000289,customer1340@example.com,"House 97, Block B, Jaipur Residency, Sector 8",Near main market,302001,Jaipur,Rajasthan,COORD-GRN-M,Green Co-ord Set,1,2450,COD,Delhivery,WhatsApp,WhatsApp Repeat Buyers,WhatsApp,crm,WhatsApp Repeat Buyers,WHA-1059,51,first_time,Delivered,,0,Delivered
FAS-25341,BL987651340,2026-04-21T12:30:00.000Z,Aarav Sharma,9700000290,customer1341@example.com,"House 98, Block C, Pune Residency, Sector 9",,411045,Pune,Maharashtra,DENIM-WIDE-30,Wide Fit Denim,1,1950,Prepaid,Bluedart,Meta,Meta COD Scale,Meta,paid,Meta COD Scale,MET-1060,56,repeat_delivered,Undelivered,Door locked,1,In NDR
FAS-25342,XP987651341,2026-04-22T13:30:00.000Z,Diya Verma,9700000291,customer1342@example.com,"House 99, Block D, Kolkata Residency, Sector 10",Near main market,700016,Kolkata,West Bengal,KURTI-BLU-M,Blue Printed Kurti,1,1250,COD,Xpressbees,Instagram,Influencer Drop,Instagram,paid,Influencer Drop,INS-1061,50,first_time,Delivered,,0,Delivered
FAS-25343,DT987651342,2026-04-23T14:30:00.000Z,Kabir Khan,9700000292,customer1343@example.com,"House 100, Block E, Lucknow Residency, Sector 11",Near main market,226010,Lucknow,Uttar Pradesh,DRESS-RED-S,Red Summer Dress,1,2300,Prepaid,DTDC,Shopify,Google Brand Search,Google,paid,Google Brand Search,GOO-1062,56,first_time,Undelivered,Cash not ready,1,In NDR
FAS-25344,XP987651343,2026-04-24T15:30:00.000Z,Ananya Iyer,9700000293,customer1344@example.com,"House 101, Block F, Indore Residency, Sector 12",Near main market,452010,Indore,Madhya Pradesh,TSH-BLK-L,Oversized Black Tee,1,800,Prepaid,Xpressbees,WhatsApp,WhatsApp Repeat Buyers,WhatsApp,crm,WhatsApp Repeat Buyers,WHA-1063,43,first_time,Delivered,,0,Delivered
FAS-25345,BL987651344,2026-04-25T04:30:00.000Z,Riya Patel,9700000294,customer1345@example.com,"House 102, Block A, Surat Residency, Sector 1",Near main market,395007,Surat,Gujarat,COORD-GRN-M,Green Co-ord Set,1,2450,Prepaid,Bluedart,Meta,Meta COD Scale,Meta,paid,Meta COD Scale,MET-1064,40,repeat_delivered,RTO,Customer not available,2,RTO
FAS-25346,SH987651345,2026-04-26T05:30:00.000Z,Vivaan Rao,9700000295,customer1346@example.com,"House 103, Block B, Hyderabad Residency, Sector 2",,500081,Hyderabad,Telangana,DENIM-WIDE-30,Wide Fit Denim,1,1850,Prepaid,Shadowfax,Instagram,Influencer Drop,Instagram,paid,Influencer Drop,INS-1065,47,first_time,RTO,Incorrect address,3,RTO
FAS-25347,XP987651346,2026-04-27T06:30:00.000Z,Meera Singh,9700000296,customer1347@example.com,"House 104, Block C, Lucknow Residency, Sector 3",Near main market,226010,Lucknow,Uttar Pradesh,KURTI-BLU-M,Blue Printed Kurti,1,1250,Prepaid,Xpressbees,Shopify,Google Brand Search,Google,paid,Google Brand Search,GOO-1066,47,first_time,RTO,No response on phone,2,RTO
FAS-25348,XP987651347,2026-04-28T07:30:00.000Z,Ishaan Gupta,9700000297,customer1348@example.com,"House 105, Block D, Patna Residency, Sector 4",Near main market,800001,Patna,Bihar,DRESS-RED-S,Red Summer Dress,1,2500,COD,Xpressbees,WhatsApp,WhatsApp Repeat Buyers,WhatsApp,crm,WhatsApp Repeat Buyers,WHA-1067,39,first_time,RTO,Door locked,3,RTO
FAS-25349,XP987651348,2026-04-29T08:30:00.000Z,Sara Ali,9700000298,customer1349@example.com,"House 106, Block E, Bhubaneswar Residency, Sector 5",Near main market,751024,Bhubaneswar,Odisha,TSH-BLK-L,Oversized Black Tee,1,800,COD,Xpressbees,Meta,Meta COD Scale,Meta,paid,Meta COD Scale,MET-1068,56,repeat_delivered,RTO,Customer refused delivery,2,RTO
FAS-25350,SH987651349,2026-04-30T09:30:00.000Z,Nisha Nair,9700000299,customer1350@example.com,"House 107, Block F, Ghaziabad Residency, Sector 6",Near main market,201001,Ghaziabad,Uttar Pradesh,COORD-GRN-M,Green Co-ord Set,1,2150,Prepaid,Shiprocket,Instagram,Influencer Drop,Instagram,paid,Influencer Drop,INS-1069,50,first_time,RTO,Cash not ready,3,RTO
FAS-25351,BL987651350,2026-04-01T10:30:00.000Z,Aarav Sharma,9700000300,customer1351@example.com,"House 18, Block A, Ghaziabad Residency, Sector 7",,201001,Ghaziabad,Uttar Pradesh,DENIM-WIDE-30,Wide Fit Denim,1,1900,COD,Bluedart,Shopify,Google Brand Search,Google,paid,Google Brand Search,GOO-1070,46,first_time,Cancelled,,0,Cancelled before shipping
FAS-25352,SH987651351,2026-04-02T11:30:00.000Z,Diya Verma,9700000301,customer1352@example.com,Near temple main road Patna,,800001,Patna,Bihar,KURTI-BLU-M,Blue Printed Kurti,1,1400,COD,Shadowfax,WhatsApp,WhatsApp Repeat Buyers,WhatsApp,crm,WhatsApp Repeat Buyers,WHA-1071,54,first_time,Undelivered,Customer not available,2,In NDR
FAS-25353,SH987651352,2026-04-03T12:30:00.000Z,Kabir Khan,9700000302,customer1353@example.com,"House 20, Block C, Surat Residency, Sector 9",Near main market,395007,Surat,Gujarat,DRESS-RED-S,Red Summer Dress,1,2650,Prepaid,Shiprocket,Meta,Meta COD Scale,Meta,paid,Meta COD Scale,MET-1072,41,repeat_delivered,Undelivered,Incorrect address,1,In NDR
FAS-25354,DT987651353,2026-04-04T13:30:00.000Z,Ananya Iyer,9700000303,customer1354@example.com,"House 21, Block D, Ahmedabad Residency, Sector 10",Near main market,380015,Ahmedabad,Gujarat,TSH-BLK-L,Oversized Black Tee,1,800,COD,DTDC,Instagram,Influencer Drop,Instagram,paid,Influencer Drop,INS-1073,55,first_time,Delivered,,0,Delivered
FAS-25355,DT987651354,2026-04-05T14:30:00.000Z,Riya Patel,9700000304,customer1355@example.com,"House 22, Block E, Lucknow Residency, Sector 11",Near main market,226010,Lucknow,Uttar Pradesh,COORD-GRN-M,Green Co-ord Set,1,2250,COD,DTDC,Shopify,Google Brand Search,Google,paid,Google Brand Search,GOO-1074,52,first_time,Delivered,,0,Delivered
FAS-25356,EK987651355,2026-04-06T15:30:00.000Z,Vivaan Rao,9700000305,customer1356@example.com,Near temple main road Patna,,800001,Patna,Bihar,DENIM-WIDE-30,Wide Fit Denim,1,1850,COD,Ekart,WhatsApp,WhatsApp Repeat Buyers,WhatsApp,crm,WhatsApp Repeat Buyers,WHA-1075,53,first_time,Undelivered,Customer refused delivery,2,In NDR
FAS-25357,DE987651356,2026-04-07T04:30:00.000Z,Meera Singh,9700000306,customer1357@example.com,"House 24, Block A, Surat Residency, Sector 1",Near main market,395007,Surat,Gujarat,KURTI-BLU-M,Blue Printed Kurti,1,1350,COD,Delhivery,Meta,Meta COD Scale,Meta,paid,Meta COD Scale,MET-1076,44,repeat_delivered,Undelivered,Cash not ready,1,In NDR
FAS-25358,SH987651357,2026-04-08T05:30:00.000Z,Ishaan Gupta,9700000307,customer1358@example.com,"House 25, Block B, Lucknow Residency, Sector 2",Near main market,226010,Lucknow,Uttar Pradesh,DRESS-RED-S,Red Summer Dress,1,2600,COD,Shiprocket,Instagram,Influencer Drop,Instagram,paid,Influencer Drop,INS-1077,40,first_time,RTO,Customer requested future delivery,3,RTO
FAS-25359,SH987651358,2026-04-09T06:30:00.000Z,Sara Ali,9700000308,customer1359@example.com,"House 26, Block C, Indore Residency, Sector 3",Near main market,452010,Indore,Madhya Pradesh,TSH-BLK-L,Oversized Black Tee,1,750,COD,Shiprocket,Shopify,Google Brand Search,Google,paid,Google Brand Search,GOO-1078,51,first_time,Delivered,,0,Delivered
FAS-25360,BL987651359,2026-04-10T07:30:00.000Z,Nisha Nair,9700000309,customer1360@example.com,"House 27, Block D, Surat Residency, Sector 4",Near main market,395007,Surat,Gujarat,COORD-GRN-M,Green Co-ord Set,1,2350,COD,Bluedart,WhatsApp,WhatsApp Repeat Buyers,WhatsApp,crm,WhatsApp Repeat Buyers,WHA-1079,49,first_time,RTO,Incorrect address,3,RTO
FAS-25361,EK987651360,2026-04-11T08:30:00.000Z,Aarav Sharma,9700000310,customer1361@example.com,"House 28, Block E, Hyderabad Residency, Sector 5",,500081,Hyderabad,Telangana,DENIM-WIDE-30,Wide Fit Denim,1,1800,Prepaid,Ekart,Meta,Meta COD Scale,Meta,paid,Meta COD Scale,MET-1000,39,repeat_delivered,RTO,No response on phone,2,RTO
FAS-25362,EK987651361,2026-04-12T09:30:00.000Z,Diya Verma,9700000311,customer1362@example.com,"House 29, Block F, Mumbai Residency, Sector 6",Near main market,400053,Mumbai,Maharashtra,KURTI-BLU-M,Blue Printed Kurti,1,1250,COD,Ekart,Instagram,Influencer Drop,Instagram,paid,Influencer Drop,INS-1001,47,first_time,Undelivered,Door locked,2,In NDR
FAS-25363,DE987651362,2026-04-13T10:30:00.000Z,Kabir Khan,9700000312,customer1363@example.com,"House 30, Block A, Chennai Residency, Sector 7",Near main market,600042,Chennai,Tamil Nadu,DRESS-RED-S,Red Summer Dress,1,2600,COD,Delhivery,Shopify,Google Brand Search,Google,paid,Google Brand Search,GOO-1002,52,first_time,RTO,Customer refused delivery,2,RTO
FAS-25364,SH987651363,2026-04-14T11:30:00.000Z,Ananya Iyer,9700000313,customer1364@example.com,"House 31, Block B, Bhubaneswar Residency, Sector 8",Near main market,751024,Bhubaneswar,Odisha,TSH-BLK-L,Oversized Black Tee,2,750,Prepaid,Shiprocket,WhatsApp,WhatsApp Repeat Buyers,WhatsApp,crm,WhatsApp Repeat Buyers,WHA-1003,54,first_time,Undelivered,Cash not ready,2,In NDR
FAS-25365,XP987651364,2026-04-15T12:30:00.000Z,Riya Patel,9700000314,customer1365@example.com,"House 32, Block C, Patna Residency, Sector 9",Near main market,800001,Patna,Bihar,COORD-GRN-M,Green Co-ord Set,1,2500,COD,Xpressbees,Meta,Meta COD Scale,Meta,paid,Meta COD Scale,MET-1004,42,repeat_delivered,Delivered,,0,Delivered
FAS-25366,BL987651365,2026-04-16T13:30:00.000Z,Vivaan Rao,9700000315,customer1366@example.com,"House 33, Block D, Ghaziabad Residency, Sector 10",,201001,Ghaziabad,Uttar Pradesh,DENIM-WIDE-30,Wide Fit Denim,1,1800,COD,Bluedart,Instagram,Influencer Drop,Instagram,paid,Influencer Drop,INS-1005,39,first_time,RTO,Customer not available,3,RTO
FAS-25367,BL987651366,2026-04-17T14:30:00.000Z,Meera Singh,9700000316,customer1367@example.com,"House 34, Block E, Delhi Residency, Sector 11",Near main market,110024,Delhi,Delhi,KURTI-BLU-M,Blue Printed Kurti,1,1350,COD,Bluedart,Shopify,Google Brand Search,Google,paid,Google Brand Search,GOO-1006,49,first_time,Delivered,,0,Delivered
FAS-25368,DT987651367,2026-04-18T15:30:00.000Z,Ishaan Gupta,9700000317,customer1368@example.com,"House 35, Block F, Bengaluru Residency, Sector 12",Near main market,560095,Bengaluru,Karnataka,DRESS-RED-S,Red Summer Dress,1,2300,COD,DTDC,WhatsApp,WhatsApp Repeat Buyers,WhatsApp,crm,WhatsApp Repeat Buyers,WHA-1007,39,first_time,Delivered,,0,Delivered
FAS-25369,EK987651368,2026-04-19T04:30:00.000Z,Sara Ali,9700000318,customer1369@example.com,"House 36, Block A, Ahmedabad Residency, Sector 1",Near main market,380015,Ahmedabad,Gujarat,TSH-BLK-L,Oversized Black Tee,1,800,COD,Ekart,Meta,Meta COD Scale,Meta,paid,Meta COD Scale,MET-1008,53,repeat_delivered,Undelivered,Door locked,1,In NDR
FAS-25370,SH987651369,2026-04-20T05:30:00.000Z,Nisha Nair,9700000319,customer1370@example.com,"House 37, Block B, Jaipur Residency, Sector 2",Near main market,302001,Jaipur,Rajasthan,COORD-GRN-M,Green Co-ord Set,1,2150,Prepaid,Shiprocket,Instagram,Influencer Drop,Instagram,paid,Influencer Drop,INS-1009,43,first_time,RTO,Customer refused delivery,3,RTO
FAS-25371,BL987651370,2026-04-21T06:30:00.000Z,Aarav Sharma,9700000320,customer1371@example.com,"House 38, Block C, Pune Residency, Sector 3",,411045,Pune,Maharashtra,DENIM-WIDE-30,Wide Fit Denim,1,1750,COD,Bluedart,Shopify,Google Brand Search,Google,paid,Google Brand Search,GOO-1010,46,first_time,Delivered,,0,Delivered
FAS-25372,DT987651371,2026-04-22T07:30:00.000Z,Diya Verma,9700000321,customer1372@example.com,Near temple main road Patna,,800001,Patna,Bihar,KURTI-BLU-M,Blue Printed Kurti,1,1350,COD,DTDC,WhatsApp,WhatsApp Repeat Buyers,WhatsApp,crm,WhatsApp Repeat Buyers,WHA-1011,45,first_time,RTO,Customer requested future delivery,3,RTO
FAS-25373,DT987651372,2026-04-23T08:30:00.000Z,Kabir Khan,9700000322,customer1373@example.com,"House 40, Block E, Surat Residency, Sector 5",Near main market,395007,Surat,Gujarat,DRESS-RED-S,Red Summer Dress,1,2700,COD,DTDC,Meta,Meta COD Scale,Meta,paid,Meta COD Scale,MET-1012,38,repeat_delivered,RTO,Customer not available,2,RTO
FAS-25374,SH987651373,2026-04-24T09:30:00.000Z,Ananya Iyer,9700000323,customer1374@example.com,"House 41, Block F, Indore Residency, Sector 6",Near main market,452010,Indore,Madhya Pradesh,TSH-BLK-L,Oversized Black Tee,1,800,Prepaid,Shiprocket,Instagram,Influencer Drop,Instagram,paid,Influencer Drop,INS-1013,45,first_time,Undelivered,Incorrect address,2,In NDR
FAS-25375,BL987651374,2026-04-25T10:30:00.000Z,Riya Patel,9700000324,customer1375@example.com,"House 42, Block A, Surat Residency, Sector 7",Near main market,395007,Surat,Gujarat,COORD-GRN-M,Green Co-ord Set,1,2350,COD,Bluedart,Shopify,Google Brand Search,Google,paid,Google Brand Search,GOO-1014,38,first_time,RTO,No response on phone,2,RTO
FAS-25376,SH987651375,2026-04-26T11:30:00.000Z,Vivaan Rao,9700000325,customer1376@example.com,Near temple main road Patna,,800001,Patna,Bihar,DENIM-WIDE-30,Wide Fit Denim,1,2000,Prepaid,Shadowfax,WhatsApp,WhatsApp Repeat Buyers,WhatsApp,crm,WhatsApp Repeat Buyers,WHA-1015,56,first_time,Undelivered,Door locked,2,In NDR
FAS-25377,XP987651376,2026-04-27T12:30:00.000Z,Meera Singh,9700000326,customer1377@example.com,Near temple main road Surat,,395007,Surat,Gujarat,KURTI-BLU-M,Blue Printed Kurti,1,1200,COD,Xpressbees,Meta,Meta COD Scale,Meta,paid,Meta COD Scale,MET-1016,55,repeat_delivered,RTO,Customer refused delivery,2,RTO
FAS-25378,SH987651377,2026-04-28T13:30:00.000Z,Ishaan Gupta,9700000327,customer1378@example.com,"House 45, Block D, Chennai Residency, Sector 10",Near main market,600042,Chennai,Tamil Nadu,DRESS-RED-S,Red Summer Dress,1,2600,COD,Shiprocket,Instagram,Influencer Drop,Instagram,paid,Influencer Drop,INS-1017,46,first_time,RTO,Cash not ready,3,RTO
FAS-25379,DT987651378,2026-04-29T14:30:00.000Z,Sara Ali,9700000328,customer1379@example.com,"House 46, Block E, Bhubaneswar Residency, Sector 11",Near main market,751024,Bhubaneswar,Odisha,TSH-BLK-L,Oversized Black Tee,1,750,COD,DTDC,Shopify,Google Brand Search,Google,paid,Google Brand Search,GOO-1018,50,first_time,Delivered,,0,Delivered
FAS-25380,DT987651379,2026-04-30T15:30:00.000Z,Nisha Nair,9700000329,customer1380@example.com,"House 47, Block F, Patna Residency, Sector 12",Near main market,800001,Patna,Bihar,COORD-GRN-M,Green Co-ord Set,1,2450,Prepaid,DTDC,WhatsApp,WhatsApp Repeat Buyers,WhatsApp,crm,WhatsApp Repeat Buyers,WHA-1019,44,first_time,Delivered,,0,Delivered
FAS-25381,DT987651380,2026-04-01T04:30:00.000Z,Aarav Sharma,9700000330,customer1381@example.com,"House 48, Block A, Ghaziabad Residency, Sector 1",,201001,Ghaziabad,Uttar Pradesh,DENIM-WIDE-30,Wide Fit Denim,1,2000,Prepaid,DTDC,Meta,Meta COD Scale,Meta,paid,Meta COD Scale,MET-1020,49,repeat_delivered,RTO,Incorrect address,2,RTO
FAS-25382,SH987651381,2026-04-02T05:30:00.000Z,Diya Verma,9700000331,customer1382@example.com,"House 49, Block B, Delhi Residency, Sector 2",Near main market,110024,Delhi,Delhi,KURTI-BLU-M,Blue Printed Kurti,1,1400,COD,Shiprocket,Instagram,Influencer Drop,Instagram,paid,Influencer Drop,INS-1021,41,first_time,Undelivered,No response on phone,2,In NDR
FAS-25383,DE987651382,2026-04-03T06:30:00.000Z,Kabir Khan,9700000332,customer1383@example.com,"House 50, Block C, Bengaluru Residency, Sector 3",Near main market,560095,Bengaluru,Karnataka,DRESS-RED-S,Red Summer Dress,1,2500,COD,Delhivery,Shopify,Google Brand Search,Google,paid,Google Brand Search,GOO-1022,57,first_time,Undelivered,Door locked,1,In NDR
FAS-25384,EK987651383,2026-04-04T07:30:00.000Z,Ananya Iyer,9700000333,customer1384@example.com,"House 51, Block D, Patna Residency, Sector 4",Near main market,800001,Patna,Bihar,TSH-BLK-L,Oversized Black Tee,1,800,COD,Ekart,WhatsApp,WhatsApp Repeat Buyers,WhatsApp,crm,WhatsApp Repeat Buyers,WHA-1023,54,first_time,RTO,Customer refused delivery,3,RTO
FAS-25385,EK987651384,2026-04-05T08:30:00.000Z,Riya Patel,9700000334,customer1385@example.com,"House 52, Block E, Jaipur Residency, Sector 5",Near main market,302001,Jaipur,Rajasthan,COORD-GRN-M,Green Co-ord Set,1,2400,COD,Ekart,Meta,Meta COD Scale,Meta,paid,Meta COD Scale,MET-1024,40,repeat_delivered,Cancelled,,0,Cancelled before shipping
FAS-25386,BL987651385,2026-04-06T09:30:00.000Z,Vivaan Rao,9700000335,customer1386@example.com,"House 53, Block F, Pune Residency, Sector 6",,411045,Pune,Maharashtra,DENIM-WIDE-30,Wide Fit Denim,1,1900,COD,Bluedart,Instagram,Influencer Drop,Instagram,paid,Influencer Drop,INS-1025,40,first_time,RTO,Customer requested future delivery,3,RTO
FAS-25387,EK987651386,2026-04-07T10:30:00.000Z,Meera Singh,9700000336,customer1387@example.com,Near temple main road Lucknow,,226010,Lucknow,Uttar Pradesh,KURTI-BLU-M,Blue Printed Kurti,1,1300,COD,Ekart,Shopify,Google Brand Search,Google,paid,Google Brand Search,GOO-1026,45,first_time,RTO,Customer not available,2,RTO
FAS-25388,EK987651387,2026-04-08T11:30:00.000Z,Ishaan Gupta,9700000337,customer1388@example.com,Near temple main road Patna,,800001,Patna,Bihar,DRESS-RED-S,Red Summer Dress,1,2600,Prepaid,Ekart,WhatsApp,WhatsApp Repeat Buyers,WhatsApp,crm,WhatsApp Repeat Buyers,WHA-1027,54,first_time,RTO,Incorrect address,3,RTO
FAS-25389,XP987651388,2026-04-09T12:30:00.000Z,Sara Ali,9700000338,customer1389@example.com,"House 56, Block C, Indore Residency, Sector 9",Near main market,452010,Indore,Madhya Pradesh,TSH-BLK-L,Oversized Black Tee,1,850,Prepaid,Xpressbees,Meta,Meta COD Scale,Meta,paid,Meta COD Scale,MET-1028,47,repeat_delivered,Delivered,,0,Delivered
FAS-25390,EK987651389,2026-04-10T13:30:00.000Z,Nisha Nair,9700000339,customer1390@example.com,"House 57, Block D, Surat Residency, Sector 10",Near main market,395007,Surat,Gujarat,COORD-GRN-M,Green Co-ord Set,1,2300,Prepaid,Ekart,Instagram,Influencer Drop,Instagram,paid,Influencer Drop,INS-1029,42,first_time,Delivered,,0,Delivered
FAS-25391,DE987651390,2026-04-11T14:30:00.000Z,Aarav Sharma,9700000340,customer1391@example.com,"House 58, Block E, Lucknow Residency, Sector 11",,226010,Lucknow,Uttar Pradesh,DENIM-WIDE-30,Wide Fit Denim,1,1900,COD,Delhivery,Shopify,Google Brand Search,Google,paid,Google Brand Search,GOO-1030,53,first_time,RTO,Customer refused delivery,2,RTO
FAS-25392,DE987651391,2026-04-12T15:30:00.000Z,Diya Verma,9700000341,customer1392@example.com,"House 59, Block F, Patna Residency, Sector 12",Near main market,800001,Patna,Bihar,KURTI-BLU-M,Blue Printed Kurti,1,1400,COD,Delhivery,WhatsApp,WhatsApp Repeat Buyers,WhatsApp,crm,WhatsApp Repeat Buyers,WHA-1031,52,first_time,RTO,Cash not ready,3,RTO
FAS-25393,BL987651392,2026-04-13T04:30:00.000Z,Kabir Khan,9700000342,customer1393@example.com,Near temple main road Surat,,395007,Surat,Gujarat,DRESS-RED-S,Red Summer Dress,2,2300,Prepaid,Bluedart,Meta,Meta COD Scale,Meta,paid,Meta COD Scale,MET-1032,57,repeat_delivered,RTO,Customer requested future delivery,2,RTO
FAS-25394,DT987651393,2026-04-14T05:30:00.000Z,Ananya Iyer,9700000343,customer1394@example.com,Near temple main road Ghaziabad,,201001,Ghaziabad,Uttar Pradesh,TSH-BLK-L,Oversized Black Tee,1,850,Prepaid,DTDC,Instagram,Influencer Drop,Instagram,paid,Influencer Drop,INS-1033,49,first_time,RTO,Customer not available,3,RTO
FAS-25395,SH987651394,2026-04-15T06:30:00.000Z,Riya Patel,9700000344,customer1395@example.com,"House 62, Block C, Patna Residency, Sector 3",Near main market,800001,Patna,Bihar,COORD-GRN-M,Green Co-ord Set,1,2300,COD,Shiprocket,Shopify,Google Brand Search,Google,paid,Google Brand Search,GOO-1034,40,first_time,RTO,Incorrect address,2,RTO
FAS-25396,XP987651395,2026-04-16T07:30:00.000Z,Vivaan Rao,9700000345,customer1396@example.com,"House 63, Block D, Ghaziabad Residency, Sector 4",,201001,Ghaziabad,Uttar Pradesh,DENIM-WIDE-30,Wide Fit Denim,1,1750,Prepaid,Xpressbees,WhatsApp,WhatsApp Repeat Buyers,WhatsApp,crm,WhatsApp Repeat Buyers,WHA-1035,57,first_time,RTO,No response on phone,3,RTO
FAS-25397,EK987651396,2026-04-17T08:30:00.000Z,Meera Singh,9700000346,customer1397@example.com,"House 64, Block E, Delhi Residency, Sector 5",Near main market,110024,Delhi,Delhi,KURTI-BLU-M,Blue Printed Kurti,1,1400,COD,Ekart,Meta,Meta COD Scale,Meta,paid,Meta COD Scale,MET-1036,39,repeat_delivered,Undelivered,Door locked,1,In NDR
FAS-25398,DT987651397,2026-04-18T09:30:00.000Z,Ishaan Gupta,9700000347,customer1398@example.com,"House 65, Block F, Bengaluru Residency, Sector 6",Near main market,560095,Bengaluru,Karnataka,DRESS-RED-S,Red Summer Dress,1,2550,COD,DTDC,Instagram,Influencer Drop,Instagram,paid,Influencer Drop,INS-1037,55,first_time,RTO,Customer refused delivery,3,RTO
FAS-25399,DE987651398,2026-04-19T10:30:00.000Z,Sara Ali,9700000348,customer1399@example.com,"House 66, Block A, Ahmedabad Residency, Sector 7",Near main market,380015,Ahmedabad,Gujarat,TSH-BLK-L,Oversized Black Tee,1,850,COD,Delhivery,Shopify,Google Brand Search,Google,paid,Google Brand Search,GOO-1038,46,first_time,RTO,Cash not ready,2,RTO
FAS-25400,EK987651399,2026-04-20T11:30:00.000Z,Nisha Nair,9700000349,customer1400@example.com,"House 67, Block B, Jaipur Residency, Sector 8",Near main market,302001,Jaipur,Rajasthan,COORD-GRN-M,Green Co-ord Set,1,2300,COD,Ekart,WhatsApp,WhatsApp Repeat Buyers,WhatsApp,crm,WhatsApp Repeat Buyers,WHA-1039,57,first_time,Undelivered,Customer requested future delivery,2,In NDR