order_id,awb,order_date,customer_name,phone,email,full_address,landmark,pincode,city,state,sku,product_name,quantity,order_value,payment_mode,courier,source_platform,campaign_name,utm_source,utm_medium,utm_campaign,ad_id,gross_margin,customer_type,shipment_status,ndr_reason,attempt_count,final_status
FTW-24001,SH987650000,2026-04-01T04:30:00.000Z,Aarav Sharma,9700000000,customer1@example.com,"House 18, Block A, Ghaziabad Residency, Sector 1",,201001,Ghaziabad,Uttar Pradesh,SNEAK-WHT-8,White Sneakers,2,1950,Prepaid,Shadowfax,Meta,Meta Size Sale,Meta,paid,Meta Size Sale,MET-1000,54,repeat_delivered,RTO,Customer not available,2,RTO
FTW-24002,DT987650001,2026-04-02T05:30:00.000Z,Diya Verma,9700000001,customer2@example.com,"House 19, Block B, Jaipur Residency, Sector 2",Near main market,302001,Jaipur,Rajasthan,SANDAL-TAN-7,Tan Platform Sandals,1,1600,Prepaid,DTDC,Shopify,Google Shopping,Google,paid,Google Shopping,GOO-1001,55,first_time,RTO,Incorrect address,3,RTO
FTW-24003,BL987650002,2026-04-03T06:30:00.000Z,Kabir Khan,9700000002,customer3@example.com,Near temple main road Bhubaneswar,,751024,Bhubaneswar,Odisha,RUN-BLK-9,Black Running Shoes,1,2500,COD,Bluedart,Instagram,Creator Try-on,Instagram,paid,Creator Try-on,INS-1002,48,first_time,RTO,No response on phone,2,RTO
FTW-24004,BL987650003,2026-04-04T07:30:00.000Z,Ananya Iyer,9700000003,customer4@example.com,"House 21, Block D, Ghaziabad Residency, Sector 4",Near main market,201001,Ghaziabad,Uttar Pradesh,HEEL-GLD-6,Gold Block Heels,1,1900,Prepaid,Bluedart,Meta,Meta Size Sale,Meta,paid,Meta Size Sale,MET-1003,42,first_time,RTO,Door locked,3,RTO
FTW-24005,BL987650004,2026-04-05T08:30:00.000Z,Riya Patel,9700000004,customer5@example.com,"House 22, Block E, Jaipur Residency, Sector 5",Near main market,302001,Jaipur,Rajasthan,SNEAK-WHT-8,White Sneakers,1,1850,Prepaid,Bluedart,Shopify,Google Shopping,Google,paid,Google Shopping,GOO-1004,54,repeat_delivered,Undelivered,Customer refused delivery,1,In NDR
FTW-24006,EK987650005,2026-04-06T09:30:00.000Z,Vivaan Rao,9700000005,customer6@example.com,"House 23, Block F, Pune Residency, Sector 6",,411045,Pune,Maharashtra,SANDAL-TAN-7,Tan Platform Sandals,1,1600,COD,Ekart,Instagram,Creator Try-on,Instagram,paid,Creator Try-on,INS-1005,58,first_time,Undelivered,Cash not ready,2,In NDR
FTW-24007,SH987650006,2026-04-07T10:30:00.000Z,Meera Singh,9700000006,customer7@example.com,"House 24, Block A, Kolkata Residency, Sector 7",Near main market,700016,Kolkata,West Bengal,RUN-BLK-9,Black Running Shoes,1,2150,COD,Shiprocket,Meta,Meta Size Sale,Meta,paid,Meta Size Sale,MET-1006,39,first_time,Undelivered,Customer requested future delivery,1,In NDR
FTW-24008,XP987650007,2026-04-08T11:30:00.000Z,Ishaan Gupta,9700000007,customer8@example.com,"House 25, Block B, Jaipur Residency, Sector 8",Near main market,302001,Jaipur,Rajasthan,HEEL-GLD-6,Gold Block Heels,1,2050,COD,Xpressbees,Shopify,Google Shopping,Google,paid,Google Shopping,GOO-1007,56,first_time,Undelivered,Customer not available,2,In NDR
FTW-24009,SH987650008,2026-04-09T12:30:00.000Z,Sara Ali,9700000008,customer9@example.com,"House 26, Block C, Indore Residency, Sector 9",Near main market,452010,Indore,Madhya Pradesh,SNEAK-WHT-8,White Sneakers,1,2150,Prepaid,Shadowfax,Instagram,Creator Try-on,Instagram,paid,Creator Try-on,INS-1008,43,repeat_delivered,Delivered,,0,Delivered
FTW-24010,BL987650009,2026-04-10T13:30:00.000Z,Nisha Nair,9700000009,customer10@example.com,"House 27, Block D, Surat Residency, Sector 10",Near main market,395007,Surat,Gujarat,SANDAL-TAN-7,Tan Platform Sandals,1,1450,Prepaid,Bluedart,Meta,Meta Size Sale,Meta,paid,Meta Size Sale,MET-1009,50,first_time,RTO,No response on phone,3,RTO
FTW-24011,DT987650010,2026-04-11T14:30:00.000Z,Aarav Sharma,9700000010,customer11@example.com,"House 28, Block E, Hyderabad Residency, Sector 11",,500081,Hyderabad,Telangana,RUN-BLK-9,Black Running Shoes,1,2150,Prepaid,DTDC,Shopify,Google Shopping,Google,paid,Google Shopping,GOO-1010,41,first_time,Delivered,,0,Delivered
FTW-24012,SH987650011,2026-04-12T15:30:00.000Z,Diya Verma,9700000011,customer12@example.com,Near temple main road Bhubaneswar,,751024,Bhubaneswar,Odisha,HEEL-GLD-6,Gold Block Heels,1,1850,COD,Shadowfax,Instagram,Creator Try-on,Instagram,paid,Creator Try-on,INS-1011,49,first_time,RTO,Customer refused delivery,3,RTO
FTW-24013,DT987650012,2026-04-13T04:30:00.000Z,Kabir Khan,9700000012,customer13@example.com,"House 30, Block A, Chennai Residency, Sector 1",Near main market,600042,Chennai,Tamil Nadu,SNEAK-WHT-8,White Sneakers,1,2100,Prepaid,DTDC,Meta,Meta Size Sale,Meta,paid,Meta Size Sale,MET-1012,45,repeat_delivered,Undelivered,Cash not ready,1,In NDR
FTW-24014,DE987650013,2026-04-14T05:30:00.000Z,Ananya Iyer,9700000013,customer14@example.com,"House 31, Block B, Bhubaneswar Residency, Sector 2",Near main market,751024,Bhubaneswar,Odisha,SANDAL-TAN-7,Tan Platform Sandals,1,1500,COD,Delhivery,Shopify,Google Shopping,Google,paid,Google Shopping,GOO-1013,51,first_time,Undelivered,Customer requested future delivery,2,In NDR
FTW-24015,DE987650014,2026-04-15T06:30:00.000Z,Riya Patel,9700000014,customer15@example.com,"House 32, Block C, Bhubaneswar Residency, Sector 3",Near main market,751024,Bhubaneswar,Odisha,RUN-BLK-9,Black Running Shoes,1,2350,COD,Delhivery,Instagram,Creator Try-on,Instagram,paid,Creator Try-on,INS-1014,50,first_time,RTO,Customer not available,2,RTO
FTW-24016,SH987650015,2026-04-16T07:30:00.000Z,Vivaan Rao,9700000015,customer16@example.com,Near temple main road Ghaziabad,,201001,Ghaziabad,Uttar Pradesh,HEEL-GLD-6,Gold Block Heels,1,1750,COD,Shadowfax,Meta,Meta Size Sale,Meta,paid,Meta Size Sale,MET-1015,45,first_time,Undelivered,Incorrect address,2,In NDR
FTW-24017,BL987650016,2026-04-17T08:30:00.000Z,Meera Singh,9700000016,customer17@example.com,"House 34, Block E, Delhi Residency, Sector 5",Near main market,110024,Delhi,Delhi,SNEAK-WHT-8,White Sneakers,1,1950,Prepaid,Bluedart,Shopify,Google Shopping,Google,paid,Google Shopping,GOO-1016,48,repeat_delivered,RTO,No response on phone,2,RTO
FTW-24018,DT987650017,2026-04-18T09:30:00.000Z,Ishaan Gupta,9700000017,customer18@example.com,"House 35, Block F, Bengaluru Residency, Sector 6",Near main market,560095,Bengaluru,Karnataka,SANDAL-TAN-7,Tan Platform Sandals,1,1450,COD,DTDC,Instagram,Creator Try-on,Instagram,paid,Creator Try-on,INS-1017,41,first_time,Undelivered,Door locked,2,In NDR
FTW-24019,DT987650018,2026-04-19T10:30:00.000Z,Sara Ali,9700000018,customer19@example.com,"House 36, Block A, Ahmedabad Residency, Sector 7",Near main market,380015,Ahmedabad,Gujarat,RUN-BLK-9,Black Running Shoes,1,2350,Prepaid,DTDC,Meta,Meta Size Sale,Meta,paid,Meta Size Sale,MET-1018,50,first_time,RTO,Customer refused delivery,2,RTO
FTW-24020,XP987650019,2026-04-20T11:30:00.000Z,Nisha Nair,9700000019,customer20@example.com,"House 37, Block B, Jaipur Residency, Sector 8",Near main market,302001,Jaipur,Rajasthan,HEEL-GLD-6,Gold Block Heels,1,1950,Prepaid,Xpressbees,Shopify,Google Shopping,Google,paid,Google Shopping,GOO-1019,40,first_time,RTO,Cash not ready,3,RTO
FTW-24021,EK987650020,2026-04-21T12:30:00.000Z,Aarav Sharma,9700000020,customer21@example.com,"House 38, Block C, Pune Residency, Sector 9",,411045,Pune,Maharashtra,SNEAK-WHT-8,White Sneakers,1,2050,Prepaid,Ekart,Instagram,Creator Try-on,Instagram,paid,Creator Try-on,INS-1020,52,repeat_delivered,RTO,Customer requested future delivery,2,RTO
FTW-24022,SH987650021,2026-04-22T13:30:00.000Z,Diya Verma,9700000021,customer22@example.com,"House 39, Block D, Kolkata Residency, Sector 10",Near main market,700016,Kolkata,West Bengal,SANDAL-TAN-7,Tan Platform Sandals,1,1550,COD,Shiprocket,Meta,Meta Size Sale,Meta,paid,Meta Size Sale,MET-1021,47,first_time,Delivered,,0,Delivered
FTW-24023,EK987650022,2026-04-23T14:30:00.000Z,Kabir Khan,9700000022,customer23@example.com,"House 40, Block E, Jaipur Residency, Sector 11",Near main market,302001,Jaipur,Rajasthan,RUN-BLK-9,Black Running Shoes,1,2250,COD,Ekart,Shopify,Google Shopping,Google,paid,Google Shopping,GOO-1022,46,first_time,RTO,Incorrect address,2,RTO
FTW-24024,SH987650023,2026-04-24T15:30:00.000Z,Ananya Iyer,9700000023,customer24@example.com,"House 41, Block F, Bhubaneswar Residency, Sector 12",Near main market,751024,Bhubaneswar,Odisha,HEEL-GLD-6,Gold Block Heels,1,1800,Prepaid,Shiprocket,Instagram,Creator Try-on,Instagram,paid,Creator Try-on,INS-1023,42,first_time,Delivered,,0,Delivered
FTW-24025,EK987650024,2026-04-25T04:30:00.000Z,Riya Patel,9700000024,customer25@example.com,"House 42, Block A, Surat Residency, Sector 1",Near main market,395007,Surat,Gujarat,SNEAK-WHT-8,White Sneakers,1,2000,Prepaid,Ekart,Meta,Meta Size Sale,Meta,paid,Meta Size Sale,MET-1024,40,repeat_delivered,Undelivered,Door locked,1,In NDR
FTW-24026,XP987650025,2026-04-26T05:30:00.000Z,Vivaan Rao,9700000025,customer26@example.com,"House 43, Block B, Hyderabad Residency, Sector 2",,500081,Hyderabad,Telangana,SANDAL-TAN-7,Tan Platform Sandals,1,1450,COD,Xpressbees,Shopify,Google Shopping,Google,paid,Google Shopping,GOO-1025,41,first_time,RTO,Customer refused delivery,3,RTO
FTW-24027,SH987650026,2026-04-27T06:30:00.000Z,Meera Singh,9700000026,customer27@example.com,"House 44, Block C, Mumbai Residency, Sector 3",Near main market,400053,Mumbai,Maharashtra,RUN-BLK-9,Black Running Shoes,1,2400,Prepaid,Shiprocket,Instagram,Creator Try-on,Instagram,paid,Creator Try-on,INS-1026,38,first_time,Undelivered,Cash not ready,1,In NDR
FTW-24028,DT987650027,2026-04-28T07:30:00.000Z,Ishaan Gupta,9700000027,customer28@example.com,"House 45, Block D, Chennai Residency, Sector 4",Near main market,600042,Chennai,Tamil Nadu,HEEL-GLD-6,Gold Block Heels,1,1950,COD,DTDC,Meta,Meta Size Sale,Meta,paid,Meta Size Sale,MET-1027,44,first_time,RTO,Customer requested future delivery,3,RTO
FTW-24029,EK987650028,2026-04-29T08:30:00.000Z,Sara Ali,9700000028,customer29@example.com,"House 46, Block E, Bhubaneswar Residency, Sector 5",Near main market,751024,Bhubaneswar,Odisha,SNEAK-WHT-8,White Sneakers,1,2050,COD,Ekart,Shopify,Google Shopping,Google,paid,Google Shopping,GOO-1028,43,repeat_delivered,RTO,Customer not available,2,RTO
FTW-24030,SH987650029,2026-04-30T09:30:00.000Z,Nisha Nair,9700000029,customer30@example.com,"House 47, Block F, Patna Residency, Sector 6",Near main market,800001,Patna,Bihar,SANDAL-TAN-7,Tan Platform Sandals,2,1400,Prepaid,Shiprocket,Instagram,Creator Try-on,Instagram,paid,Creator Try-on,INS-1029,42,first_time,Delivered,,0,Delivered
FTW-24031,EK987650030,2026-04-01T10:30:00.000Z,Aarav Sharma,9700000030,customer31@example.com,"House 48, Block A, Ghaziabad Residency, Sector 7",,201001,Ghaziabad,Uttar Pradesh,RUN-BLK-9,Black Running Shoes,1,2100,COD,Ekart,Meta,Meta Size Sale,Meta,paid,Meta Size Sale,MET-1030,48,first_time,RTO,No response on phone,2,RTO
FTW-24032,DT987650031,2026-04-02T11:30:00.000Z,Diya Verma,9700000031,customer32@example.com,"House 49, Block B, Jaipur Residency, Sector 8",Near main market,302001,Jaipur,Rajasthan,HEEL-GLD-6,Gold Block Heels,1,1850,Prepaid,DTDC,Shopify,Google Shopping,Google,paid,Google Shopping,GOO-1031,54,first_time,RTO,Door locked,3,RTO
FTW-24033,SH987650032,2026-04-03T12:30:00.000Z,Kabir Khan,9700000032,customer33@example.com,"House 50, Block C, Bhubaneswar Residency, Sector 9",Near main market,751024,Bhubaneswar,Odisha,SNEAK-WHT-8,White Sneakers,1,1900,COD,Shiprocket,Instagram,Creator Try-on,Instagram,paid,Creator Try-on,INS-1032,48,repeat_delivered,Undelivered,Customer refused delivery,1,In NDR
FTW-24034,BL987650033,2026-04-04T13:30:00.000Z,Ananya Iyer,9700000033,customer34@example.com,"House 51, Block D, Ahmedabad Residency, Sector 10",Near main market,380015,Ahmedabad,Gujarat,SANDAL-TAN-7,Tan Platform Sandals,1,1600,COD,Bluedart,Meta,Meta Size Sale,Meta,paid,Meta Size Sale,MET-1033,44,first_time,RTO,Cash not ready,3,RTO
FTW-24035,XP987650034,2026-04-05T14:30:00.000Z,Riya Patel,9700000034,customer35@example.com,"House 52, Block E, Jaipur Residency, Sector 11",Near main market,302001,Jaipur,Rajasthan,RUN-BLK-9,Black Running Shoes,1,2300,COD,Xpressbees,Shopify,Google Shopping,Google,paid,Google Shopping,GOO-1034,47,first_time,RTO,Customer requested future delivery,2,RTO
FTW-24036,BL987650035,2026-04-06T15:30:00.000Z,Vivaan Rao,9700000035,customer36@example.com,"House 53, Block F, Pune Residency, Sector 12",,411045,Pune,Maharashtra,HEEL-GLD-6,Gold Block Heels,1,1850,COD,Bluedart,Instagram,Creator Try-on,Instagram,paid,Creator Try-on,INS-1035,48,first_time,RTO,Customer not available,3,RTO
FTW-24037,SH987650036,2026-04-07T04:30:00.000Z,Meera Singh,9700000036,customer37@example.com,"House 54, Block A, Kolkata Residency, Sector 1",Near main market,700016,Kolkata,West Bengal,SNEAK-WHT-8,White Sneakers,1,1950,COD,Shiprocket,Meta,Meta Size Sale,Meta,paid,Meta Size Sale,MET-1036,41,repeat_delivered,Undelivered,Incorrect address,1,In NDR
FTW-24038,SH987650037,2026-04-08T05:30:00.000Z,Ishaan Gupta,9700000037,customer38@example.com,"House 55, Block B, Lucknow Residency, Sector 2",Near main market,226010,Lucknow,Uttar Pradesh,SANDAL-TAN-7,Tan Platform Sandals,1,1550,COD,Shiprocket,Shopify,Google Shopping,Google,paid,Google Shopping,GOO-1037,57,first_time,Cancelled,,0,Cancelled before shipping
FTW-24039,SH987650038,2026-04-09T06:30:00.000Z,Sara Ali,9700000038,customer39@example.com,"House 56, Block C, Bhubaneswar Residency, Sector 3",Near main market,751024,Bhubaneswar,Odisha,RUN-BLK-9,Black Running Shoes,1,2350,COD,Shadowfax,Instagram,Creator Try-on,Instagram,paid,Creator Try-on,INS-1038,46,first_time,RTO,Door locked,2,RTO
FTW-24040,DE987650039,2026-04-10T07:30:00.000Z,Nisha Nair,9700000039,customer40@example.com,"House 57, Block D, Surat Residency, Sector 4",Near main market,395007,Surat,Gujarat,HEEL-GLD-6,Gold Block Heels,1,1900,COD,Delhivery,Meta,Meta Size Sale,Meta,paid,Meta Size Sale,MET-1039,41,first_time,Undelivered,Customer refused delivery,2,In NDR
FTW-24041,EK987650040,2026-04-11T08:30:00.000Z,Aarav Sharma,9700000040,customer41@example.com,Near temple main road Jaipur,,302001,Jaipur,Rajasthan,SNEAK-WHT-8,White Sneakers,1,2100,Prepaid,Ekart,Shopify,Google Shopping,Google,paid,Google Shopping,GOO-1040,56,repeat_delivered,Undelivered,Cash not ready,1,In NDR
FTW-24042,SH987650041,2026-04-12T09:30:00.000Z,Diya Verma,9700000041,customer42@example.com,"House 59, Block F, Bhubaneswar Residency, Sector 6",Near main market,751024,Bhubaneswar,Odisha,SANDAL-TAN-7,Tan Platform Sandals,1,1600,Prepaid,Shiprocket,Instagram,Creator Try-on,Instagram,paid,Creator Try-on,INS-1041,53,first_time,Undelivered,Customer requested future delivery,2,In NDR
FTW-24043,SH987650042,2026-04-13T10:30:00.000Z,Kabir Khan,9700000042,customer43@example.com,"House 60, Block A, Chennai Residency, Sector 7",Near main market,600042,Chennai,Tamil Nadu,RUN-BLK-9,Black Running Shoes,1,2450,Prepaid,Shiprocket,Meta,Meta Size Sale,Meta,paid,Meta Size Sale,MET-1042,43,first_time,RTO,Customer not available,2,RTO
FTW-24044,XP987650043,2026-04-14T11:30:00.000Z,Ananya Iyer,9700000043,customer44@example.com,"House 61, Block B, Bhubaneswar Residency, Sector 8",Near main market,751024,Bhubaneswar,Odisha,HEEL-GLD-6,Gold Block Heels,1,1900,COD,Xpressbees,Shopify,Google Shopping,Google,paid,Google Shopping,GOO-1043,57,first_time,Delivered,,0,Delivered
FTW-24045,DE987650044,2026-04-15T12:30:00.000Z,Riya Patel,9700000044,customer45@example.com,"House 62, Block C, Patna Residency, Sector 9",Near main market,800001,Patna,Bihar,SNEAK-WHT-8,White Sneakers,1,2100,COD,Delhivery,Instagram,Creator Try-on,Instagram,paid,Creator Try-on,INS-1044,56,repeat_delivered,RTO,No response on phone,2,RTO
FTW-24046,DE987650045,2026-04-16T13:30:00.000Z,Vivaan Rao,9700000045,customer46@example.com,"House 63, Block D, Ghaziabad Residency, Sector 10",,201001,Ghaziabad,Uttar Pradesh,SANDAL-TAN-7,Tan Platform Sandals,1,1450,COD,Delhivery,Meta,Meta Size Sale,Meta,paid,Meta Size Sale,MET-1045,44,first_time,RTO,Door locked,3,RTO
FTW-24047,XP987650046,2026-04-17T14:30:00.000Z,Meera Singh,9700000046,customer47@example.com,"House 64, Block E, Delhi Residency, Sector 11",Near main market,110024,Delhi,Delhi,RUN-BLK-9,Black Running Shoes,1,2150,Prepaid,Xpressbees,Shopify,Google Shopping,Google,paid,Google Shopping,GOO-1046,38,first_time,Delivered,,0,Delivered
FTW-24048,EK987650047,2026-04-18T15:30:00.000Z,Ishaan Gupta,9700000047,customer48@example.com,"House 65, Block F, Bengaluru Residency, Sector 12",Near main market,560095,Bengaluru,Karnataka,HEEL-GLD-6,Gold Block Heels,1,1850,Prepaid,Ekart,Instagram,Creator Try-on,Instagram,paid,Creator Try-on,INS-1047,48,first_time,RTO,Cash not ready,3,RTO
FTW-24049,SH987650048,2026-04-19T04:30:00.000Z,Sara Ali,9700000048,customer49@example.com,"House 66, Block A, Ghaziabad Residency, Sector 1",Near main market,201001,Ghaziabad,Uttar Pradesh,SNEAK-WHT-8,White Sneakers,1,2000,COD,Shadowfax,Meta,Meta Size Sale,Meta,paid,Meta Size Sale,MET-1048,52,repeat_delivered,Undelivered,Customer requested future delivery,1,In NDR
FTW-24050,BL987650049,2026-04-20T05:30:00.000Z,Nisha Nair,9700000049,customer50@example.com,"House 67, Block B, Jaipur Residency, Sector 2",Near main market,302001,Jaipur,Rajasthan,SANDAL-TAN-7,Tan Platform Sandals,1,1450,COD,Bluedart,Shopify,Google Shopping,Google,paid,Google Shopping,GOO-1049,45,first_time,Delivered,,0,Delivered
FTW-24051,XP987650050,2026-04-21T06:30:00.000Z,Aarav Sharma,9700000050,customer51@example.com,"House 68, Block C, Pune Residency, Sector 3",,411045,Pune,Maharashtra,RUN-BLK-9,Black Running Shoes,1,2150,COD,Xpressbees,Instagram,Creator Try-on,Instagram,paid,Creator Try-on,INS-1050,51,first_time,RTO,Incorrect address,2,RTO
FTW-24052,DT987650051,2026-04-22T07:30:00.000Z,Diya Verma,9700000051,customer52@example.com,"House 69, Block D, Kolkata Residency, Sector 4",Near main market,700016,Kolkata,West Bengal,HEEL-GLD-6,Gold Block Heels,1,1750,Prepaid,DTDC,Meta,Meta Size Sale,Meta,paid,Meta Size Sale,MET-1051,42,first_time,RTO,No response on phone,3,RTO
FTW-24053,EK987650052,2026-04-23T08:30:00.000Z,Kabir Khan,9700000052,customer53@example.com,"House 70, Block E, Lucknow Residency, Sector 5",Near main market,226010,Lucknow,Uttar Pradesh,SNEAK-WHT-8,White Sneakers,1,2000,COD,Ekart,Shopify,Google Shopping,Google,paid,Google Shopping,GOO-1052,46,repeat_delivered,Undelivered,Door locked,1,In NDR
FTW-24054,SH987650053,2026-04-24T09:30:00.000Z,Ananya Iyer,9700000053,customer54@example.com,Near temple main road Bhubaneswar,,751024,Bhubaneswar,Odisha,SANDAL-TAN-7,Tan Platform Sandals,1,1600,Prepaid,Shadowfax,Instagram,Creator Try-on,Instagram,paid,Creator Try-on,INS-1053,56,first_time,RTO,Customer refused delivery,3,RTO
FTW-24055,EK987650054,2026-04-25T10:30:00.000Z,Riya Patel,9700000054,customer55@example.com,"House 72, Block A, Ghaziabad Residency, Sector 7",Near main market,201001,Ghaziabad,Uttar Pradesh,RUN-BLK-9,Black Running Shoes,1,2200,Prepaid,Ekart,Meta,Meta Size Sale,Meta,paid,Meta Size Sale,MET-1054,49,first_time,RTO,Cash not ready,2,RTO
FTW-24056,EK987650055,2026-04-26T11:30:00.000Z,Vivaan Rao,9700000055,customer56@example.com,"House 73, Block B, Hyderabad Residency, Sector 8",,500081,Hyderabad,Telangana,HEEL-GLD-6,Gold Block Heels,1,1900,Prepaid,Ekart,Shopify,Google Shopping,Google,paid,Google Shopping,GOO-1055,39,first_time,Delivered,,0,Delivered
FTW-24057,DE987650056,2026-04-27T12:30:00.000Z,Meera Singh,9700000056,customer57@example.com,"House 74, Block C, Mumbai Residency, Sector 9",Near main market,400053,Mumbai,Maharashtra,SNEAK-WHT-8,White Sneakers,1,1900,Prepaid,Delhivery,Instagram,Creator Try-on,Instagram,paid,Creator Try-on,INS-1056,46,repeat_delivered,RTO,Customer not available,2,RTO
FTW-24058,DE987650057,2026-04-28T13:30:00.000Z,Ishaan Gupta,9700000057,customer58@example.com,"House 75, Block D, Ghaziabad Residency, Sector 10",Near main market,201001,Ghaziabad,Uttar Pradesh,SANDAL-TAN-7,Tan Platform Sandals,1,1550,Prepaid,Delhivery,Meta,Meta Size Sale,Meta,paid,Meta Size Sale,MET-1057,42,first_time,Delivered,,0,Delivered
FTW-24059,DE987650058,2026-04-29T14:30:00.000Z,Sara Ali,9700000058,customer59@example.com,"House 76, Block E, Bhubaneswar Residency, Sector 11",Near main market,751024,Bhubaneswar,Odisha,RUN-BLK-9,Black Running Shoes,2,2450,COD,Delhivery,Shopify,Google Shopping,Google,paid,Google Shopping,GOO-1058,44,first_time,Undelivered,No response on phone,1,In NDR
FTW-24060,EK987650059,2026-04-30T15:30:00.000Z,Nisha Nair,9700000059,customer60@example.com,"House 77, Block F, Patna Residency, Sector 12",Near main market,800001,Patna,Bihar,HEEL-GLD-6,Gold Block Heels,1,1850,COD,Ekart,Instagram,Creator Try-on,Instagram,paid,Creator Try-on,INS-1059,45,first_time,RTO,Door locked,3,RTO
FTW-24061,BL987650060,2026-04-01T04:30:00.000Z,Aarav Sharma,9700000060,customer61@example.com,"House 78, Block A, Ghaziabad Residency, Sector 1",,201001,Ghaziabad,Uttar Pradesh,SNEAK-WHT-8,White Sneakers,1,2100,COD,Bluedart,Meta,Meta Size Sale,Meta,paid,Meta Size Sale,MET-1060,40,repeat_delivered,RTO,Customer refused delivery,2,RTO
FTW-24062,DE987650061,2026-04-02T05:30:00.000Z,Diya Verma,9700000061,customer62@example.com,Near temple main road Jaipur,,302001,Jaipur,Rajasthan,SANDAL-TAN-7,Tan Platform Sandals,1,1500,COD,Delhivery,Shopify,Google Shopping,Google,paid,Google Shopping,GOO-1061,39,first_time,Undelivered,Cash not ready,2,In NDR
FTW-24063,BL987650062,2026-04-03T06:30:00.000Z,Kabir Khan,9700000062,customer63@example.com,"House 80, Block C, Bengaluru Residency, Sector 3",Near main market,560095,Bengaluru,Karnataka,RUN-BLK-9,Black Running Shoes,1,2300,Prepaid,Bluedart,Instagram,Creator Try-on,Instagram,paid,Creator Try-on,INS-1062,40,first_time,RTO,Customer requested future delivery,2,RTO
FTW-24064,DE987650063,2026-04-04T07:30:00.000Z,Ananya Iyer,9700000063,customer64@example.com,"House 81, Block D, Ghaziabad Residency, Sector 4",Near main market,201001,Ghaziabad,Uttar Pradesh,HEEL-GLD-6,Gold Block Heels,1,1950,Prepaid,Delhivery,Meta,Meta Size Sale,Meta,paid,Meta Size Sale,MET-1063,47,first_time,RTO,Customer not available,3,RTO
FTW-24065,DE987650064,2026-04-05T08:30:00.000Z,Riya Patel,9700000064,customer65@example.com,Near temple main road Jaipur,,302001,Jaipur,Rajasthan,SNEAK-WHT-8,White Sneakers,1,2150,COD,Delhivery,Shopify,Google Shopping,Google,paid,Google Shopping,GOO-1064,39,repeat_delivered,RTO,Incorrect address,2,RTO
FTW-24066,XP987650065,2026-04-06T09:30:00.000Z,Vivaan Rao,9700000065,customer66@example.com,"House 83, Block F, Pune Residency, Sector 6",,411045,Pune,Maharashtra,SANDAL-TAN-7,Tan Platform Sandals,1,1600,COD,Xpressbees,Instagram,Creator Try-on,Instagram,paid,Creator Try-on,INS-1065,45,first_time,Delivered,,0,Delivered
FTW-24067,DE987650066,2026-04-07T10:30:00.000Z,Meera Singh,9700000066,customer67@example.com,"House 84, Block A, Kolkata Residency, Sector 7",Near main market,700016,Kolkata,West Bengal,RUN-BLK-9,Black Running Shoes,1,2350,Prepaid,Delhivery,Meta,Meta Size Sale,Meta,paid,Meta Size Sale,MET-1066,57,first_time,Undelivered,Door locked,1,In NDR
FTW-24068,SH987650067,2026-04-08T11:30:00.000Z,Ishaan Gupta,9700000067,customer68@example.com,"House 85, Block B, Lucknow Residency, Sector 8",Near main market,226010,Lucknow,Uttar Pradesh,HEEL-GLD-6,Gold Block Heels,1,1800,COD,Shiprocket,Shopify,Google Shopping,Google,paid,Google Shopping,GOO-1067,46,first_time,RTO,Customer refused delivery,3,RTO
FTW-24069,SH987650068,2026-04-09T12:30:00.000Z,Sara Ali,9700000068,customer69@example.com,"House 86, Block C, Indore Residency, Sector 9",Near main market,452010,Indore,Madhya Pradesh,SNEAK-WHT-8,White Sneakers,1,2050,COD,Shiprocket,Instagram,Creator Try-on,Instagram,paid,Creator Try-on,INS-1068,41,repeat_delivered,RTO,Cash not ready,2,RTO
FTW-24070,XP987650069,2026-04-10T13:30:00.000Z,Nisha Nair,9700000069,customer70@example.com,"House 87, Block D, Ghaziabad Residency, Sector 10",Near main market,201001,Ghaziabad,Uttar Pradesh,SANDAL-TAN-7,Tan Platform Sandals,1,1450,COD,Xpressbees,Meta,Meta Size Sale,Meta,paid,Meta Size Sale,MET-1069,43,first_time,RTO,Customer requested future delivery,3,RTO
FTW-24071,SH987650070,2026-04-11T14:30:00.000Z,Aarav Sharma,9700000070,customer71@example.com,"House 88, Block E, Hyderabad Residency, Sector 11",,500081,Hyderabad,Telangana,RUN-BLK-9,Black Running Shoes,1,2350,COD,Shiprocket,Shopify,Google Shopping,Google,paid,Google Shopping,GOO-1070,45,first_time,Undelivered,Customer not available,1,In NDR
FTW-24072,SH987650071,2026-04-12T15:30:00.000Z,Diya Verma,9700000071,customer72@example.com,"House 89, Block F, Bhubaneswar Residency, Sector 12",Near main market,751024,Bhubaneswar,Odisha,HEEL-GLD-6,Gold Block Heels,1,1800,COD,Shiprocket,Instagram,Creator Try-on,Instagram,paid,Creator Try-on,INS-1071,47,first_time,RTO,Incorrect address,3,RTO
FTW-24073,SH987650072,2026-04-13T04:30:00.000Z,Kabir Khan,9700000072,customer73@example.com,"House 90, Block A, Ghaziabad Residency, Sector 1",Near main market,201001,Ghaziabad,Uttar Pradesh,SNEAK-WHT-8,White Sneakers,1,1900,COD,Shiprocket,Meta,Meta Size Sale,Meta,paid,Meta Size Sale,MET-1072,50,repeat_delivered,Cancelled,,0,Cancelled before shipping
FTW-24074,SH987650073,2026-04-14T05:30:00.000Z,Ananya Iyer,9700000073,customer74@example.com,"House 91, Block B, Bhubaneswar Residency, Sector 2",Near main market,751024,Bhubaneswar,Odisha,SANDAL-TAN-7,Tan Platform Sandals,1,1400,COD,Shadowfax,Shopify,Google Shopping,Google,paid,Google Shopping,GOO-1073,53,first_time,Delivered,,0,Delivered
FTW-24075,DT987650074,2026-04-15T06:30:00.000Z,Riya Patel,9700000074,customer75@example.com,"House 92, Block C, Patna Residency, Sector 3",Near main market,800001,Patna,Bihar,RUN-BLK-9,Black Running Shoes,1,2300,Prepaid,DTDC,Instagram,Creator Try-on,Instagram,paid,Creator Try-on,INS-1074,41,first_time,Delivered,,0,Delivered
FTW-24076,DT987650075,2026-04-16T07:30:00.000Z,Vivaan Rao,9700000075,customer76@example.com,"House 93, Block D, Ghaziabad Residency, Sector 4",,201001,Ghaziabad,Uttar Pradesh,HEEL-GLD-6,Gold Block Heels,1,1750,Prepaid,DTDC,Meta,Meta Size Sale,Meta,paid,Meta Size Sale,MET-1075,45,first_time,Delivered,,0,Delivered
FTW-24077,SH987650076,2026-04-17T08:30:00.000Z,Meera Singh,9700000076,customer77@example.com,"House 94, Block E, Delhi Residency, Sector 5",Near main market,110024,Delhi,Delhi,SNEAK-WHT-8,White Sneakers,1,1850,Prepaid,Shadowfax,Shopify,Google Shopping,Google,paid,Google Shopping,GOO-1076,49,repeat_delivered,Delivered,,0,Delivered
FTW-24078,XP987650077,2026-04-18T09:30:00.000Z,Ishaan Gupta,9700000077,customer78@example.com,"House 95, Block F, Bhubaneswar Residency, Sector 6",Near main market,751024,Bhubaneswar,Odisha,SANDAL-TAN-7,Tan Platform Sandals,1,1550,COD,Xpressbees,Instagram,Creator Try-on,Instagram,paid,Creator Try-on,INS-1077,47,first_time,Undelivered,Customer not available,2,In NDR
FTW-24079,BL987650078,2026-04-19T10:30:00.000Z,Sara Ali,9700000078,customer79@example.com,Near temple main road Ghaziabad,,201001,Ghaziabad,Uttar Pradesh,RUN-BLK-9,Black Running Shoes,1,2500,COD,Bluedart,Meta,Meta Size Sale,Meta,paid,Meta Size Sale,MET-1078,47,first_time,RTO,Incorrect address,2,RTO
FTW-24080,SH987650079,2026-04-20T11:30:00.000Z,Nisha Nair,9700000079,customer80@example.com,"House 97, Block B, Jaipur Residency, Sector 8",Near main market,302001,Jaipur,Rajasthan,HEEL-GLD-6,Gold Block Heels,1,1850,COD,Shiprocket,Shopify,Google Shopping,Google,paid,Google Shopping,GOO-1079,40,first_time,RTO,No response on phone,3,RTO
FTW-24081,DT987650080,2026-04-21T12:30:00.000Z,Aarav Sharma,9700000080,customer81@example.com,"House 98, Block C, Pune Residency, Sector 9",,411045,Pune,Maharashtra,SNEAK-WHT-8,White Sneakers,1,2150,Prepaid,DTDC,Instagram,Creator Try-on,Instagram,paid,Creator Try-on,INS-1000,40,repeat_delivered,Delivered,,0,Delivered
FTW-24082,DE987650081,2026-04-22T13:30:00.000Z,Diya Verma,9700000081,customer82@example.com,"House 99, Block D, Kolkata Residency, Sector 10",Near main market,700016,Kolkata,West Bengal,SANDAL-TAN-7,Tan Platform Sandals,1,1450,Prepaid,Delhivery,Meta,Meta Size Sale,Meta,paid,Meta Size Sale,MET-1001,38,first_time,Undelivered,Customer refused delivery,2,In NDR
FTW-24083,BL987650082,2026-04-23T14:30:00.000Z,Kabir Khan,9700000082,customer83@example.com,"House 100, Block E, Lucknow Residency, Sector 11",Near main market,226010,Lucknow,Uttar Pradesh,RUN-BLK-9,Black Running Shoes,1,2400,Prepaid,Bluedart,Shopify,Google Shopping,Google,paid,Google Shopping,GOO-1002,54,first_time,Delivered,,0,Delivered
FTW-24084,SH987650083,2026-04-24T15:30:00.000Z,Ananya Iyer,9700000083,customer84@example.com,"House 101, Block F, Indore Residency, Sector 12",Near main market,452010,Indore,Madhya Pradesh,HEEL-GLD-6,Gold Block Heels,1,2000,COD,Shiprocket,Instagram,Creator Try-on,Instagram,paid,Creator Try-on,INS-1003,44,first_time,RTO,Customer requested future delivery,3,RTO
FTW-24085,XP987650084,2026-04-25T04:30:00.000Z,Riya Patel,9700000084,customer85@example.com,"House 102, Block A, Surat Residency, Sector 1",Near main market,395007,Surat,Gujarat,SNEAK-WHT-8,White Sneakers,1,2050,COD,Xpressbees,Meta,Meta Size Sale,Meta,paid,Meta Size Sale,MET-1004,39,repeat_delivered,Undelivered,Customer not available,1,In NDR
FTW-24086,XP987650085,2026-04-26T05:30:00.000Z,Vivaan Rao,9700000085,customer86@example.com,"House 103, Block B, Hyderabad Residency, Sector 2",,500081,Hyderabad,Telangana,SANDAL-TAN-7,Tan Platform Sandals,1,1500,COD,Xpressbees,Shopify,Google Shopping,Google,paid,Google Shopping,GOO-1005,50,first_time,Delivered,,0,Delivered
FTW-24087,DE987650086,2026-04-27T06:30:00.000Z,Meera Singh,9700000086,customer87@example.com,"House 104, Block C, Bhubaneswar Residency, Sector 3",Near main market,751024,Bhubaneswar,Odisha,RUN-BLK-9,Black Running Shoes,1,2400,COD,Delhivery,Instagram,Creator Try-on,Instagram,paid,Creator Try-on,INS-1006,45,first_time,RTO,No response on phone,2,RTO
FTW-24088,DT987650087,2026-04-28T07:30:00.000Z,Ishaan Gupta,9700000087,customer88@example.com,"House 105, Block D, Ghaziabad Residency, Sector 4",Near main market,201001,Ghaziabad,Uttar Pradesh,HEEL-GLD-6,Gold Block Heels,2,1800,COD,DTDC,Meta,Meta Size Sale,Meta,paid,Meta Size Sale,MET-1007,51,first_time,Undelivered,Door locked,2,In NDR
FTW-24089,EK987650088,2026-04-29T08:30:00.000Z,Sara Ali,9700000088,customer89@example.com,"House 106, Block E, Bhubaneswar Residency, Sector 5",Near main market,751024,Bhubaneswar,Odisha,SNEAK-WHT-8,White Sneakers,1,2000,Prepaid,Ekart,Shopify,Google Shopping,Google,paid,Google Shopping,GOO-1008,45,repeat_delivered,Delivered,,0,Delivered
FTW-24090,DT987650089,2026-04-30T09:30:00.000Z,Nisha Nair,9700000089,customer90@example.com,"House 107, Block F, Patna Residency, Sector 6",Near main market,800001,Patna,Bihar,SANDAL-TAN-7,Tan Platform Sandals,1,1450,COD,DTDC,Instagram,Creator Try-on,Instagram,paid,Creator Try-on,INS-1009,50,first_time,Undelivered,Cash not ready,2,In NDR
FTW-24091,EK987650090,2026-04-01T10:30:00.000Z,Aarav Sharma,9700000090,customer91@example.com,"House 18, Block A, Ghaziabad Residency, Sector 7",,201001,Ghaziabad,Uttar Pradesh,RUN-BLK-9,Black Running Shoes,1,2250,COD,Ekart,Meta,Meta Size Sale,Meta,paid,Meta Size Sale,MET-1010,40,first_time,Undelivered,Customer requested future delivery,1,In NDR
FTW-24092,EK987650091,2026-04-02T11:30:00.000Z,Diya Verma,9700000091,customer92@example.com,"House 19, Block B, Jaipur Residency, Sector 8",Near main market,302001,Jaipur,Rajasthan,HEEL-GLD-6,Gold Block Heels,1,1950,Prepaid,Ekart,Shopify,Google Shopping,Google,paid,Google Shopping,GOO-1011,48,first_time,RTO,Customer not available,3,RTO
FTW-24093,SH987650092,2026-04-03T12:30:00.000Z,Kabir Khan,9700000092,customer93@example.com,Near temple main road Bhubaneswar,,751024,Bhubaneswar,Odisha,SNEAK-WHT-8,White Sneakers,1,1800,COD,Shadowfax,Instagram,Creator Try-on,Instagram,paid,Creator Try-on,INS-1012,43,repeat_delivered,Undelivered,Incorrect address,1,In NDR
FTW-24094,SH987650093,2026-04-04T13:30:00.000Z,Ananya Iyer,9700000093,customer94@example.com,"House 21, Block D, Ghaziabad Residency, Sector 10",Near main market,201001,Ghaziabad,Uttar Pradesh,SANDAL-TAN-7,Tan Platform Sandals,1,1550,COD,Shadowfax,Meta,Meta Size Sale,Meta,paid,Meta Size Sale,MET-1013,44,first_time,Undelivered,No response on phone,2,In NDR
FTW-24095,BL987650094,2026-04-05T14:30:00.000Z,Riya Patel,9700000094,customer95@example.com,"House 22, Block E, Jaipur Residency, Sector 11",Near main market,302001,Jaipur,Rajasthan,RUN-BLK-9,Black Running Shoes,1,2350,Prepaid,Bluedart,Shopify,Google Shopping,Google,paid,Google Shopping,GOO-1014,39,first_time,Undelivered,Door locked,1,In NDR
FTW-24096,SH987650095,2026-04-06T15:30:00.000Z,Vivaan Rao,9700000095,customer96@example.com,"House 23, Block F, Pune Residency, Sector 12",,411045,Pune,Maharashtra,HEEL-GLD-6,Gold Block Heels,1,2050,COD,Shiprocket,Instagram,Creator Try-on,Instagram,paid,Creator Try-on,INS-1015,42,first_time,RTO,Customer refused delivery,3,RTO
FTW-24097,DT987650096,2026-04-07T04:30:00.000Z,Meera Singh,9700000096,customer97@example.com,"House 24, Block A, Kolkata Residency, Sector 1",Near main market,700016,Kolkata,West Bengal,SNEAK-WHT-8,White Sneakers,1,1900,COD,DTDC,Meta,Meta Size Sale,Meta,paid,Meta Size Sale,MET-1016,49,repeat_delivered,Undelivered,Cash not ready,1,In NDR
FTW-24098,SH987650097,2026-04-08T05:30:00.000Z,Ishaan Gupta,9700000097,customer98@example.com,"House 25, Block B, Jaipur Residency, Sector 2",Near main market,302001,Jaipur,Rajasthan,SANDAL-TAN-7,Tan Platform Sandals,1,1450,COD,Shadowfax,Shopify,Google Shopping,Google,paid,Google Shopping,GOO-1017,51,first_time,Delivered,,0,Delivered
FTW-24099,SH987650098,2026-04-09T06:30:00.000Z,Sara Ali,9700000098,customer99@example.com,"House 26, Block C, Indore Residency, Sector 3",Near main market,452010,Indore,Madhya Pradesh,RUN-BLK-9,Black Running Shoes,1,2400,Prepaid,Shiprocket,Instagram,Creator Try-on,Instagram,paid,Creator Try-on,INS-1018,40,first_time,Undelivered,Customer not available,1,In NDR
FTW-24100,EK987650099,2026-04-10T07:30:00.000Z,Nisha Nair,9700000099,customer100@example.com,"House 27, Block D, Surat Residency, Sector 4",Near main market,395007,Surat,Gujarat,HEEL-GLD-6,Gold Block Heels,1,1850,COD,Ekart,Meta,Meta Size Sale,Meta,paid,Meta Size Sale,MET-1019,58,first_time,RTO,Incorrect address,3,RTO
FTW-24101,BL987650100,2026-04-11T08:30:00.000Z,Aarav Sharma,9700000100,customer101@example.com,"House 28, Block E, Hyderabad Residency, Sector 5",,500081,Hyderabad,Telangana,SNEAK-WHT-8,White Sneakers,1,1950,Prepaid,Bluedart,Shopify,Google Shopping,Google,paid,Google Shopping,GOO-1020,50,repeat_delivered,Undelivered,No response on phone,1,In NDR
FTW-24102,BL987650101,2026-04-12T09:30:00.000Z,Diya Verma,9700000101,customer102@example.com,"House 29, Block F, Mumbai Residency, Sector 6",Near main market,400053,Mumbai,Maharashtra,SANDAL-TAN-7,Tan Platform Sandals,1,1550,Prepaid,Bluedart,Instagram,Creator Try-on,Instagram,paid,Creator Try-on,INS-1021,55,first_time,RTO,Door locked,3,RTO
FTW-24103,SH987650102,2026-04-13T10:30:00.000Z,Kabir Khan,9700000102,customer103@example.com,"House 30, Block A, Chennai Residency, Sector 7",Near main market,600042,Chennai,Tamil Nadu,RUN-BLK-9,Black Running Shoes,1,2100,COD,Shiprocket,Meta,Meta Size Sale,Meta,paid,Meta Size Sale,MET-1022,57,first_time,Undelivered,Customer refused delivery,1,In NDR
FTW-24104,EK987650103,2026-04-14T11:30:00.000Z,Ananya Iyer,9700000103,customer104@example.com,Near temple main road Jaipur,,302001,Jaipur,Rajasthan,HEEL-GLD-6,Gold Block Heels,1,1750,Prepaid,Ekart,Shopify,Google Shopping,Google,paid,Google Shopping,GOO-1023,58,first_time,Delivered,,0,Delivered
FTW-24105,DE987650104,2026-04-15T12:30:00.000Z,Riya Patel,9700000104,customer105@example.com,"House 32, Block C, Bhubaneswar Residency, Sector 9",Near main market,751024,Bhubaneswar,Odisha,SNEAK-WHT-8,White Sneakers,1,1900,Prepaid,Delhivery,Instagram,Creator Try-on,Instagram,paid,Creator Try-on,INS-1024,53,repeat_delivered,RTO,Customer requested future delivery,2,RTO
FTW-24106,DT987650105,2026-04-16T13:30:00.000Z,Vivaan Rao,9700000105,customer106@example.com,"House 33, Block D, Ghaziabad Residency, Sector 10",,201001,Ghaziabad,Uttar Pradesh,SANDAL-TAN-7,Tan Platform Sandals,1,1500,COD,DTDC,Meta,Meta Size Sale,Meta,paid,Meta Size Sale,MET-1025,46,first_time,Undelivered,Customer not available,2,In NDR
FTW-24107,XP987650106,2026-04-17T14:30:00.000Z,Meera Singh,9700000106,customer107@example.com,"House 34, Block E, Delhi Residency, Sector 11",Near main market,110024,Delhi,Delhi,RUN-BLK-9,Black Running Shoes,1,2150,COD,Xpressbees,Shopify,Google Shopping,Google,paid,Google Shopping,GOO-1026,48,first_time,Delivered,,0,Delivered
FTW-24108,EK987650107,2026-04-18T15:30:00.000Z,Ishaan Gupta,9700000107,customer108@example.com,"House 35, Block F, Bengaluru Residency, Sector 12",Near main market,560095,Bengaluru,Karnataka,HEEL-GLD-6,Gold Block Heels,1,1950,COD,Ekart,Instagram,Creator Try-on,Instagram,paid,Creator Try-on,INS-1027,40,first_time,Undelivered,No response on phone,2,In NDR
FTW-24109,BL987650108,2026-04-19T04:30:00.000Z,Sara Ali,9700000108,customer109@example.com,"House 36, Block A, Ahmedabad Residency, Sector 1",Near main market,380015,Ahmedabad,Gujarat,SNEAK-WHT-8,White Sneakers,1,1850,COD,Bluedart,Meta,Meta Size Sale,Meta,paid,Meta Size Sale,MET-1028,50,repeat_delivered,Undelivered,Door locked,1,In NDR
FTW-24110,BL987650109,2026-04-20T05:30:00.000Z,Nisha Nair,9700000109,customer110@example.com,"House 37, Block B, Jaipur Residency, Sector 2",Near main market,302001,Jaipur,Rajasthan,SANDAL-TAN-7,Tan Platform Sandals,1,1600,Prepaid,Bluedart,Shopify,Google Shopping,Google,paid,Google Shopping,GOO-1029,51,first_time,Delivered,,0,Delivered
FTW-24111,DT987650110,2026-04-21T06:30:00.000Z,Aarav Sharma,9700000110,customer111@example.com,"House 38, Block C, Bhubaneswar Residency, Sector 3",,751024,Bhubaneswar,Odisha,RUN-BLK-9,Black Running Shoes,1,2100,COD,DTDC,Instagram,Creator Try-on,Instagram,paid,Creator Try-on,INS-1030,47,first_time,RTO,Cash not ready,2,RTO
FTW-24112,DT987650111,2026-04-22T07:30:00.000Z,Diya Verma,9700000111,customer112@example.com,"House 39, Block D, Ghaziabad Residency, Sector 4",Near main market,201001,Ghaziabad,Uttar Pradesh,HEEL-GLD-6,Gold Block Heels,1,1750,COD,DTDC,Meta,Meta Size Sale,Meta,paid,Meta Size Sale,MET-1031,54,first_time,RTO,Customer requested future delivery,3,RTO
FTW-24113,DE987650112,2026-04-23T08:30:00.000Z,Kabir Khan,9700000112,customer113@example.com,"House 40, Block E, Jaipur Residency, Sector 5",Near main market,302001,Jaipur,Rajasthan,SNEAK-WHT-8,White Sneakers,1,2200,Prepaid,Delhivery,Shopify,Google Shopping,Google,paid,Google Shopping,GOO-1032,53,repeat_delivered,Delivered,,0,Delivered
FTW-24114,SH987650113,2026-04-24T09:30:00.000Z,Ananya Iyer,9700000113,customer114@example.com,"House 41, Block F, Indore Residency, Sector 6",Near main market,452010,Indore,Madhya Pradesh,SANDAL-TAN-7,Tan Platform Sandals,1,1400,COD,Shadowfax,Instagram,Creator Try-on,Instagram,paid,Creator Try-on,INS-1033,54,first_time,RTO,Incorrect address,3,RTO
FTW-24115,SH987650114,2026-04-25T10:30:00.000Z,Riya Patel,9700000114,customer115@example.com,"House 42, Block A, Ghaziabad Residency, Sector 7",Near main market,201001,Ghaziabad,Uttar Pradesh,RUN-BLK-9,Black Running Shoes,1,2450,Prepaid,Shadowfax,Meta,Meta Size Sale,Meta,paid,Meta Size Sale,MET-1034,51,first_time,RTO,No response on phone,2,RTO
FTW-24116,SH987650115,2026-04-26T11:30:00.000Z,Vivaan Rao,9700000115,customer116@example.com,"House 43, Block B, Hyderabad Residency, Sector 8",,500081,Hyderabad,Telangana,HEEL-GLD-6,Gold Block Heels,1,1950,COD,Shadowfax,Shopify,Google Shopping,Google,paid,Google Shopping,GOO-1035,43,first_time,Undelivered,Door locked,2,In NDR
FTW-24117,SH987650116,2026-04-27T12:30:00.000Z,Meera Singh,9700000116,customer117@example.com,"House 44, Block C, Bhubaneswar Residency, Sector 9",Near main market,751024,Bhubaneswar,Odisha,SNEAK-WHT-8,White Sneakers,2,2050,COD,Shiprocket,Instagram,Creator Try-on,Instagram,paid,Creator Try-on,INS-1036,46,repeat_delivered,RTO,Customer refused delivery,2,RTO
FTW-24118,XP987650117,2026-04-28T13:30:00.000Z,Ishaan Gupta,9700000117,customer118@example.com,"House 45, Block D, Chennai Residency, Sector 10",Near main market,600042,Chennai,Tamil Nadu,SANDAL-TAN-7,Tan Platform Sandals,1,1500,Prepaid,Xpressbees,Meta,Meta Size Sale,Meta,paid,Meta Size Sale,MET-1037,56,first_time,RTO,Cash not ready,3,RTO
FTW-24119,XP987650118,2026-04-29T14:30:00.000Z,Sara Ali,9700000118,customer119@example.com,"House 46, Block E, Jaipur Residency, Sector 11",Near main market,302001,Jaipur,Rajasthan,RUN-BLK-9,Black Running Shoes,1,2250,COD,Xpressbees,Shopify,Google Shopping,Google,paid,Google Shopping,GOO-1038,40,first_time,RTO,Customer requested future delivery,2,RTO
FTW-24120,EK987650119,2026-04-30T15:30:00.000Z,Nisha Nair,9700000119,customer120@example.com,"House 47, Block F, Patna Residency, Sector 12",Near main market,800001,Patna,Bihar,HEEL-GLD-6,Gold Block Heels,1,1900,COD,Ekart,Instagram,Creator Try-on,Instagram,paid,Creator Try-on,INS-1039,57,first_time,RTO,Customer not available,3,RTO
FTW-24121,SH987650120,2026-04-01T04:30:00.000Z,Aarav Sharma,9700000120,customer121@example.com,"House 48, Block A, Ghaziabad Residency, Sector 1",,201001,Ghaziabad,Uttar Pradesh,SNEAK-WHT-8,White Sneakers,1,1850,COD,Shiprocket,Meta,Meta Size Sale,Meta,paid,Meta Size Sale,MET-1040,45,repeat_delivered,RTO,Incorrect address,2,RTO
FTW-24122,EK987650121,2026-04-02T05:30:00.000Z,Diya Verma,9700000121,customer122@example.com,"House 49, Block B, Jaipur Residency, Sector 2",Near main market,302001,Jaipur,Rajasthan,SANDAL-TAN-7,Tan Platform Sandals,1,1400,COD,Ekart,Shopify,Google Shopping,Google,paid,Google Shopping,GOO-1041,46,first_time,Undelivered,No response on phone,2,In NDR
FTW-24123,BL987650122,2026-04-03T06:30:00.000Z,Kabir Khan,9700000122,customer123@example.com,"House 50, Block C, Bengaluru Residency, Sector 3",Near main market,560095,Bengaluru,Karnataka,RUN-BLK-9,Black Running Shoes,1,2400,Prepaid,Bluedart,Instagram,Creator Try-on,Instagram,paid,Creator Try-on,INS-1042,55,first_time,Delivered,,0,Delivered
FTW-24124,EK987650123,2026-04-04T07:30:00.000Z,Ananya Iyer,9700000123,customer124@example.com,"House 51, Block D, Ghaziabad Residency, Sector 4",Near main market,201001,Ghaziabad,Uttar Pradesh,HEEL-GLD-6,Gold Block Heels,1,1850,COD,Ekart,Meta,Meta Size Sale,Meta,paid,Meta Size Sale,MET-1043,42,first_time,Undelivered,Customer refused delivery,2,In NDR
FTW-24125,DE987650124,2026-04-05T08:30:00.000Z,Riya Patel,9700000124,customer125@example.com,"House 52, Block E, Jaipur Residency, Sector 5",Near main market,302001,Jaipur,Rajasthan,SNEAK-WHT-8,White Sneakers,1,2150,COD,Delhivery,Shopify,Google Shopping,Google,paid,Google Shopping,GOO-1044,46,repeat_delivered,RTO,Cash not ready,2,RTO
FTW-24126,EK987650125,2026-04-06T09:30:00.000Z,Vivaan Rao,9700000125,customer126@example.com,Near temple main road Bhubaneswar,,751024,Bhubaneswar,Odisha,SANDAL-TAN-7,Tan Platform Sandals,1,1400,COD,Ekart,Instagram,Creator Try-on,Instagram,paid,Creator Try-on,INS-1045,57,first_time,RTO,Customer requested future delivery,3,RTO
FTW-24127,BL987650126,2026-04-07T10:30:00.000Z,Meera Singh,9700000126,customer127@example.com,"House 54, Block A, Kolkata Residency, Sector 7",Near main market,700016,Kolkata,West Bengal,RUN-BLK-9,Black Running Shoes,1,2250,COD,Bluedart,Meta,Meta Size Sale,Meta,paid,Meta Size Sale,MET-1046,39,first_time,RTO,Customer not available,2,RTO
FTW-24128,SH987650127,2026-04-08T11:30:00.000Z,Ishaan Gupta,9700000127,customer128@example.com,"House 55, Block B, Lucknow Residency, Sector 8",Near main market,226010,Lucknow,Uttar Pradesh,HEEL-GLD-6,Gold Block Heels,1,1750,COD,Shadowfax,Shopify,Google Shopping,Google,paid,Google Shopping,GOO-1047,57,first_time,Delivered,,0,Delivered
FTW-24129,BL987650128,2026-04-09T12:30:00.000Z,Sara Ali,9700000128,customer129@example.com,"House 56, Block C, Indore Residency, Sector 9",Near main market,452010,Indore,Madhya Pradesh,SNEAK-WHT-8,White Sneakers,1,2100,COD,Bluedart,Instagram,Creator Try-on,Instagram,paid,Creator Try-on,INS-1048,42,repeat_delivered,RTO,No response on phone,2,RTO
FTW-24130,SH987650129,2026-04-10T13:30:00.000Z,Nisha Nair,9700000129,customer130@example.com,"House 57, Block D, Surat Residency, Sector 10",Near main market,395007,Surat,Gujarat,SANDAL-TAN-7,Tan Platform Sandals,1,1500,COD,Shiprocket,Meta,Meta Size Sale,Meta,paid,Meta Size Sale,MET-1049,48,first_time,Undelivered,Door locked,2,In NDR
FTW-24131,XP987650130,2026-04-11T14:30:00.000Z,Aarav Sharma,9700000130,customer131@example.com,"House 58, Block E, Hyderabad Residency, Sector 11",,500081,Hyderabad,Telangana,RUN-BLK-9,Black Running Shoes,1,2150,COD,Xpressbees,Shopify,Google Shopping,Google,paid,Google Shopping,GOO-1050,57,first_time,Delivered,,0,Delivered
FTW-24132,DE987650131,2026-04-12T15:30:00.000Z,Diya Verma,9700000131,customer132@example.com,"House 59, Block F, Mumbai Residency, Sector 12",Near main market,400053,Mumbai,Maharashtra,HEEL-GLD-6,Gold Block Heels,1,1950,COD,Delhivery,Instagram,Creator Try-on,Instagram,paid,Creator Try-on,INS-1051,44,first_time,RTO,Cash not ready,3,RTO
FTW-24133,XP987650132,2026-04-13T04:30:00.000Z,Kabir Khan,9700000132,customer133@example.com,"House 60, Block A, Chennai Residency, Sector 1",Near main market,600042,Chennai,Tamil Nadu,SNEAK-WHT-8,White Sneakers,1,2000,Prepaid,Xpressbees,Meta,Meta Size Sale,Meta,paid,Meta Size Sale,MET-1052,43,repeat_delivered,Delivered,,0,Delivered
FTW-24134,XP987650133,2026-04-14T05:30:00.000Z,Ananya Iyer,9700000133,customer134@example.com,"House 61, Block B, Bhubaneswar Residency, Sector 2",Near main market,751024,Bhubaneswar,Odisha,SANDAL-TAN-7,Tan Platform Sandals,1,1500,COD,Xpressbees,Shopify,Google Shopping,Google,paid,Google Shopping,GOO-1053,55,first_time,Undelivered,Customer not available,2,In NDR
FTW-24135,EK987650134,2026-04-15T06:30:00.000Z,Riya Patel,9700000134,customer135@example.com,"House 62, Block C, Patna Residency, Sector 3",Near main market,800001,Patna,Bihar,RUN-BLK-9,Black Running Shoes,1,2250,Prepaid,Ekart,Instagram,Creator Try-on,Instagram,paid,Creator Try-on,INS-1054,40,first_time,Delivered,,0,Delivered
FTW-24136,BL987650135,2026-04-16T07:30:00.000Z,Vivaan Rao,9700000135,customer136@example.com,"House 63, Block D, Ghaziabad Residency, Sector 4",,201001,Ghaziabad,Uttar Pradesh,HEEL-GLD-6,Gold Block Heels,1,1850,COD,Bluedart,Meta,Meta Size Sale,Meta,paid,Meta Size Sale,MET-1055,56,first_time,RTO,No response on phone,3,RTO
FTW-24137,SH987650136,2026-04-17T08:30:00.000Z,Meera Singh,9700000136,customer137@example.com,Near temple main road Jaipur,,302001,Jaipur,Rajasthan,SNEAK-WHT-8,White Sneakers,1,2000,Prepaid,Shadowfax,Shopify,Google Shopping,Google,paid,Google Shopping,GOO-1056,52,repeat_delivered,RTO,Door locked,2,RTO
FTW-24138,DE987650137,2026-04-18T09:30:00.000Z,Ishaan Gupta,9700000137,customer138@example.com,"House 65, Block F, Bengaluru Residency, Sector 6",Near main market,560095,Bengaluru,Karnataka,SANDAL-TAN-7,Tan Platform Sandals,1,1400,Prepaid,Delhivery,Instagram,Creator Try-on,Instagram,paid,Creator Try-on,INS-1057,52,first_time,Undelivered,Customer refused delivery,2,In NDR
FTW-24139,SH987650138,2026-04-19T10:30:00.000Z,Sara Ali,9700000138,customer139@example.com,"House 66, Block A, Ghaziabad Residency, Sector 7",Near main market,201001,Ghaziabad,Uttar Pradesh,RUN-BLK-9,Black Running Shoes,1,2150,COD,Shadowfax,Meta,Meta Size Sale,Meta,paid,Meta Size Sale,MET-1058,55,first_time,Undelivered,Cash not ready,1,In NDR
FTW-24140,EK987650139,2026-04-20T11:30:00.000Z,Nisha Nair,9700000139,customer140@example.com,"House 67, Block B, Jaipur Residency, Sector 8",Near main market,302001,Jaipur,Rajasthan,HEEL-GLD-6,Gold Block Heels,1,1950,COD,Ekart,Shopify,Google Shopping,Google,paid,Google Shopping,GOO-1059,52,first_time,RTO,Customer requested future delivery,3,RTO
FTW-24141,XP987650140,2026-04-21T12:30:00.000Z,Aarav Sharma,9700000140,customer141@example.com,Near temple main road Bhubaneswar,,751024,Bhubaneswar,Odisha,SNEAK-WHT-8,White Sneakers,1,1900,Prepaid,Xpressbees,Instagram,Creator Try-on,Instagram,paid,Creator Try-on,INS-1060,50,repeat_delivered,Undelivered,Customer not available,1,In NDR
FTW-24142,SH987650141,2026-04-22T13:30:00.000Z,Diya Verma,9700000141,customer142@example.com,"House 69, Block D, Ghaziabad Residency, Sector 10",Near main market,201001,Ghaziabad,Uttar Pradesh,SANDAL-TAN-7,Tan Platform Sandals,1,1600,Prepaid,Shiprocket,Meta,Meta Size Sale,Meta,paid,Meta Size Sale,MET-1061,56,first_time,Delivered,,0,Delivered
FTW-24143,EK987650142,2026-04-23T14:30:00.000Z,Kabir Khan,9700000142,customer143@example.com,"House 70, Block E, Lucknow Residency, Sector 11",Near main market,226010,Lucknow,Uttar Pradesh,RUN-BLK-9,Black Running Shoes,1,2300,COD,Ekart,Shopify,Google Shopping,Google,paid,Google Shopping,GOO-1062,55,first_time,RTO,No response on phone,2,RTO
FTW-24144,DE987650143,2026-04-24T15:30:00.000Z,Ananya Iyer,9700000143,customer144@example.com,"House 71, Block F, Indore Residency, Sector 12",Near main market,452010,Indore,Madhya Pradesh,HEEL-GLD-6,Gold Block Heels,1,2000,Prepaid,Delhivery,Instagram,Creator Try-on,Instagram,paid,Creator Try-on,INS-1063,52,first_time,Delivered,,0,Delivered
FTW-24145,EK987650144,2026-04-25T04:30:00.000Z,Riya Patel,9700000144,customer145@example.com,"House 72, Block A, Surat Residency, Sector 1",Near main market,395007,Surat,Gujarat,SNEAK-WHT-8,White Sneakers,1,2050,COD,Ekart,Meta,Meta Size Sale,Meta,paid,Meta Size Sale,MET-1064,41,repeat_delivered,Cancelled,,0,Cancelled before shipping
FTW-24146,DE987650145,2026-04-26T05:30:00.000Z,Vivaan Rao,9700000145,customer146@example.com,"House 73, Block B, Jaipur Residency, Sector 2",,302001,Jaipur,Rajasthan,SANDAL-TAN-7,Tan Platform Sandals,2,1450,COD,Delhivery,Shopify,Google Shopping,Google,paid,Google Shopping,GOO-1065,57,first_time,RTO,Cash not ready,3,RTO
FTW-24147,SH987650146,2026-04-27T06:30:00.000Z,Meera Singh,9700000146,customer147@example.com,Near temple main road Bhubaneswar,,751024,Bhubaneswar,Odisha,RUN-BLK-9,Black Running Shoes,1,2150,COD,Shiprocket,Instagram,Creator Try-on,Instagram,paid,Creator Try-on,INS-1066,51,first_time,RTO,Customer requested future delivery,2,RTO
FTW-24148,XP987650147,2026-04-28T07:30:00.000Z,Ishaan Gupta,9700000147,customer148@example.com,Near temple main road Ghaziabad,,201001,Ghaziabad,Uttar Pradesh,HEEL-GLD-6,Gold Block Heels,1,1950,Prepaid,Xpressbees,Meta,Meta Size Sale,Meta,paid,Meta Size Sale,MET-1067,51,first_time,RTO,Customer not available,3,RTO
FTW-24149,DE987650148,2026-04-29T08:30:00.000Z,Sara Ali,9700000148,customer149@example.com,"House 76, Block E, Bhubaneswar Residency, Sector 5",Near main market,751024,Bhubaneswar,Odisha,SNEAK-WHT-8,White Sneakers,1,2150,Prepaid,Delhivery,Shopify,Google Shopping,Google,paid,Google Shopping,GOO-1068,42,repeat_delivered,Delivered,,0,Delivered
FTW-24150,DT987650149,2026-04-30T09:30:00.000Z,Nisha Nair,9700000149,customer150@example.com,"House 77, Block F, Patna Residency, Sector 6",Near main market,800001,Patna,Bihar,SANDAL-TAN-7,Tan Platform Sandals,1,1400,Prepaid,DTDC,Instagram,Creator Try-on,Instagram,paid,Creator Try-on,INS-1069,50,first_time,RTO,No response on phone,3,RTO
FTW-24151,SH987650150,2026-04-01T10:30:00.000Z,Aarav Sharma,9700000150,customer151@example.com,"House 78, Block A, Ghaziabad Residency, Sector 7",,201001,Ghaziabad,Uttar Pradesh,RUN-BLK-9,Black Running Shoes,1,2100,COD,Shadowfax,Meta,Meta Size Sale,Meta,paid,Meta Size Sale,MET-1070,46,first_time,RTO,Door locked,2,RTO
FTW-24152,XP987650151,2026-04-02T11:30:00.000Z,Diya Verma,9700000151,customer152@example.com,"House 79, Block B, Delhi Residency, Sector 8",Near main market,110024,Delhi,Delhi,HEEL-GLD-6,Gold Block Heels,1,2050,COD,Xpressbees,Shopify,Google Shopping,Google,paid,Google Shopping,GOO-1071,49,first_time,Undelivered,Customer refused delivery,2,In NDR
FTW-24153,BL987650152,2026-04-03T12:30:00.000Z,Kabir Khan,9700000152,customer153@example.com,"House 80, Block C, Bengaluru Residency, Sector 9",Near main market,560095,Bengaluru,Karnataka,SNEAK-WHT-8,White Sneakers,1,2050,COD,Bluedart,Instagram,Creator Try-on,Instagram,paid,Creator Try-on,INS-1072,51,repeat_delivered,RTO,Cash not ready,2,RTO
FTW-24154,EK987650153,2026-04-04T13:30:00.000Z,Ananya Iyer,9700000153,customer154@example.com,"House 81, Block D, Ahmedabad Residency, Sector 10",Near main market,380015,Ahmedabad,Gujarat,SANDAL-TAN-7,Tan Platform Sandals,1,1450,Prepaid,Ekart,Meta,Meta Size Sale,Meta,paid,Meta Size Sale,MET-1073,55,first_time,Delivered,,0,Delivered
FTW-24155,DT987650154,2026-04-05T14:30:00.000Z,Riya Patel,9700000154,customer155@example.com,"House 82, Block E, Jaipur Residency, Sector 11",Near main market,302001,Jaipur,Rajasthan,RUN-BLK-9,Black Running Shoes,1,2150,COD,DTDC,Shopify,Google Shopping,Google,paid,Google Shopping,GOO-1074,41,first_time,Undelivered,Customer not available,1,In NDR
FTW-24156,BL987650155,2026-04-06T15:30:00.000Z,Vivaan Rao,9700000155,customer156@example.com,"House 83, Block F, Bhubaneswar Residency, Sector 12",,751024,Bhubaneswar,Odisha,HEEL-GLD-6,Gold Block Heels,1,1750,COD,Bluedart,Instagram,Creator Try-on,Instagram,paid,Creator Try-on,INS-1075,47,first_time,RTO,Incorrect address,3,RTO
FTW-24157,EK987650156,2026-04-07T04:30:00.000Z,Meera Singh,9700000156,customer157@example.com,Near temple main road Ghaziabad,,201001,Ghaziabad,Uttar Pradesh,SNEAK-WHT-8,White Sneakers,1,2050,COD,Ekart,Meta,Meta Size Sale,Meta,paid,Meta Size Sale,MET-1076,48,repeat_delivered,RTO,No response on phone,2,RTO
FTW-24158,DE987650157,2026-04-08T05:30:00.000Z,Ishaan Gupta,9700000157,customer158@example.com,"House 85, Block B, Lucknow Residency, Sector 2",Near main market,226010,Lucknow,Uttar Pradesh,SANDAL-TAN-7,Tan Platform Sandals,1,1500,Prepaid,Delhivery,Shopify,Google Shopping,Google,paid,Google Shopping,GOO-1077,47,first_time,Delivered,,0,Delivered
FTW-24159,SH987650158,2026-04-09T06:30:00.000Z,Sara Ali,9700000158,customer159@example.com,"House 86, Block C, Indore Residency, Sector 3",Near main market,452010,Indore,Madhya Pradesh,RUN-BLK-9,Black Running Shoes,1,2200,Prepaid,Shiprocket,Instagram,Creator Try-on,Instagram,paid,Creator Try-on,INS-1078,47,first_time,RTO,Customer refused delivery,2,RTO
FTW-24160,BL987650159,2026-04-10T07:30:00.000Z,Nisha Nair,9700000159,customer160@example.com,"House 87, Block D, Surat Residency, Sector 4",Near main market,395007,Surat,Gujarat,HEEL-GLD-6,Gold Block Heels,1,2050,COD,Bluedart,Meta,Meta Size Sale,Meta,paid,Meta Size Sale,MET-1079,43,first_time,RTO,Cash not ready,3,RTO
FTW-24161,XP987650160,2026-04-11T08:30:00.000Z,Aarav Sharma,9700000160,customer161@example.com,"House 88, Block E, Hyderabad Residency, Sector 5",,500081,Hyderabad,Telangana,SNEAK-WHT-8,White Sneakers,1,1850,COD,Xpressbees,Shopify,Google Shopping,Google,paid,Google Shopping,GOO-1000,48,repeat_delivered,Delivered,,0,Delivered
FTW-24162,BL987650161,2026-04-12T09:30:00.000Z,Diya Verma,9700000161,customer162@example.com,"House 89, Block F, Mumbai Residency, Sector 6",Near main market,400053,Mumbai,Maharashtra,SANDAL-TAN-7,Tan Platform Sandals,1,1600,Prepaid,Bluedart,Instagram,Creator Try-on,Instagram,paid,Creator Try-on,INS-1001,52,first_time,Delivered,,0,Delivered
FTW-24163,DT987650162,2026-04-13T10:30:00.000Z,Kabir Khan,9700000162,customer163@example.com,Near temple main road Ghaziabad,,201001,Ghaziabad,Uttar Pradesh,RUN-BLK-9,Black Running Shoes,1,2350,Prepaid,DTDC,Meta,Meta Size Sale,Meta,paid,Meta Size Sale,MET-1002,42,first_time,Undelivered,Incorrect address,1,In NDR
FTW-24164,DT987650163,2026-04-14T11:30:00.000Z,Ananya Iyer,9700000163,customer164@example.com,"House 91, Block B, Jaipur Residency, Sector 8",Near main market,302001,Jaipur,Rajasthan,HEEL-GLD-6,Gold Block Heels,1,1900,Prepaid,DTDC,Shopify,Google Shopping,Google,paid,Google Shopping,GOO-1003,53,first_time,Delivered,,0,Delivered
FTW-24165,DE987650164,2026-04-15T12:30:00.000Z,Riya Patel,9700000164,customer165@example.com,"House 92, Block C, Patna Residency, Sector 9",Near main market,800001,Patna,Bihar,SNEAK-WHT-8,White Sneakers,1,1950,COD,Delhivery,Instagram,Creator Try-on,Instagram,paid,Creator Try-on,INS-1004,42,repeat_delivered,Undelivered,Door locked,1,In NDR
FTW-24166,DT987650165,2026-04-16T13:30:00.000Z,Vivaan Rao,9700000165,customer166@example.com,"House 93, Block D, Ghaziabad Residency, Sector 10",,201001,Ghaziabad,Uttar Pradesh,SANDAL-TAN-7,Tan Platform Sandals,1,1600,Prepaid,DTDC,Meta,Meta Size Sale,Meta,paid,Meta Size Sale,MET-1005,44,first_time,Undelivered,Customer refused delivery,2,In NDR
FTW-24167,SH987650166,2026-04-17T14:30:00.000Z,Meera Singh,9700000166,customer167@example.com,"House 94, Block E, Jaipur Residency, Sector 11",Near main market,302001,Jaipur,Rajasthan,RUN-BLK-9,Black Running Shoes,1,2350,COD,Shiprocket,Shopify,Google Shopping,Google,paid,Google Shopping,GOO-1006,50,first_time,Undelivered,Cash not ready,1,In NDR
FTW-24168,DE987650167,2026-04-18T15:30:00.000Z,Ishaan Gupta,9700000167,customer168@example.com,"House 95, Block F, Bengaluru Residency, Sector 12",Near main market,560095,Bengaluru,Karnataka,HEEL-GLD-6,Gold Block Heels,1,1800,COD,Delhivery,Instagram,Creator Try-on,Instagram,paid,Creator Try-on,INS-1007,53,first_time,Delivered,,0,Delivered
FTW-24169,EK987650168,2026-04-19T04:30:00.000Z,Sara Ali,9700000168,customer169@example.com,"House 96, Block A, Ahmedabad Residency, Sector 1",Near main market,380015,Ahmedabad,Gujarat,SNEAK-WHT-8,White Sneakers,1,2000,Prepaid,Ekart,Meta,Meta Size Sale,Meta,paid,Meta Size Sale,MET-1008,52,repeat_delivered,RTO,Customer not available,2,RTO
FTW-24170,SH987650169,2026-04-20T05:30:00.000Z,Nisha Nair,9700000169,customer170@example.com,"House 97, Block B, Jaipur Residency, Sector 2",Near main market,302001,Jaipur,Rajasthan,SANDAL-TAN-7,Tan Platform Sandals,1,1550,COD,Shiprocket,Shopify,Google Shopping,Google,paid,Google Shopping,GOO-1009,41,first_time,Delivered,,0,Delivered
FTW-24171,SH987650170,2026-04-21T06:30:00.000Z,Aarav Sharma,9700000170,customer171@example.com,Near temple main road Bhubaneswar,,751024,Bhubaneswar,Odisha,RUN-BLK-9,Black Running Shoes,1,2250,COD,Shiprocket,Instagram,Creator Try-on,Instagram,paid,Creator Try-on,INS-1010,42,first_time,RTO,No response on phone,2,RTO
FTW-24172,BL987650171,2026-04-22T07:30:00.000Z,Diya Verma,9700000171,customer172@example.com,"House 99, Block D, Kolkata Residency, Sector 4",Near main market,700016,Kolkata,West Bengal,HEEL-GLD-6,Gold Block Heels,1,1850,Prepaid,Bluedart,Meta,Meta Size Sale,Meta,paid,Meta Size Sale,MET-1011,52,first_time,RTO,Door locked,3,RTO
FTW-24173,XP987650172,2026-04-23T08:30:00.000Z,Kabir Khan,9700000172,customer173@example.com,"House 100, Block E, Lucknow Residency, Sector 5",Near main market,226010,Lucknow,Uttar Pradesh,SNEAK-WHT-8,White Sneakers,1,1900,Prepaid,Xpressbees,Shopify,Google Shopping,Google,paid,Google Shopping,GOO-1012,52,repeat_delivered,Undelivered,Customer refused delivery,1,In NDR
FTW-24174,SH987650173,2026-04-24T09:30:00.000Z,Ananya Iyer,9700000173,customer174@example.com,"House 101, Block F, Indore Residency, Sector 6",Near main market,452010,Indore,Madhya Pradesh,SANDAL-TAN-7,Tan Platform Sandals,1,1400,COD,Shiprocket,Instagram,Creator Try-on,Instagram,paid,Creator Try-on,INS-1013,54,first_time,RTO,Cash not ready,3,RTO
FTW-24175,DE987650174,2026-04-25T10:30:00.000Z,Riya Patel,9700000174,customer175@example.com,"House 102, Block A, Ghaziabad Residency, Sector 7",Near main market,201001,Ghaziabad,Uttar Pradesh,RUN-BLK-9,Black Running Shoes,2,2100,Prepaid,Delhivery,Meta,Meta Size Sale,Meta,paid,Meta Size Sale,MET-1014,44,first_time,RTO,Customer requested future delivery,2,RTO
FTW-24176,SH987650175,2026-04-26T11:30:00.000Z,Vivaan Rao,9700000175,customer176@example.com,"House 103, Block B, Hyderabad Residency, Sector 8",,500081,Hyderabad,Telangana,HEEL-GLD-6,Gold Block Heels,1,1950,Prepaid,Shadowfax,Shopify,Google Shopping,Google,paid,Google Shopping,GOO-1015,46,first_time,Delivered,,0,Delivered
FTW-24177,SH987650176,2026-04-27T12:30:00.000Z,Meera Singh,9700000176,customer177@example.com,"House 104, Block C, Mumbai Residency, Sector 9",Near main market,400053,Mumbai,Maharashtra,SNEAK-WHT-8,White Sneakers,1,1950,COD,Shadowfax,Instagram,Creator Try-on,Instagram,paid,Creator Try-on,INS-1016,54,repeat_delivered,RTO,Incorrect address,2,RTO
FTW-24178,DE987650177,2026-04-28T13:30:00.000Z,Ishaan Gupta,9700000177,customer178@example.com,"House 105, Block D, Ghaziabad Residency, Sector 10",Near main market,201001,Ghaziabad,Uttar Pradesh,SANDAL-TAN-7,Tan Platform Sandals,1,1400,COD,Delhivery,Meta,Meta Size Sale,Meta,paid,Meta Size Sale,MET-1017,39,first_time,RTO,No response on phone,3,RTO
FTW-24179,SH987650178,2026-04-29T14:30:00.000Z,Sara Ali,9700000178,customer179@example.com,"House 106, Block E, Bhubaneswar Residency, Sector 11",Near main market,751024,Bhubaneswar,Odisha,RUN-BLK-9,Black Running Shoes,1,2150,COD,Shiprocket,Shopify,Google Shopping,Google,paid,Google Shopping,GOO-1018,46,first_time,Delivered,,0,Delivered
FTW-24180,BL987650179,2026-04-30T15:30:00.000Z,Nisha Nair,9700000179,customer180@example.com,"House 107, Block F, Bhubaneswar Residency, Sector 12",Near main market,751024,Bhubaneswar,Odisha,HEEL-GLD-6,Gold Block Heels,1,1750,COD,Bluedart,Instagram,Creator Try-on,Instagram,paid,Creator Try-on,INS-1019,57,first_time,Undelivered,Customer refused delivery,2,In NDR
FTW-24181,XP987650180,2026-04-01T04:30:00.000Z,Aarav Sharma,9700000180,customer181@example.com,"House 18, Block A, Ghaziabad Residency, Sector 1",,201001,Ghaziabad,Uttar Pradesh,SNEAK-WHT-8,White Sneakers,1,1850,COD,Xpressbees,Meta,Meta Size Sale,Meta,paid,Meta Size Sale,MET-1020,55,repeat_delivered,Undelivered,Cash not ready,1,In NDR
FTW-24182,BL987650181,2026-04-02T05:30:00.000Z,Diya Verma,9700000181,customer182@example.com,"House 19, Block B, Delhi Residency, Sector 2",Near main market,110024,Delhi,Delhi,SANDAL-TAN-7,Tan Platform Sandals,1,1600,COD,Bluedart,Shopify,Google Shopping,Google,paid,Google Shopping,GOO-1021,53,first_time,Undelivered,Customer requested future delivery,2,In NDR
FTW-24183,EK987650182,2026-04-03T06:30:00.000Z,Kabir Khan,9700000182,customer183@example.com,"House 20, Block C, Bengaluru Residency, Sector 3",Near main market,560095,Bengaluru,Karnataka,RUN-BLK-9,Black Running Shoes,1,2250,Prepaid,Ekart,Instagram,Creator Try-on,Instagram,paid,Creator Try-on,INS-1022,51,first_time,Undelivered,Customer not available,1,In NDR
FTW-24184,DT987650183,2026-04-04T07:30:00.000Z,Ananya Iyer,9700000183,customer184@example.com,"House 21, Block D, Ghaziabad Residency, Sector 4",Near main market,201001,Ghaziabad,Uttar Pradesh,HEEL-GLD-6,Gold Block Heels,1,1750,COD,DTDC,Meta,Meta Size Sale,Meta,paid,Meta Size Sale,MET-1023,43,first_time,Undelivered,Incorrect address,2,In NDR
FTW-24185,SH987650184,2026-04-05T08:30:00.000Z,Riya Patel,9700000184,customer185@example.com,"House 22, Block E, Jaipur Residency, Sector 5",Near main market,302001,Jaipur,Rajasthan,SNEAK-WHT-8,White Sneakers,1,2100,Prepaid,Shadowfax,Shopify,Google Shopping,Google,paid,Google Shopping,GOO-1024,45,repeat_delivered,RTO,No response on phone,2,RTO
FTW-24186,XP987650185,2026-04-06T09:30:00.000Z,Vivaan Rao,9700000185,customer186@example.com,"House 23, Block F, Pune Residency, Sector 6",,411045,Pune,Maharashtra,SANDAL-TAN-7,Tan Platform Sandals,1,1500,COD,Xpressbees,Instagram,Creator Try-on,Instagram,paid,Creator Try-on,INS-1025,40,first_time,RTO,Door locked,3,RTO
FTW-24187,BL987650186,2026-04-07T10:30:00.000Z,Meera Singh,9700000186,customer187@example.com,Near temple main road Ghaziabad,,201001,Ghaziabad,Uttar Pradesh,RUN-BLK-9,Black Running Shoes,1,2350,COD,Bluedart,Meta,Meta Size Sale,Meta,paid,Meta Size Sale,MET-1026,47,first_time,Undelivered,Customer refused delivery,1,In NDR
FTW-24188,DE987650187,2026-04-08T11:30:00.000Z,Ishaan Gupta,9700000187,customer188@example.com,"House 25, Block B, Lucknow Residency, Sector 8",Near main market,226010,Lucknow,Uttar Pradesh,HEEL-GLD-6,Gold Block Heels,1,2050,Prepaid,Delhivery,Shopify,Google Shopping,Google,paid,Google Shopping,GOO-1027,55,first_time,Delivered,,0,Delivered
FTW-24189,SH987650188,2026-04-09T12:30:00.000Z,Sara Ali,9700000188,customer189@example.com,Near temple main road Bhubaneswar,,751024,Bhubaneswar,Odisha,SNEAK-WHT-8,White Sneakers,1,1800,COD,Shiprocket,Instagram,Creator Try-on,Instagram,paid,Creator Try-on,INS-1028,51,repeat_delivered,Undelivered,Customer requested future delivery,1,In NDR
FTW-24190,DE987650189,2026-04-10T13:30:00.000Z,Nisha Nair,9700000189,customer190@example.com,"House 27, Block D, Surat Residency, Sector 10",Near main market,395007,Surat,Gujarat,SANDAL-TAN-7,Tan Platform Sandals,1,1550,Prepaid,Delhivery,Meta,Meta Size Sale,Meta,paid,Meta Size Sale,MET-1029,39,first_time,Delivered,,0,Delivered
FTW-24191,SH987650190,2026-04-11T14:30:00.000Z,Aarav Sharma,9700000190,customer191@example.com,"House 28, Block E, Jaipur Residency, Sector 11",,302001,Jaipur,Rajasthan,RUN-BLK-9,Black Running Shoes,1,2350,COD,Shiprocket,Shopify,Google Shopping,Google,paid,Google Shopping,GOO-1030,58,first_time,RTO,Incorrect address,2,RTO
FTW-24192,BL987650191,2026-04-12T15:30:00.000Z,Diya Verma,9700000191,customer192@example.com,"House 29, Block F, Bhubaneswar Residency, Sector 12",Near main market,751024,Bhubaneswar,Odisha,HEEL-GLD-6,Gold Block Heels,1,1800,COD,Bluedart,Instagram,Creator Try-on,Instagram,paid,Creator Try-on,INS-1031,47,first_time,Undelivered,No response on phone,2,In NDR
FTW-24193,BL987650192,2026-04-13T04:30:00.000Z,Kabir Khan,9700000192,customer193@example.com,"House 30, Block A, Chennai Residency, Sector 1",Near main market,600042,Chennai,Tamil Nadu,SNEAK-WHT-8,White Sneakers,1,1950,COD,Bluedart,Meta,Meta Size Sale,Meta,paid,Meta Size Sale,MET-1032,39,repeat_delivered,RTO,Door locked,2,RTO
FTW-24194,SH987650193,2026-04-14T05:30:00.000Z,Ananya Iyer,9700000193,customer194@example.com,"House 31, Block B, Bhubaneswar Residency, Sector 2",Near main market,751024,Bhubaneswar,Odisha,SANDAL-TAN-7,Tan Platform Sandals,1,1600,Prepaid,Shadowfax,Shopify,Google Shopping,Google,paid,Google Shopping,GOO-1033,52,first_time,Delivered,,0,Delivered
FTW-24195,BL987650194,2026-04-15T06:30:00.000Z,Riya Patel,9700000194,customer195@example.com,"House 32, Block C, Patna Residency, Sector 3",Near main market,800001,Patna,Bihar,RUN-BLK-9,Black Running Shoes,1,2350,COD,Bluedart,Instagram,Creator Try-on,Instagram,paid,Creator Try-on,INS-1034,38,first_time,RTO,Cash not ready,2,RTO
FTW-24196,EK987650195,2026-04-16T07:30:00.000Z,Vivaan Rao,9700000195,customer196@example.com,"House 33, Block D, Ghaziabad Residency, Sector 4",,201001,Ghaziabad,Uttar Pradesh,HEEL-GLD-6,Gold Block Heels,1,2000,COD,Ekart,Meta,Meta Size Sale,Meta,paid,Meta Size Sale,MET-1035,45,first_time,Undelivered,Customer requested future delivery,2,In NDR
FTW-24197,XP987650196,2026-04-17T08:30:00.000Z,Meera Singh,9700000196,customer197@example.com,"House 34, Block E, Delhi Residency, Sector 5",Near main market,110024,Delhi,Delhi,SNEAK-WHT-8,White Sneakers,1,2100,Prepaid,Xpressbees,Shopify,Google Shopping,Google,paid,Google Shopping,GOO-1036,51,repeat_delivered,Delivered,,0,Delivered
FTW-24198,DT987650197,2026-04-18T09:30:00.000Z,Ishaan Gupta,9700000197,customer198@example.com,"House 35, Block F, Bengaluru Residency, Sector 6",Near main market,560095,Bengaluru,Karnataka,SANDAL-TAN-7,Tan Platform Sandals,1,1600,COD,DTDC,Instagram,Creator Try-on,Instagram,paid,Creator Try-on,INS-1037,53,first_time,RTO,Incorrect address,3,RTO
FTW-24199,BL987650198,2026-04-19T10:30:00.000Z,Sara Ali,9700000198,customer199@example.com,"House 36, Block A, Ahmedabad Residency, Sector 7",Near main market,380015,Ahmedabad,Gujarat,RUN-BLK-9,Black Running Shoes,1,2250,COD,Bluedart,Meta,Meta Size Sale,Meta,paid,Meta Size Sale,MET-1038,44,first_time,Undelivered,No response on phone,1,In NDR
FTW-24200,SH987650199,2026-04-20T11:30:00.000Z,Nisha Nair,9700000199,customer200@example.com,Near temple main road Jaipur,,302001,Jaipur,Rajasthan,HEEL-GLD-6,Gold Block Heels,1,1950,COD,Shiprocket,Shopify,Google Shopping,Google,paid,Google Shopping,GOO-1039,53,first_time,RTO,Door locked,3,RTO
FTW-24201,BL987650200,2026-04-21T12:30:00.000Z,Aarav Sharma,9700000200,customer201@example.com,"House 38, Block C, Bhubaneswar Residency, Sector 9",,751024,Bhubaneswar,Odisha,SNEAK-WHT-8,White Sneakers,1,2150,Prepaid,Bluedart,Instagram,Creator Try-on,Instagram,paid,Creator Try-on,INS-1040,41,repeat_delivered,Undelivered,Customer refused delivery,1,In NDR
FTW-24202,BL987650201,2026-04-22T13:30:00.000Z,Diya Verma,9700000201,customer202@example.com,"House 39, Block D, Kolkata Residency, Sector 10",Near main market,700016,Kolkata,West Bengal,SANDAL-TAN-7,Tan Platform Sandals,1,1450,Prepaid,Bluedart,Meta,Meta Size Sale,Meta,paid,Meta Size Sale,MET-1041,43,first_time,Undelivered,Cash not ready,2,In NDR
FTW-24203,SH987650202,2026-04-23T14:30:00.000Z,Kabir Khan,9700000202,customer203@example.com,"House 40, Block E, Lucknow Residency, Sector 11",Near main market,226010,Lucknow,Uttar Pradesh,RUN-BLK-9,Black Running Shoes,1,2400,COD,Shiprocket,Shopify,Google Shopping,Google,paid,Google Shopping,GOO-1042,47,first_time,RTO,Customer requested future delivery,2,RTO
FTW-24204,EK987650203,2026-04-24T15:30:00.000Z,Ananya Iyer,9700000203,customer204@example.com,"House 41, Block F, Indore Residency, Sector 12",Near main market,452010,Indore,Madhya Pradesh,HEEL-GLD-6,Gold Block Heels,2,2000,COD,Ekart,Instagram,Creator Try-on,Instagram,paid,Creator Try-on,INS-1043,45,first_time,RTO,Customer not available,3,RTO
FTW-24205,DE987650204,2026-04-25T04:30:00.000Z,Riya Patel,9700000204,customer205@example.com,Near temple main road Ghaziabad,,201001,Ghaziabad,Uttar Pradesh,SNEAK-WHT-8,White Sneakers,1,2000,COD,Delhivery,Meta,Meta Size Sale,Meta,paid,Meta Size Sale,MET-1044,52,repeat_delivered,Undelivered,Incorrect address,1,In NDR
FTW-24206,DT987650205,2026-04-26T05:30:00.000Z,Vivaan Rao,9700000205,customer206@example.com,"House 43, Block B, Hyderabad Residency, Sector 2",,500081,Hyderabad,Telangana,SANDAL-TAN-7,Tan Platform Sandals,1,1400,Prepaid,DTDC,Shopify,Google Shopping,Google,paid,Google Shopping,GOO-1045,45,first_time,RTO,No response on phone,3,RTO
FTW-24207,SH987650206,2026-04-27T06:30:00.000Z,Meera Singh,9700000206,customer207@example.com,"House 44, Block C, Mumbai Residency, Sector 3",Near main market,400053,Mumbai,Maharashtra,RUN-BLK-9,Black Running Shoes,1,2350,COD,Shadowfax,Instagram,Creator Try-on,Instagram,paid,Creator Try-on,INS-1046,45,first_time,RTO,Door locked,2,RTO
FTW-24208,SH987650207,2026-04-28T07:30:00.000Z,Ishaan Gupta,9700000207,customer208@example.com,"House 45, Block D, Ghaziabad Residency, Sector 4",Near main market,201001,Ghaziabad,Uttar Pradesh,HEEL-GLD-6,Gold Block Heels,1,1900,Prepaid,Shiprocket,Meta,Meta Size Sale,Meta,paid,Meta Size Sale,MET-1047,38,first_time,RTO,Customer refused delivery,3,RTO
FTW-24209,DE987650208,2026-04-29T08:30:00.000Z,Sara Ali,9700000208,customer209@example.com,"House 46, Block E, Bhubaneswar Residency, Sector 5",Near main market,751024,Bhubaneswar,Odisha,SNEAK-WHT-8,White Sneakers,1,1850,COD,Delhivery,Shopify,Google Shopping,Google,paid,Google Shopping,GOO-1048,43,repeat_delivered,Delivered,,0,Delivered
FTW-24210,DT987650209,2026-04-30T09:30:00.000Z,Nisha Nair,9700000209,customer210@example.com,"House 47, Block F, Patna Residency, Sector 6",Near main market,800001,Patna,Bihar,SANDAL-TAN-7,Tan Platform Sandals,1,1550,Prepaid,DTDC,Instagram,Creator Try-on,Instagram,paid,Creator Try-on,INS-1049,50,first_time,Delivered,,0,Delivered
FTW-24211,XP987650210,2026-04-01T10:30:00.000Z,Aarav Sharma,9700000210,customer211@example.com,"House 48, Block A, Ghaziabad Residency, Sector 7",,201001,Ghaziabad,Uttar Pradesh,RUN-BLK-9,Black Running Shoes,1,2500,COD,Xpressbees,Meta,Meta Size Sale,Meta,paid,Meta Size Sale,MET-1050,38,first_time,Undelivered,Customer not available,1,In NDR
FTW-24212,SH987650211,2026-04-02T11:30:00.000Z,Diya Verma,9700000211,customer212@example.com,"House 49, Block B, Delhi Residency, Sector 8",Near main market,110024,Delhi,Delhi,HEEL-GLD-6,Gold Block Heels,1,1900,COD,Shadowfax,Shopify,Google Shopping,Google,paid,Google Shopping,GOO-1051,49,first_time,Undelivered,Incorrect address,2,In NDR
FTW-24213,BL987650212,2026-04-03T12:30:00.000Z,Kabir Khan,9700000212,customer213@example.com,"House 50, Block C, Bengaluru Residency, Sector 9",Near main market,560095,Bengaluru,Karnataka,SNEAK-WHT-8,White Sneakers,1,1850,COD,Bluedart,Instagram,Creator Try-on,Instagram,paid,Creator Try-on,INS-1052,42,repeat_delivered,Undelivered,No response on phone,1,In NDR
FTW-24214,EK987650213,2026-04-04T13:30:00.000Z,Ananya Iyer,9700000213,customer214@example.com,"House 51, Block D, Ahmedabad Residency, Sector 10",Near main market,380015,Ahmedabad,Gujarat,SANDAL-TAN-7,Tan Platform Sandals,1,1600,Prepaid,Ekart,Meta,Meta Size Sale,Meta,paid,Meta Size Sale,MET-1053,58,first_time,RTO,Door locked,3,RTO
FTW-24215,DT987650214,2026-04-05T14:30:00.000Z,Riya Patel,9700000214,customer215@example.com,"House 52, Block E, Jaipur Residency, Sector 11",Near main market,302001,Jaipur,Rajasthan,RUN-BLK-9,Black Running Shoes,1,2150,COD,DTDC,Shopify,Google Shopping,Google,paid,Google Shopping,GOO-1054,42,first_time,Delivered,,0,Delivered
FTW-24216,DT987650215,2026-04-06T15:30:00.000Z,Vivaan Rao,9700000215,customer216@example.com,"House 53, Block F, Pune Residency, Sector 12",,411045,Pune,Maharashtra,HEEL-GLD-6,Gold Block Heels,1,1950,Prepaid,DTDC,Instagram,Creator Try-on,Instagram,paid,Creator Try-on,INS-1055,44,first_time,Delivered,,0,Delivered
FTW-24217,SH987650216,2026-04-07T04:30:00.000Z,Meera Singh,9700000216,customer217@example.com,Near temple main road Ghaziabad,,201001,Ghaziabad,Uttar Pradesh,SNEAK-WHT-8,White Sneakers,1,1900,COD,Shadowfax,Meta,Meta Size Sale,Meta,paid,Meta Size Sale,MET-1056,56,repeat_delivered,Undelivered,Customer requested future delivery,1,In NDR
FTW-24218,SH987650217,2026-04-08T05:30:00.000Z,Ishaan Gupta,9700000217,customer218@example.com,"House 55, Block B, Lucknow Residency, Sector 2",Near main market,226010,Lucknow,Uttar Pradesh,SANDAL-TAN-7,Tan Platform Sandals,1,1600,COD,Shadowfax,Shopify,Google Shopping,Google,paid,Google Shopping,GOO-1057,55,first_time,RTO,Customer not available,3,RTO
FTW-24219,XP987650218,2026-04-09T06:30:00.000Z,Sara Ali,9700000218,customer219@example.com,"House 56, Block C, Bhubaneswar Residency, Sector 3",Near main market,751024,Bhubaneswar,Odisha,RUN-BLK-9,Black Running Shoes,1,2200,Prepaid,Xpressbees,Instagram,Creator Try-on,Instagram,paid,Creator Try-on,INS-1058,39,first_time,RTO,Incorrect address,2,RTO
FTW-24220,DE987650219,2026-04-10T07:30:00.000Z,Nisha Nair,9700000219,customer220@example.com,Near temple main road Ghaziabad,,201001,Ghaziabad,Uttar Pradesh,HEEL-GLD-6,Gold Block Heels,1,2050,COD,Delhivery,Meta,Meta Size Sale,Meta,paid,Meta Size Sale,MET-1059,54,first_time,RTO,No response on phone,3,RTO
FTW-24221,BL987650220,2026-04-11T08:30:00.000Z,Aarav Sharma,9700000220,customer221@example.com,"House 58, Block E, Hyderabad Residency, Sector 5",,500081,Hyderabad,Telangana,SNEAK-WHT-8,White Sneakers,1,2100,Prepaid,Bluedart,Shopify,Google Shopping,Google,paid,Google Shopping,GOO-1060,50,repeat_delivered,Undelivered,Door locked,1,In NDR
FTW-24222,DT987650221,2026-04-12T09:30:00.000Z,Diya Verma,9700000221,customer222@example.com,"House 59, Block F, Mumbai Residency, Sector 6",Near main market,400053,Mumbai,Maharashtra,SANDAL-TAN-7,Tan Platform Sandals,1,1600,COD,DTDC,Instagram,Creator Try-on,Instagram,paid,Creator Try-on,INS-1061,40,first_time,Undelivered,Customer refused delivery,2,In NDR
FTW-24223,XP987650222,2026-04-13T10:30:00.000Z,Kabir Khan,9700000222,customer223@example.com,"House 60, Block A, Ghaziabad Residency, Sector 7",Near main market,201001,Ghaziabad,Uttar Pradesh,RUN-BLK-9,Black Running Shoes,1,2250,COD,Xpressbees,Meta,Meta Size Sale,Meta,paid,Meta Size Sale,MET-1062,49,first_time,RTO,Cash not ready,2,RTO
FTW-24224,XP987650223,2026-04-14T11:30:00.000Z,Ananya Iyer,9700000223,customer224@example.com,"House 61, Block B, Bhubaneswar Residency, Sector 8",Near main market,751024,Bhubaneswar,Odisha,HEEL-GLD-6,Gold Block Heels,1,1900,COD,Xpressbees,Shopify,Google Shopping,Google,paid,Google Shopping,GOO-1063,55,first_time,RTO,Customer requested future delivery,3,RTO
FTW-24225,BL987650224,2026-04-15T12:30:00.000Z,Riya Patel,9700000224,customer225@example.com,"House 62, Block C, Patna Residency, Sector 9",Near main market,800001,Patna,Bihar,SNEAK-WHT-8,White Sneakers,1,1850,COD,Bluedart,Instagram,Creator Try-on,Instagram,paid,Creator Try-on,INS-1064,47,repeat_delivered,RTO,Customer not available,2,RTO
FTW-24226,XP987650225,2026-04-16T13:30:00.000Z,Vivaan Rao,9700000000,customer226@example.com,"House 63, Block D, Ghaziabad Residency, Sector 10",,201001,Ghaziabad,Uttar Pradesh,SANDAL-TAN-7,Tan Platform Sandals,1,1650,COD,Xpressbees,Meta,Meta Size Sale,Meta,paid,Meta Size Sale,MET-1065,50,first_time,Undelivered,Incorrect address,2,In NDR
FTW-24227,XP987650226,2026-04-17T14:30:00.000Z,Meera Singh,9700000001,customer227@example.com,"House 64, Block E, Jaipur Residency, Sector 11",Near main market,302001,Jaipur,Rajasthan,RUN-BLK-9,Black Running Shoes,1,2350,Prepaid,Xpressbees,Shopify,Google Shopping,Google,paid,Google Shopping,GOO-1066,52,first_time,Delivered,,0,Delivered
FTW-24228,EK987650227,2026-04-18T15:30:00.000Z,Ishaan Gupta,9700000002,customer228@example.com,"House 65, Block F, Bhubaneswar Residency, Sector 12",Near main market,751024,Bhubaneswar,Odisha,HEEL-GLD-6,Gold Block Heels,1,1900,COD,Ekart,Instagram,Creator Try-on,Instagram,paid,Creator Try-on,INS-1067,49,first_time,Undelivered,Door locked,2,In NDR
FTW-24229,SH987650228,2026-04-19T04:30:00.000Z,Sara Ali,9700000003,customer229@example.com,"House 66, Block A, Ghaziabad Residency, Sector 1",Near main market,201001,Ghaziabad,Uttar Pradesh,SNEAK-WHT-8,White Sneakers,1,2050,COD,Shiprocket,Meta,Meta Size Sale,Meta,paid,Meta Size Sale,MET-1068,43,repeat_delivered,RTO,Customer refused delivery,2,RTO
FTW-24230,SH987650229,2026-04-20T05:30:00.000Z,Nisha Nair,9700000004,customer230@example.com,Near temple main road Jaipur,,302001,Jaipur,Rajasthan,SANDAL-TAN-7,Tan Platform Sandals,1,1550,COD,Shiprocket,Shopify,Google Shopping,Google,paid,Google Shopping,GOO-1069,52,first_time,Undelivered,Cash not ready,2,In NDR
FTW-24231,BL987650230,2026-04-21T06:30:00.000Z,Aarav Sharma,9700000005,customer231@example.com,Near temple main road Bhubaneswar,,751024,Bhubaneswar,Odisha,RUN-BLK-9,Black Running Shoes,1,2400,COD,Bluedart,Instagram,Creator Try-on,Instagram,paid,Creator Try-on,INS-1070,39,first_time,Undelivered,Customer requested future delivery,1,In NDR
FTW-24232,XP987650231,2026-04-22T07:30:00.000Z,Diya Verma,9700000006,customer232@example.com,"House 69, Block D, Kolkata Residency, Sector 4",Near main market,700016,Kolkata,West Bengal,HEEL-GLD-6,Gold Block Heels,1,1850,Prepaid,Xpressbees,Meta,Meta Size Sale,Meta,paid,Meta Size Sale,MET-1071,44,first_time,RTO,Customer not available,3,RTO
FTW-24233,XP987650232,2026-04-23T08:30:00.000Z,Kabir Khan,9700000007,customer233@example.com,"House 70, Block E, Lucknow Residency, Sector 5",Near main market,226010,Lucknow,Uttar Pradesh,SNEAK-WHT-8,White Sneakers,2,2100,Prepaid,Xpressbees,Shopify,Google Shopping,Google,paid,Google Shopping,GOO-1072,44,repeat_delivered,Undelivered,Incorrect address,1,In NDR
FTW-24234,DT987650233,2026-04-24T09:30:00.000Z,Ananya Iyer,9700000008,customer234@example.com,"House 71, Block F, Indore Residency, Sector 6",Near main market,452010,Indore,Madhya Pradesh,SANDAL-TAN-7,Tan Platform Sandals,1,1400,Prepaid,DTDC,Instagram,Creator Try-on,Instagram,paid,Creator Try-on,INS-1073,42,first_time,RTO,No response on phone,3,RTO
FTW-24235,SH987650234,2026-04-25T10:30:00.000Z,Riya Patel,9700000009,customer235@example.com,"House 72, Block A, Ghaziabad Residency, Sector 7",Near main market,201001,Ghaziabad,Uttar Pradesh,RUN-BLK-9,Black Running Shoes,1,2300,COD,Shadowfax,Meta,Meta Size Sale,Meta,paid,Meta Size Sale,MET-1074,48,first_time,Undelivered,Door locked,1,In NDR
FTW-24236,SH987650235,2026-04-26T11:30:00.000Z,Vivaan Rao,9700000010,customer236@example.com,"House 73, Block B, Hyderabad Residency, Sector 8",,500081,Hyderabad,Telangana,HEEL-GLD-6,Gold Block Heels,1,1850,COD,Shadowfax,Shopify,Google Shopping,Google,paid,Google Shopping,GOO-1075,55,first_time,Undelivered,Customer refused delivery,2,In NDR
FTW-24237,SH987650236,2026-04-27T12:30:00.000Z,Meera Singh,9700000011,customer237@example.com,"House 74, Block C, Mumbai Residency, Sector 9",Near main market,400053,Mumbai,Maharashtra,SNEAK-WHT-8,White Sneakers,1,2050,Prepaid,Shadowfax,Instagram,Creator Try-on,Instagram,paid,Creator Try-on,INS-1076,41,repeat_delivered,RTO,Cash not ready,2,RTO
FTW-24238,DT987650237,2026-04-28T13:30:00.000Z,Ishaan Gupta,9700000012,customer238@example.com,"House 75, Block D, Ghaziabad Residency, Sector 10",Near main market,201001,Ghaziabad,Uttar Pradesh,SANDAL-TAN-7,Tan Platform Sandals,1,1400,COD,DTDC,Meta,Meta Size Sale,Meta,paid,Meta Size Sale,MET-1077,47,first_time,RTO,Customer requested future delivery,3,RTO
FTW-24239,DE987650238,2026-04-29T14:30:00.000Z,Sara Ali,9700000013,customer239@example.com,"House 76, Block E, Bhubaneswar Residency, Sector 11",Near main market,751024,Bhubaneswar,Odisha,RUN-BLK-9,Black Running Shoes,1,2400,COD,Delhivery,Shopify,Google Shopping,Google,paid,Google Shopping,GOO-1078,38,first_time,RTO,Customer not available,2,RTO
FTW-24240,DT987650239,2026-04-30T15:30:00.000Z,Nisha Nair,9700000014,customer240@example.com,"House 77, Block F, Patna Residency, Sector 12",Near main market,800001,Patna,Bihar,HEEL-GLD-6,Gold Block Heels,1,1950,COD,DTDC,Instagram,Creator Try-on,Instagram,paid,Creator Try-on,INS-1079,38,first_time,RTO,Incorrect address,3,RTO
FTW-24241,EK987650240,2026-04-01T04:30:00.000Z,Aarav Sharma,9700000015,customer241@example.com,"House 78, Block A, Ghaziabad Residency, Sector 1",,201001,Ghaziabad,Uttar Pradesh,SNEAK-WHT-8,White Sneakers,1,2000,COD,Ekart,Meta,Meta Size Sale,Meta,paid,Meta Size Sale,MET-1000,57,repeat_delivered,Undelivered,No response on phone,1,In NDR
FTW-24242,DE987650241,2026-04-02T05:30:00.000Z,Diya Verma,9700000016,customer242@example.com,"House 79, Block B, Delhi Residency, Sector 2",Near main market,110024,Delhi,Delhi,SANDAL-TAN-7,Tan Platform Sandals,1,1600,COD,Delhivery,Shopify,Google Shopping,Google,paid,Google Shopping,GOO-1001,43,first_time,Delivered,,0,Delivered
FTW-24243,BL987650242,2026-04-03T06:30:00.000Z,Kabir Khan,9700000017,customer243@example.com,"House 80, Block C, Bhubaneswar Residency, Sector 3",Near main market,751024,Bhubaneswar,Odisha,RUN-BLK-9,Black Running Shoes,1,2350,Prepaid,Bluedart,Instagram,Creator Try-on,Instagram,paid,Creator Try-on,INS-1002,47,first_time,Undelivered,Customer refused delivery,1,In NDR
FTW-24244,EK987650243,2026-04-04T07:30:00.000Z,Ananya Iyer,9700000018,customer244@example.com,"House 81, Block D, Ahmedabad Residency, Sector 4",Near main market,380015,Ahmedabad,Gujarat,HEEL-GLD-6,Gold Block Heels,1,1900,COD,Ekart,Meta,Meta Size Sale,Meta,paid,Meta Size Sale,MET-1003,54,first_time,Undelivered,Cash not ready,2,In NDR
FTW-24245,XP987650244,2026-04-05T08:30:00.000Z,Riya Patel,9700000019,customer245@example.com,"House 82, Block E, Jaipur Residency, Sector 5",Near main market,302001,Jaipur,Rajasthan,SNEAK-WHT-8,White Sneakers,1,1900,COD,Xpressbees,Shopify,Google Shopping,Google,paid,Google Shopping,GOO-1004,54,repeat_delivered,Delivered,,0,Delivered
FTW-24246,BL987650245,2026-04-06T09:30:00.000Z,Vivaan Rao,9700000020,customer246@example.com,"House 83, Block F, Bhubaneswar Residency, Sector 6",,751024,Bhubaneswar,Odisha,SANDAL-TAN-7,Tan Platform Sandals,1,1550,COD,Bluedart,Instagram,Creator Try-on,Instagram,paid,Creator Try-on,INS-1005,54,first_time,RTO,Customer not available,3,RTO
FTW-24247,EK987650246,2026-04-07T10:30:00.000Z,Meera Singh,9700000021,customer247@example.com,"House 84, Block A, Ghaziabad Residency, Sector 7",Near main market,201001,Ghaziabad,Uttar Pradesh,RUN-BLK-9,Black Running Shoes,1,2200,COD,Ekart,Meta,Meta Size Sale,Meta,paid,Meta Size Sale,MET-1006,53,first_time,RTO,Incorrect address,2,RTO
FTW-24248,DE987650247,2026-04-08T11:30:00.000Z,Ishaan Gupta,9700000022,customer248@example.com,"House 85, Block B, Lucknow Residency, Sector 8",Near main market,226010,Lucknow,Uttar Pradesh,HEEL-GLD-6,Gold Block Heels,1,1900,Prepaid,Delhivery,Shopify,Google Shopping,Google,paid,Google Shopping,GOO-1007,40,first_time,RTO,No response on phone,3,RTO
FTW-24249,EK987650248,2026-04-09T12:30:00.000Z,Sara Ali,9700000023,customer249@example.com,"House 86, Block C, Bhubaneswar Residency, Sector 9",Near main market,751024,Bhubaneswar,Odisha,SNEAK-WHT-8,White Sneakers,1,2050,Prepaid,Ekart,Instagram,Creator Try-on,Instagram,paid,Creator Try-on,INS-1008,52,repeat_delivered,Delivered,,0,Delivered
FTW-24250,DE987650249,2026-04-10T13:30:00.000Z,Nisha Nair,9700000024,customer250@example.com,"House 87, Block D, Surat Residency, Sector 10",Near main market,395007,Surat,Gujarat,SANDAL-TAN-7,Tan Platform Sandals,1,1500,Prepaid,Delhivery,Meta,Meta Size Sale,Meta,paid,Meta Size Sale,MET-1009,48,first_time,RTO,Customer refused delivery,3,RTO
FTW-24251,DE987650250,2026-04-11T14:30:00.000Z,Aarav Sharma,9700000025,customer251@example.com,"House 88, Block E, Jaipur Residency, Sector 11",,302001,Jaipur,Rajasthan,RUN-BLK-9,Black Running Shoes,1,2450,COD,Delhivery,Shopify,Google Shopping,Google,paid,Google Shopping,GOO-1010,50,first_time,RTO,Cash not ready,2,RTO
FTW-24252,SH987650251,2026-04-12T15:30:00.000Z,Diya Verma,9700000026,customer252@example.com,"House 89, Block F, Mumbai Residency, Sector 12",Near main market,400053,Mumbai,Maharashtra,HEEL-GLD-6,Gold Block Heels,1,2000,Prepaid,Shadowfax,Instagram,Creator Try-on,Instagram,paid,Creator Try-on,INS-1011,55,first_time,Undelivered,Customer requested future delivery,2,In NDR
FTW-24253,EK987650252,2026-04-13T04:30:00.000Z,Kabir Khan,9700000027,customer253@example.com,"House 90, Block A, Chennai Residency, Sector 1",Near main market,600042,Chennai,Tamil Nadu,SNEAK-WHT-8,White Sneakers,1,1900,COD,Ekart,Meta,Meta Size Sale,Meta,paid,Meta Size Sale,MET-1012,51,repeat_delivered,RTO,Customer not available,2,RTO
FTW-24254,SH987650253,2026-04-14T05:30:00.000Z,Ananya Iyer,9700000028,customer254@example.com,"House 91, Block B, Jaipur Residency, Sector 2",Near main market,302001,Jaipur,Rajasthan,SANDAL-TAN-7,Tan Platform Sandals,1,1500,COD,Shiprocket,Shopify,Google Shopping,Google,paid,Google Shopping,GOO-1013,44,first_time,RTO,Incorrect address,3,RTO
FTW-24255,SH987650254,2026-04-15T06:30:00.000Z,Riya Patel,9700000029,customer255@example.com,"House 92, Block C, Patna Residency, Sector 3",Near main market,800001,Patna,Bihar,RUN-BLK-9,Black Running Shoes,1,2450,COD,Shadowfax,Instagram,Creator Try-on,Instagram,paid,Creator Try-on,INS-1014,50,first_time,Undelivered,No response on phone,1,In NDR
FTW-24256,XP987650255,2026-04-16T07:30:00.000Z,Vivaan Rao,9700000030,customer256@example.com,Near temple main road Ghaziabad,,201001,Ghaziabad,Uttar Pradesh,HEEL-GLD-6,Gold Block Heels,1,1900,COD,Xpressbees,Meta,Meta Size Sale,Meta,paid,Meta Size Sale,MET-1015,46,first_time,Undelivered,Door locked,2,In NDR
FTW-24257,SH987650256,2026-04-17T08:30:00.000Z,Meera Singh,9700000031,customer257@example.com,"House 94, Block E, Delhi Residency, Sector 5",Near main market,110024,Delhi,Delhi,SNEAK-WHT-8,White Sneakers,1,2100,COD,Shadowfax,Shopify,Google Shopping,Google,paid,Google Shopping,GOO-1016,57,repeat_delivered,Delivered,,0,Delivered
FTW-24258,SH987650257,2026-04-18T09:30:00.000Z,Ishaan Gupta,9700000032,customer258@example.com,"House 95, Block F, Bhubaneswar Residency, Sector 6",Near main market,751024,Bhubaneswar,Odisha,SANDAL-TAN-7,Tan Platform Sandals,1,1350,COD,Shadowfax,Instagram,Creator Try-on,Instagram,paid,Creator Try-on,INS-1017,48,first_time,Undelivered,Cash not ready,2,In NDR
FTW-24259,DT987650258,2026-04-19T10:30:00.000Z,Sara Ali,9700000033,customer259@example.com,"House 96, Block A, Ahmedabad Residency, Sector 7",Near main market,380015,Ahmedabad,Gujarat,RUN-BLK-9,Black Running Shoes,1,2350,Prepaid,DTDC,Meta,Meta Size Sale,Meta,paid,Meta Size Sale,MET-1018,58,first_time,RTO,Customer requested future delivery,2,RTO
FTW-24260,SH987650259,2026-04-20T11:30:00.000Z,Nisha Nair,9700000034,customer260@example.com,"House 97, Block B, Jaipur Residency, Sector 8",Near main market,302001,Jaipur,Rajasthan,HEEL-GLD-6,Gold Block Heels,1,1750,COD,Shadowfax,Shopify,Google Shopping,Google,paid,Google Shopping,GOO-1019,47,first_time,RTO,Customer not available,3,RTO
FTW-24261,SH987650260,2026-04-21T12:30:00.000Z,Aarav Sharma,9700000035,customer261@example.com,"House 98, Block C, Pune Residency, Sector 9",,411045,Pune,Maharashtra,SNEAK-WHT-8,White Sneakers,1,2150,COD,Shadowfax,Instagram,Creator Try-on,Instagram,paid,Creator Try-on,INS-1020,39,repeat_delivered,Undelivered,Incorrect address,1,In NDR
FTW-24262,XP987650261,2026-04-22T13:30:00.000Z,Diya Verma,9700000036,customer262@example.com,"House 99, Block D, Kolkata Residency, Sector 10",Near main market,700016,Kolkata,West Bengal,SANDAL-TAN-7,Tan Platform Sandals,2,1550,COD,Xpressbees,Meta,Meta Size Sale,Meta,paid,Meta Size Sale,MET-1021,48,first_time,Cancelled,,0,Cancelled before shipping
FTW-24263,EK987650262,2026-04-23T14:30:00.000Z,Kabir Khan,9700000037,customer263@example.com,"House 100, Block E, Lucknow Residency, Sector 11",Near main market,226010,Lucknow,Uttar Pradesh,RUN-BLK-9,Black Running Shoes,1,2150,COD,Ekart,Shopify,Google Shopping,Google,paid,Google Shopping,GOO-1022,43,first_time,Undelivered,Door locked,1,In NDR
FTW-24264,SH987650263,2026-04-24T15:30:00.000Z,Ananya Iyer,9700000038,customer264@example.com,"House 101, Block F, Indore Residency, Sector 12",Near main market,452010,Indore,Madhya Pradesh,HEEL-GLD-6,Gold Block Heels,1,1950,COD,Shiprocket,Instagram,Creator Try-on,Instagram,paid,Creator Try-on,INS-1023,53,first_time,RTO,Customer refused delivery,3,RTO
FTW-24265,XP987650264,2026-04-25T04:30:00.000Z,Riya Patel,9700000039,customer265@example.com,"House 102, Block A, Ghaziabad Residency, Sector 1",Near main market,201001,Ghaziabad,Uttar Pradesh,SNEAK-WHT-8,White Sneakers,1,1800,Prepaid,Xpressbees,Meta,Meta Size Sale,Meta,paid,Meta Size Sale,MET-1024,55,repeat_delivered,RTO,Cash not ready,2,RTO
FTW-24266,SH987650265,2026-04-26T05:30:00.000Z,Vivaan Rao,9700000040,customer266@example.com,"House 103, Block B, Hyderabad Residency, Sector 2",,500081,Hyderabad,Telangana,SANDAL-TAN-7,Tan Platform Sandals,1,1550,COD,Shiprocket,Shopify,Google Shopping,Google,paid,Google Shopping,GOO-1025,38,first_time,Undelivered,Customer requested future delivery,2,In NDR
FTW-24267,XP987650266,2026-04-27T06:30:00.000Z,Meera Singh,9700000041,customer267@example.com,"House 104, Block C, Mumbai Residency, Sector 3",Near main market,400053,Mumbai,Maharashtra,RUN-BLK-9,Black Running Shoes,1,2200,COD,Xpressbees,Instagram,Creator Try-on,Instagram,paid,Creator Try-on,INS-1026,45,first_time,RTO,Customer not available,2,RTO
FTW-24268,DE987650267,2026-04-28T07:30:00.000Z,Ishaan Gupta,9700000042,customer268@example.com,"House 105, Block D, Chennai Residency, Sector 4",Near main market,600042,Chennai,Tamil Nadu,HEEL-GLD-6,Gold Block Heels,1,1950,COD,Delhivery,Meta,Meta Size Sale,Meta,paid,Meta Size Sale,MET-1027,50,first_time,RTO,Incorrect address,3,RTO
FTW-24269,BL987650268,2026-04-29T08:30:00.000Z,Sara Ali,9700000043,customer269@example.com,"House 106, Block E, Jaipur Residency, Sector 5",Near main market,302001,Jaipur,Rajasthan,SNEAK-WHT-8,White Sneakers,1,2000,COD,Bluedart,Shopify,Google Shopping,Google,paid,Google Shopping,GOO-1028,52,repeat_delivered,Delivered,,0,Delivered
FTW-24270,SH987650269,2026-04-30T09:30:00.000Z,Nisha Nair,9700000044,customer270@example.com,"House 107, Block F, Patna Residency, Sector 6",Near main market,800001,Patna,Bihar,SANDAL-TAN-7,Tan Platform Sandals,1,1500,Prepaid,Shiprocket,Instagram,Creator Try-on,Instagram,paid,Creator Try-on,INS-1029,45,first_time,Delivered,,0,Delivered
FTW-24271,DT987650270,2026-04-01T10:30:00.000Z,Aarav Sharma,9700000045,customer271@example.com,Near temple main road Ghaziabad,,201001,Ghaziabad,Uttar Pradesh,RUN-BLK-9,Black Running Shoes,1,2500,COD,DTDC,Meta,Meta Size Sale,Meta,paid,Meta Size Sale,MET-1030,54,first_time,RTO,Customer refused delivery,2,RTO
FTW-24272,SH987650271,2026-04-02T11:30:00.000Z,Diya Verma,9700000046,customer272@example.com,"House 19, Block B, Delhi Residency, Sector 8",Near main market,110024,Delhi,Delhi,HEEL-GLD-6,Gold Block Heels,1,1750,COD,Shadowfax,Shopify,Google Shopping,Google,paid,Google Shopping,GOO-1031,41,first_time,Delivered,,0,Delivered
FTW-24273,DT987650272,2026-04-03T12:30:00.000Z,Kabir Khan,9700000047,customer273@example.com,"House 20, Block C, Bengaluru Residency, Sector 9",Near main market,560095,Bengaluru,Karnataka,SNEAK-WHT-8,White Sneakers,1,1900,COD,DTDC,Instagram,Creator Try-on,Instagram,paid,Creator Try-on,INS-1032,39,repeat_delivered,Delivered,,0,Delivered
FTW-24274,SH987650273,2026-04-04T13:30:00.000Z,Ananya Iyer,9700000048,customer274@example.com,"House 21, Block D, Ahmedabad Residency, Sector 10",Near main market,380015,Ahmedabad,Gujarat,SANDAL-TAN-7,Tan Platform Sandals,1,1600,COD,Shadowfax,Meta,Meta Size Sale,Meta,paid,Meta Size Sale,MET-1033,55,first_time,Delivered,,0,Delivered
FTW-24275,DE987650274,2026-04-05T14:30:00.000Z,Riya Patel,9700000049,customer275@example.com,"House 22, Block E, Jaipur Residency, Sector 11",Near main market,302001,Jaipur,Rajasthan,RUN-BLK-9,Black Running Shoes,1,2350,Prepaid,Delhivery,Shopify,Google Shopping,Google,paid,Google Shopping,GOO-1034,48,first_time,Delivered,,0,Delivered
FTW-24276,DE987650275,2026-04-06T15:30:00.000Z,Vivaan Rao,9700000050,customer276@example.com,"House 23, Block F, Pune Residency, Sector 12",,411045,Pune,Maharashtra,HEEL-GLD-6,Gold Block Heels,1,1850,COD,Delhivery,Instagram,Creator Try-on,Instagram,paid,Creator Try-on,INS-1035,54,first_time,RTO,No response on phone,3,RTO
FTW-24277,DE987650276,2026-04-07T04:30:00.000Z,Meera Singh,9700000051,customer277@example.com,"House 24, Block A, Kolkata Residency, Sector 1",Near main market,700016,Kolkata,West Bengal,SNEAK-WHT-8,White Sneakers,1,2000,COD,Delhivery,Meta,Meta Size Sale,Meta,paid,Meta Size Sale,MET-1036,45,repeat_delivered,Delivered,,0,Delivered
FTW-24278,BL987650277,2026-04-08T05:30:00.000Z,Ishaan Gupta,9700000052,customer278@example.com,"House 25, Block B, Lucknow Residency, Sector 2",Near main market,226010,Lucknow,Uttar Pradesh,SANDAL-TAN-7,Tan Platform Sandals,1,1600,COD,Bluedart,Shopify,Google Shopping,Google,paid,Google Shopping,GOO-1037,49,first_time,Delivered,,0,Delivered
FTW-24279,BL987650278,2026-04-09T06:30:00.000Z,Sara Ali,9700000053,customer279@example.com,"House 26, Block C, Bhubaneswar Residency, Sector 3",Near main market,751024,Bhubaneswar,Odisha,RUN-BLK-9,Black Running Shoes,1,2300,COD,Bluedart,Instagram,Creator Try-on,Instagram,paid,Creator Try-on,INS-1038,47,first_time,RTO,Cash not ready,2,RTO
FTW-24280,XP987650279,2026-04-10T07:30:00.000Z,Nisha Nair,9700000054,customer280@example.com,Near temple main road Ghaziabad,,201001,Ghaziabad,Uttar Pradesh,HEEL-GLD-6,Gold Block Heels,1,1900,Prepaid,Xpressbees,Meta,Meta Size Sale,Meta,paid,Meta Size Sale,MET-1039,41,first_time,RTO,Customer requested future delivery,3,RTO
FTW-24281,DT987650280,2026-04-11T08:30:00.000Z,Aarav Sharma,9700000055,customer281@example.com,"House 28, Block E, Jaipur Residency, Sector 5",,302001,Jaipur,Rajasthan,SNEAK-WHT-8,White Sneakers,1,1950,COD,DTDC,Shopify,Google Shopping,Google,paid,Google Shopping,GOO-1040,43,repeat_delivered,Undelivered,Customer not available,1,In NDR
FTW-24282,BL987650281,2026-04-12T09:30:00.000Z,Diya Verma,9700000056,customer282@example.com,"House 29, Block F, Mumbai Residency, Sector 6",Near main market,400053,Mumbai,Maharashtra,SANDAL-TAN-7,Tan Platform Sandals,1,1600,COD,Bluedart,Instagram,Creator Try-on,Instagram,paid,Creator Try-on,INS-1041,45,first_time,RTO,Incorrect address,3,RTO
FTW-24283,SH987650282,2026-04-13T10:30:00.000Z,Kabir Khan,9700000057,customer283@example.com,"House 30, Block A, Chennai Residency, Sector 7",Near main market,600042,Chennai,Tamil Nadu,RUN-BLK-9,Black Running Shoes,1,2250,COD,Shiprocket,Meta,Meta Size Sale,Meta,paid,Meta Size Sale,MET-1042,46,first_time,Cancelled,,0,Cancelled before shipping
FTW-24284,DE987650283,2026-04-14T11:30:00.000Z,Ananya Iyer,9700000058,customer284@example.com,"House 31, Block B, Bhubaneswar Residency, Sector 8",Near main market,751024,Bhubaneswar,Odisha,HEEL-GLD-6,Gold Block Heels,1,1900,Prepaid,Delhivery,Shopify,Google Shopping,Google,paid,Google Shopping,GOO-1043,48,first_time,Undelivered,Door locked,2,In NDR
FTW-24285,SH987650284,2026-04-15T12:30:00.000Z,Riya Patel,9700000059,customer285@example.com,Near temple main road Bhubaneswar,,751024,Bhubaneswar,Odisha,SNEAK-WHT-8,White Sneakers,1,1850,COD,Shiprocket,Instagram,Creator Try-on,Instagram,paid,Creator Try-on,INS-1044,39,repeat_delivered,RTO,Customer refused delivery,2,RTO
FTW-24286,EK987650285,2026-04-16T13:30:00.000Z,Vivaan Rao,9700000060,customer286@example.com,"House 33, Block D, Ghaziabad Residency, Sector 10",,201001,Ghaziabad,Uttar Pradesh,SANDAL-TAN-7,Tan Platform Sandals,1,1450,COD,Ekart,Meta,Meta Size Sale,Meta,paid,Meta Size Sale,MET-1045,47,first_time,Undelivered,Cash not ready,2,In NDR
FTW-24287,XP987650286,2026-04-17T14:30:00.000Z,Meera Singh,9700000061,customer287@example.com,"House 34, Block E, Jaipur Residency, Sector 11",Near main market,302001,Jaipur,Rajasthan,RUN-BLK-9,Black Running Shoes,1,2200,COD,Xpressbees,Shopify,Google Shopping,Google,paid,Google Shopping,GOO-1046,56,first_time,RTO,Customer requested future delivery,2,RTO
FTW-24288,XP987650287,2026-04-18T15:30:00.000Z,Ishaan Gupta,9700000062,customer288@example.com,"House 35, Block F, Bengaluru Residency, Sector 12",Near main market,560095,Bengaluru,Karnataka,HEEL-GLD-6,Gold Block Heels,1,1850,Prepaid,Xpressbees,Instagram,Creator Try-on,Instagram,paid,Creator Try-on,INS-1047,53,first_time,RTO,Customer not available,3,RTO
FTW-24289,DT987650288,2026-04-19T04:30:00.000Z,Sara Ali,9700000063,customer289@example.com,"House 36, Block A, Ahmedabad Residency, Sector 1",Near main market,380015,Ahmedabad,Gujarat,SNEAK-WHT-8,White Sneakers,1,1950,Prepaid,DTDC,Meta,Meta Size Sale,Meta,paid,Meta Size Sale,MET-1048,47,repeat_delivered,RTO,Incorrect address,2,RTO
FTW-24290,SH987650289,2026-04-20T05:30:00.000Z,Nisha Nair,9700000064,customer290@example.com,"House 37, Block B, Jaipur Residency, Sector 2",Near main market,302001,Jaipur,Rajasthan,SANDAL-TAN-7,Tan Platform Sandals,1,1400,COD,Shiprocket,Shopify,Google Shopping,Google,paid,Google Shopping,GOO-1049,57,first_time,Delivered,,0,Delivered
FTW-24291,XP987650290,2026-04-21T06:30:00.000Z,Aarav Sharma,9700000065,customer291@example.com,"House 38, Block C, Pune Residency, Sector 3",,411045,Pune,Maharashtra,RUN-BLK-9,Black Running Shoes,2,2400,COD,Xpressbees,Instagram,Creator Try-on,Instagram,paid,Creator Try-on,INS-1050,52,first_time,RTO,Door locked,2,RTO
FTW-24292,SH987650291,2026-04-22T07:30:00.000Z,Diya Verma,9700000066,customer292@example.com,"House 39, Block D, Kolkata Residency, Sector 4",Near main market,700016,Kolkata,West Bengal,HEEL-GLD-6,Gold Block Heels,1,1750,COD,Shadowfax,Meta,Meta Size Sale,Meta,paid,Meta Size Sale,MET-1051,49,first_time,Undelivered,Customer refused delivery,2,In NDR
FTW-24293,DE987650292,2026-04-23T08:30:00.000Z,Kabir Khan,9700000067,customer293@example.com,"House 40, Block E, Jaipur Residency, Sector 5",Near main market,302001,Jaipur,Rajasthan,SNEAK-WHT-8,White Sneakers,1,1950,Prepaid,Delhivery,Shopify,Google Shopping,Google,paid,Google Shopping,GOO-1052,46,repeat_delivered,RTO,Cash not ready,2,RTO
FTW-24294,SH987650293,2026-04-24T09:30:00.000Z,Ananya Iyer,9700000068,customer294@example.com,"House 41, Block F, Indore Residency, Sector 6",Near main market,452010,Indore,Madhya Pradesh,SANDAL-TAN-7,Tan Platform Sandals,1,1400,COD,Shiprocket,Instagram,Creator Try-on,Instagram,paid,Creator Try-on,INS-1053,51,first_time,Undelivered,Customer requested future delivery,2,In NDR
FTW-24295,DT987650294,2026-04-25T10:30:00.000Z,Riya Patel,9700000069,customer295@example.com,"House 42, Block A, Ghaziabad Residency, Sector 7",Near main market,201001,Ghaziabad,Uttar Pradesh,RUN-BLK-9,Black Running Shoes,1,2450,COD,DTDC,Meta,Meta Size Sale,Meta,paid,Meta Size Sale,MET-1054,50,first_time,Undelivered,Customer not available,1,In NDR
FTW-24296,XP987650295,2026-04-26T11:30:00.000Z,Vivaan Rao,9700000070,customer296@example.com,"House 43, Block B, Hyderabad Residency, Sector 8",,500081,Hyderabad,Telangana,HEEL-GLD-6,Gold Block Heels,1,1750,COD,Xpressbees,Shopify,Google Shopping,Google,paid,Google Shopping,GOO-1055,57,first_time,RTO,Incorrect address,3,RTO
FTW-24297,EK987650296,2026-04-27T12:30:00.000Z,Meera Singh,9700000071,customer297@example.com,"House 44, Block C, Bhubaneswar Residency, Sector 9",Near main market,751024,Bhubaneswar,Odisha,SNEAK-WHT-8,White Sneakers,1,2000,COD,Ekart,Instagram,Creator Try-on,Instagram,paid,Creator Try-on,INS-1056,43,repeat_delivered,RTO,No response on phone,2,RTO
FTW-24298,DE987650297,2026-04-28T13:30:00.000Z,Ishaan Gupta,9700000072,customer298@example.com,"House 45, Block D, Chennai Residency, Sector 10",Near main market,600042,Chennai,Tamil Nadu,SANDAL-TAN-7,Tan Platform Sandals,1,1350,COD,Delhivery,Meta,Meta Size Sale,Meta,paid,Meta Size Sale,MET-1057,53,first_time,RTO,Door locked,3,RTO
FTW-24299,SH987650298,2026-04-29T14:30:00.000Z,Sara Ali,9700000073,customer299@example.com,"House 46, Block E, Bhubaneswar Residency, Sector 11",Near main market,751024,Bhubaneswar,Odisha,RUN-BLK-9,Black Running Shoes,1,2350,COD,Shadowfax,Shopify,Google Shopping,Google,paid,Google Shopping,GOO-1058,55,first_time,RTO,Customer refused delivery,2,RTO
FTW-24300,BL987650299,2026-04-30T15:30:00.000Z,Nisha Nair,9700000074,customer300@example.com,"House 47, Block F, Patna Residency, Sector 12",Near main market,800001,Patna,Bihar,HEEL-GLD-6,Gold Block Heels,1,1750,Prepaid,Bluedart,Instagram,Creator Try-on,Instagram,paid,Creator Try-on,INS-1059,38,first_time,Delivered,,0,Delivered
FTW-24301,SH987650300,2026-04-01T04:30:00.000Z,Aarav Sharma,9700000075,customer301@example.com,"House 48, Block A, Ghaziabad Residency, Sector 1",,201001,Ghaziabad,Uttar Pradesh,SNEAK-WHT-8,White Sneakers,1,2150,Prepaid,Shadowfax,Meta,Meta Size Sale,Meta,paid,Meta Size Sale,MET-1060,50,repeat_delivered,Delivered,,0,Delivered
FTW-24302,XP987650301,2026-04-02T05:30:00.000Z,Diya Verma,9700000076,customer302@example.com,"House 49, Block B, Delhi Residency, Sector 2",Near main market,110024,Delhi,Delhi,SANDAL-TAN-7,Tan Platform Sandals,1,1350,COD,Xpressbees,Shopify,Google Shopping,Google,paid,Google Shopping,GOO-1061,38,first_time,Delivered,,0,Delivered
FTW-24303,SH987650302,2026-04-03T06:30:00.000Z,Kabir Khan,9700000077,customer303@example.com,Near temple main road Bhubaneswar,,751024,Bhubaneswar,Odisha,RUN-BLK-9,Black Running Shoes,1,2350,COD,Shadowfax,Instagram,Creator Try-on,Instagram,paid,Creator Try-on,INS-1062,53,first_time,Undelivered,Incorrect address,1,In NDR
FTW-24304,SH987650303,2026-04-04T07:30:00.000Z,Ananya Iyer,9700000078,customer304@example.com,"House 51, Block D, Ahmedabad Residency, Sector 4",Near main market,380015,Ahmedabad,Gujarat,HEEL-GLD-6,Gold Block Heels,1,1850,Prepaid,Shadowfax,Meta,Meta Size Sale,Meta,paid,Meta Size Sale,MET-1063,52,first_time,RTO,No response on phone,3,RTO
FTW-24305,SH987650304,2026-04-05T08:30:00.000Z,Riya Patel,9700000079,customer305@example.com,"House 52, Block E, Jaipur Residency, Sector 5",Near main market,302001,Jaipur,Rajasthan,SNEAK-WHT-8,White Sneakers,1,2100,Prepaid,Shadowfax,Shopify,Google Shopping,Google,paid,Google Shopping,GOO-1064,56,repeat_delivered,RTO,Door locked,2,RTO
FTW-24306,BL987650305,2026-04-06T09:30:00.000Z,Vivaan Rao,9700000080,customer306@example.com,"House 53, Block F, Pune Residency, Sector 6",,411045,Pune,Maharashtra,SANDAL-TAN-7,Tan Platform Sandals,1,1550,COD,Bluedart,Instagram,Creator Try-on,Instagram,paid,Creator Try-on,INS-1065,42,first_time,Cancelled,,0,Cancelled before shipping
FTW-24307,DT987650306,2026-04-07T10:30:00.000Z,Meera Singh,9700000081,customer307@example.com,"House 54, Block A, Kolkata Residency, Sector 7",Near main market,700016,Kolkata,West Bengal,RUN-BLK-9,Black Running Shoes,1,2150,COD,DTDC,Meta,Meta Size Sale,Meta,paid,Meta Size Sale,MET-1066,42,first_time,RTO,Cash not ready,2,RTO
FTW-24308,SH987650307,2026-04-08T11:30:00.000Z,Ishaan Gupta,9700000082,customer308@example.com,"House 55, Block B, Jaipur Residency, Sector 8",Near main market,302001,Jaipur,Rajasthan,HEEL-GLD-6,Gold Block Heels,1,1900,Prepaid,Shadowfax,Shopify,Google Shopping,Google,paid,Google Shopping,GOO-1067,50,first_time,RTO,Customer requested future delivery,3,RTO
FTW-24309,SH987650308,2026-04-09T12:30:00.000Z,Sara Ali,9700000083,customer309@example.com,"House 56, Block C, Indore Residency, Sector 9",Near main market,452010,Indore,Madhya Pradesh,SNEAK-WHT-8,White Sneakers,1,1850,Prepaid,Shiprocket,Instagram,Creator Try-on,Instagram,paid,Creator Try-on,INS-1068,48,repeat_delivered,Undelivered,Customer not available,1,In NDR
FTW-24310,DT987650309,2026-04-10T13:30:00.000Z,Nisha Nair,9700000084,customer310@example.com,"House 57, Block D, Surat Residency, Sector 10",Near main market,395007,Surat,Gujarat,SANDAL-TAN-7,Tan Platform Sandals,1,1450,COD,DTDC,Meta,Meta Size Sale,Meta,paid,Meta Size Sale,MET-1069,38,first_time,Delivered,,0,Delivered
FTW-24311,EK987650310,2026-04-11T14:30:00.000Z,Aarav Sharma,9700000085,customer311@example.com,"House 58, Block E, Jaipur Residency, Sector 11",,302001,Jaipur,Rajasthan,RUN-BLK-9,Black Running Shoes,1,2150,Prepaid,Ekart,Shopify,Google Shopping,Google,paid,Google Shopping,GOO-1070,52,first_time,Undelivered,No response on phone,1,In NDR
FTW-24312,SH987650311,2026-04-12T15:30:00.000Z,Diya Verma,9700000086,customer312@example.com,"House 59, Block F, Bhubaneswar Residency, Sector 12",Near main market,751024,Bhubaneswar,Odisha,HEEL-GLD-6,Gold Block Heels,1,2000,Prepaid,Shiprocket,Instagram,Creator Try-on,Instagram,paid,Creator Try-on,INS-1071,54,first_time,Undelivered,Door locked,2,In NDR
FTW-24313,DE987650312,2026-04-13T04:30:00.000Z,Kabir Khan,9700000087,customer313@example.com,"House 60, Block A, Chennai Residency, Sector 1",Near main market,600042,Chennai,Tamil Nadu,SNEAK-WHT-8,White Sneakers,1,1950,COD,Delhivery,Meta,Meta Size Sale,Meta,paid,Meta Size Sale,MET-1072,45,repeat_delivered,Delivered,,0,Delivered
FTW-24314,XP987650313,2026-04-14T05:30:00.000Z,Ananya Iyer,9700000088,customer314@example.com,"House 61, Block B, Bhubaneswar Residency, Sector 2",Near main market,751024,Bhubaneswar,Odisha,SANDAL-TAN-7,Tan Platform Sandals,1,1450,COD,Xpressbees,Shopify,Google Shopping,Google,paid,Google Shopping,GOO-1073,51,first_time,Delivered,,0,Delivered
FTW-24315,DT987650314,2026-04-15T06:30:00.000Z,Riya Patel,9700000089,customer315@example.com,"House 62, Block C, Bhubaneswar Residency, Sector 3",Near main market,751024,Bhubaneswar,Odisha,RUN-BLK-9,Black Running Shoes,1,2100,COD,DTDC,Instagram,Creator Try-on,Instagram,paid,Creator Try-on,INS-1074,56,first_time,RTO,Customer requested future delivery,2,RTO
FTW-24316,DE987650315,2026-04-16T07:30:00.000Z,Vivaan Rao,9700000090,customer316@example.com,"House 63, Block D, Ghaziabad Residency, Sector 4",,201001,Ghaziabad,Uttar Pradesh,HEEL-GLD-6,Gold Block Heels,1,1850,Prepaid,Delhivery,Meta,Meta Size Sale,Meta,paid,Meta Size Sale,MET-1075,57,first_time,RTO,Customer not available,3,RTO
FTW-24317,EK987650316,2026-04-17T08:30:00.000Z,Meera Singh,9700000091,customer317@example.com,"House 64, Block E, Delhi Residency, Sector 5",Near main market,110024,Delhi,Delhi,SNEAK-WHT-8,White Sneakers,1,2000,COD,Ekart,Shopify,Google Shopping,Google,paid,Google Shopping,GOO-1076,39,repeat_delivered,Undelivered,Incorrect address,1,In NDR
FTW-24318,EK987650317,2026-04-18T09:30:00.000Z,Ishaan Gupta,9700000092,customer318@example.com,Near temple main road Bhubaneswar,,751024,Bhubaneswar,Odisha,SANDAL-TAN-7,Tan Platform Sandals,1,1550,Prepaid,Ekart,Instagram,Creator Try-on,Instagram,paid,Creator Try-on,INS-1077,52,first_time,Undelivered,No response on phone,2,In NDR
FTW-24319,XP987650318,2026-04-19T10:30:00.000Z,Sara Ali,9700000093,customer319@example.com,"House 66, Block A, Ahmedabad Residency, Sector 7",Near main market,380015,Ahmedabad,Gujarat,RUN-BLK-9,Black Running Shoes,1,2300,COD,Xpressbees,Meta,Meta Size Sale,Meta,paid,Meta Size Sale,MET-1078,40,first_time,RTO,Door locked,2,RTO
FTW-24320,EK987650319,2026-04-20T11:30:00.000Z,Nisha Nair,9700000094,customer320@example.com,"House 67, Block B, Jaipur Residency, Sector 8",Near main market,302001,Jaipur,Rajasthan,HEEL-GLD-6,Gold Block Heels,2,2050,COD,Ekart,Shopify,Google Shopping,Google,paid,Google Shopping,GOO-1079,39,first_time,Delivered,,0,Delivered
FTW-24321,SH987650320,2026-04-21T12:30:00.000Z,Aarav Sharma,9700000095,customer321@example.com,"House 68, Block C, Pune Residency, Sector 9",,411045,Pune,Maharashtra,SNEAK-WHT-8,White Sneakers,1,2150,COD,Shiprocket,Instagram,Creator Try-on,Instagram,paid,Creator Try-on,INS-1000,55,repeat_delivered,RTO,Cash not ready,2,RTO
FTW-24322,XP987650321,2026-04-22T13:30:00.000Z,Diya Verma,9700000096,customer322@example.com,"House 69, Block D, Kolkata Residency, Sector 10",Near main market,700016,Kolkata,West Bengal,SANDAL-TAN-7,Tan Platform Sandals,1,1400,COD,Xpressbees,Meta,Meta Size Sale,Meta,paid,Meta Size Sale,MET-1001,52,first_time,RTO,Customer requested future delivery,3,RTO
FTW-24323,BL987650322,2026-04-23T14:30:00.000Z,Kabir Khan,9700000097,customer323@example.com,"House 70, Block E, Lucknow Residency, Sector 11",Near main market,226010,Lucknow,Uttar Pradesh,RUN-BLK-9,Black Running Shoes,1,2200,COD,Bluedart,Shopify,Google Shopping,Google,paid,Google Shopping,GOO-1002,44,first_time,Undelivered,Customer not available,1,In NDR
FTW-24324,EK987650323,2026-04-24T15:30:00.000Z,Ananya Iyer,9700000098,customer324@example.com,"House 71, Block F, Indore Residency, Sector 12",Near main market,452010,Indore,Madhya Pradesh,HEEL-GLD-6,Gold Block Heels,1,2050,Prepaid,Ekart,Instagram,Creator Try-on,Instagram,paid,Creator Try-on,INS-1003,58,first_time,RTO,Incorrect address,3,RTO
FTW-24325,DE987650324,2026-04-25T04:30:00.000Z,Riya Patel,9700000099,customer325@example.com,"House 72, Block A, Surat Residency, Sector 1",Near main market,395007,Surat,Gujarat,SNEAK-WHT-8,White Sneakers,1,2000,COD,Delhivery,Meta,Meta Size Sale,Meta,paid,Meta Size Sale,MET-1004,46,repeat_delivered,Undelivered,No response on phone,1,In NDR
FTW-24326,DE987650325,2026-04-26T05:30:00.000Z,Vivaan Rao,9700000100,customer326@example.com,"House 73, Block B, Jaipur Residency, Sector 2",,302001,Jaipur,Rajasthan,SANDAL-TAN-7,Tan Platform Sandals,1,1650,COD,Delhivery,Shopify,Google Shopping,Google,paid,Google Shopping,GOO-1005,47,first_time,Undelivered,Door locked,2,In NDR
FTW-24327,XP987650326,2026-04-27T06:30:00.000Z,Meera Singh,9700000101,customer327@example.com,"House 74, Block C, Mumbai Residency, Sector 3",Near main market,400053,Mumbai,Maharashtra,RUN-BLK-9,Black Running Shoes,1,2350,COD,Xpressbees,Instagram,Creator Try-on,Instagram,paid,Creator Try-on,INS-1006,50,first_time,Undelivered,Customer refused delivery,1,In NDR
FTW-24328,EK987650327,2026-04-28T07:30:00.000Z,Ishaan Gupta,9700000102,customer328@example.com,Near temple main road Ghaziabad,,201001,Ghaziabad,Uttar Pradesh,HEEL-GLD-6,Gold Block Heels,1,1800,COD,Ekart,Meta,Meta Size Sale,Meta,paid,Meta Size Sale,MET-1007,58,first_time,RTO,Cash not ready,3,RTO
FTW-24329,EK987650328,2026-04-29T08:30:00.000Z,Sara Ali,9700000103,customer329@example.com,"House 76, Block E, Bhubaneswar Residency, Sector 5",Near main market,751024,Bhubaneswar,Odisha,SNEAK-WHT-8,White Sneakers,1,2000,COD,Ekart,Shopify,Google Shopping,Google,paid,Google Shopping,GOO-1008,50,repeat_delivered,Delivered,,0,Delivered
FTW-24330,DE987650329,2026-04-30T09:30:00.000Z,Nisha Nair,9700000104,customer330@example.com,"House 77, Block F, Bhubaneswar Residency, Sector 6",Near main market,751024,Bhubaneswar,Odisha,SANDAL-TAN-7,Tan Platform Sandals,1,1400,Prepaid,Delhivery,Instagram,Creator Try-on,Instagram,paid,Creator Try-on,INS-1009,55,first_time,RTO,Customer not available,3,RTO
FTW-24331,EK987650330,2026-04-01T10:30:00.000Z,Aarav Sharma,9700000105,customer331@example.com,"House 78, Block A, Ghaziabad Residency, Sector 7",,201001,Ghaziabad,Uttar Pradesh,RUN-BLK-9,Black Running Shoes,1,2400,COD,Ekart,Meta,Meta Size Sale,Meta,paid,Meta Size Sale,MET-1010,55,first_time,Undelivered,Incorrect address,1,In NDR
FTW-24332,SH987650331,2026-04-02T11:30:00.000Z,Diya Verma,9700000106,customer332@example.com,"House 79, Block B, Delhi Residency, Sector 8",Near main market,110024,Delhi,Delhi,HEEL-GLD-6,Gold Block Heels,1,1900,COD,Shiprocket,Shopify,Google Shopping,Google,paid,Google Shopping,GOO-1011,58,first_time,Delivered,,0,Delivered
FTW-24333,SH987650332,2026-04-03T12:30:00.000Z,Kabir Khan,9700000107,customer333@example.com,"House 80, Block C, Bengaluru Residency, Sector 9",Near main market,560095,Bengaluru,Karnataka,SNEAK-WHT-8,White Sneakers,1,2000,Prepaid,Shadowfax,Instagram,Creator Try-on,Instagram,paid,Creator Try-on,INS-1012,41,repeat_delivered,Delivered,,0,Delivered
FTW-24334,DE987650333,2026-04-04T13:30:00.000Z,Ananya Iyer,9700000108,customer334@example.com,"House 81, Block D, Ahmedabad Residency, Sector 10",Near main market,380015,Ahmedabad,Gujarat,SANDAL-TAN-7,Tan Platform Sandals,1,1600,Prepaid,Delhivery,Meta,Meta Size Sale,Meta,paid,Meta Size Sale,MET-1013,57,first_time,Undelivered,Customer refused delivery,2,In NDR
FTW-24335,SH987650334,2026-04-05T14:30:00.000Z,Riya Patel,9700000109,customer335@example.com,"House 82, Block E, Jaipur Residency, Sector 11",Near main market,302001,Jaipur,Rajasthan,RUN-BLK-9,Black Running Shoes,1,2200,COD,Shadowfax,Shopify,Google Shopping,Google,paid,Google Shopping,GOO-1014,42,first_time,Undelivered,Cash not ready,1,In NDR
FTW-24336,SH987650335,2026-04-06T15:30:00.000Z,Vivaan Rao,9700000110,customer336@example.com,Near temple main road Bhubaneswar,,751024,Bhubaneswar,Odisha,HEEL-GLD-6,Gold Block Heels,1,1850,COD,Shadowfax,Instagram,Creator Try-on,Instagram,paid,Creator Try-on,INS-1015,52,first_time,Undelivered,Customer requested future delivery,2,In NDR
FTW-24337,SH987650336,2026-04-07T04:30:00.000Z,Meera Singh,9700000111,customer337@example.com,Near temple main road Ghaziabad,,201001,Ghaziabad,Uttar Pradesh,SNEAK-WHT-8,White Sneakers,1,2000,COD,Shiprocket,Meta,Meta Size Sale,Meta,paid,Meta Size Sale,MET-1016,44,repeat_delivered,RTO,Customer not available,2,RTO
FTW-24338,BL987650337,2026-04-08T05:30:00.000Z,Ishaan Gupta,9700000112,customer338@example.com,"House 85, Block B, Jaipur Residency, Sector 2",Near main market,302001,Jaipur,Rajasthan,SANDAL-TAN-7,Tan Platform Sandals,1,1600,COD,Bluedart,Shopify,Google Shopping,Google,paid,Google Shopping,GOO-1017,47,first_time,Undelivered,Incorrect address,2,In NDR
FTW-24339,BL987650338,2026-04-09T06:30:00.000Z,Sara Ali,9700000113,customer339@example.com,"House 86, Block C, Bhubaneswar Residency, Sector 3",Near main market,751024,Bhubaneswar,Odisha,RUN-BLK-9,Black Running Shoes,1,2200,Prepaid,Bluedart,Instagram,Creator Try-on,Instagram,paid,Creator Try-on,INS-1018,55,first_time,Delivered,,0,Delivered
FTW-24340,DT987650339,2026-04-10T07:30:00.000Z,Nisha Nair,9700000114,customer340@example.com,"House 87, Block D, Ghaziabad Residency, Sector 4",Near main market,201001,Ghaziabad,Uttar Pradesh,HEEL-GLD-6,Gold Block Heels,1,2000,Prepaid,DTDC,Meta,Meta Size Sale,Meta,paid,Meta Size Sale,MET-1019,54,first_time,RTO,Door locked,3,RTO
FTW-24341,XP987650340,2026-04-11T08:30:00.000Z,Aarav Sharma,9700000115,customer341@example.com,"House 88, Block E, Hyderabad Residency, Sector 5",,500081,Hyderabad,Telangana,SNEAK-WHT-8,White Sneakers,1,2100,Prepaid,Xpressbees,Shopify,Google Shopping,Google,paid,Google Shopping,GOO-1020,58,repeat_delivered,Delivered,,0,Delivered
FTW-24342,DE987650341,2026-04-12T09:30:00.000Z,Diya Verma,9700000116,customer342@example.com,"House 89, Block F, Mumbai Residency, Sector 6",Near main market,400053,Mumbai,Maharashtra,SANDAL-TAN-7,Tan Platform Sandals,1,1400,COD,Delhivery,Instagram,Creator Try-on,Instagram,paid,Creator Try-on,INS-1021,58,first_time,RTO,Cash not ready,3,RTO
FTW-24343,DT987650342,2026-04-13T10:30:00.000Z,Kabir Khan,9700000117,customer343@example.com,"House 90, Block A, Chennai Residency, Sector 7",Near main market,600042,Chennai,Tamil Nadu,RUN-BLK-9,Black Running Shoes,1,2350,COD,DTDC,Meta,Meta Size Sale,Meta,paid,Meta Size Sale,MET-1022,40,first_time,RTO,Customer requested future delivery,2,RTO
FTW-24344,SH987650343,2026-04-14T11:30:00.000Z,Ananya Iyer,9700000118,customer344@example.com,"House 91, Block B, Bhubaneswar Residency, Sector 8",Near main market,751024,Bhubaneswar,Odisha,HEEL-GLD-6,Gold Block Heels,1,2000,Prepaid,Shadowfax,Shopify,Google Shopping,Google,paid,Google Shopping,GOO-1023,58,first_time,Undelivered,Customer not available,2,In NDR
FTW-24345,BL987650344,2026-04-15T12:30:00.000Z,Riya Patel,9700000119,customer345@example.com,"House 92, Block C, Patna Residency, Sector 9",Near main market,800001,Patna,Bihar,SNEAK-WHT-8,White Sneakers,1,1950,Prepaid,Bluedart,Instagram,Creator Try-on,Instagram,paid,Creator Try-on,INS-1024,39,repeat_delivered,Delivered,,0,Delivered
FTW-24346,EK987650345,2026-04-16T13:30:00.000Z,Vivaan Rao,9700000120,customer346@example.com,"House 93, Block D, Ghaziabad Residency, Sector 10",,201001,Ghaziabad,Uttar Pradesh,SANDAL-TAN-7,Tan Platform Sandals,1,1550,Prepaid,Ekart,Meta,Meta Size Sale,Meta,paid,Meta Size Sale,MET-1025,54,first_time,Undelivered,No response on phone,2,In NDR
FTW-24347,BL987650346,2026-04-17T14:30:00.000Z,Meera Singh,9700000121,customer347@example.com,"House 94, Block E, Delhi Residency, Sector 11",Near main market,110024,Delhi,Delhi,RUN-BLK-9,Black Running Shoes,1,2250,Prepaid,Bluedart,Shopify,Google Shopping,Google,paid,Google Shopping,GOO-1026,46,first_time,RTO,Door locked,2,RTO
FTW-24348,DE987650347,2026-04-18T15:30:00.000Z,Ishaan Gupta,9700000122,customer348@example.com,Near temple main road Bhubaneswar,,751024,Bhubaneswar,Odisha,HEEL-GLD-6,Gold Block Heels,1,1750,COD,Delhivery,Instagram,Creator Try-on,Instagram,paid,Creator Try-on,INS-1027,47,first_time,RTO,Customer refused delivery,3,RTO
FTW-24349,BL987650348,2026-04-19T04:30:00.000Z,Sara Ali,9700000123,customer349@example.com,"House 96, Block A, Ahmedabad Residency, Sector 1",Near main market,380015,Ahmedabad,Gujarat,SNEAK-WHT-8,White Sneakers,2,1950,Prepaid,Bluedart,Meta,Meta Size Sale,Meta,paid,Meta Size Sale,MET-1028,47,repeat_delivered,RTO,Cash not ready,2,RTO
FTW-24350,BL987650349,2026-04-20T05:30:00.000Z,Nisha Nair,9700000124,customer350@example.com,"House 97, Block B, Jaipur Residency, Sector 2",Near main market,302001,Jaipur,Rajasthan,SANDAL-TAN-7,Tan Platform Sandals,1,1500,COD,Bluedart,Shopify,Google Shopping,Google,paid,Google Shopping,GOO-1029,56,first_time,Delivered,,0,Delivered
FTW-24351,DT987650350,2026-04-21T06:30:00.000Z,Aarav Sharma,9700000125,customer351@example.com,"House 98, Block C, Pune Residency, Sector 3",,411045,Pune,Maharashtra,RUN-BLK-9,Black Running Shoes,1,2400,Prepaid,DTDC,Instagram,Creator Try-on,Instagram,paid,Creator Try-on,INS-1030,57,first_time,RTO,Customer not available,2,RTO
FTW-24352,BL987650351,2026-04-22T07:30:00.000Z,Diya Verma,9700000126,customer352@example.com,"House 99, Block D, Kolkata Residency, Sector 4",Near main market,700016,Kolkata,West Bengal,HEEL-GLD-6,Gold Block Heels,1,1900,COD,Bluedart,Meta,Meta Size Sale,Meta,paid,Meta Size Sale,MET-1031,46,first_time,Undelivered,Incorrect address,2,In NDR
FTW-24353,BL987650352,2026-04-23T08:30:00.000Z,Kabir Khan,9700000127,customer353@example.com,"House 100, Block E, Lucknow Residency, Sector 5",Near main market,226010,Lucknow,Uttar Pradesh,SNEAK-WHT-8,White Sneakers,1,1850,Prepaid,Bluedart,Shopify,Google Shopping,Google,paid,Google Shopping,GOO-1032,40,repeat_delivered,Delivered,,0,Delivered
FTW-24354,SH987650353,2026-04-24T09:30:00.000Z,Ananya Iyer,9700000128,customer354@example.com,"House 101, Block F, Bhubaneswar Residency, Sector 6",Near main market,751024,Bhubaneswar,Odisha,SANDAL-TAN-7,Tan Platform Sandals,1,1500,COD,Shadowfax,Instagram,Creator Try-on,Instagram,paid,Creator Try-on,INS-1033,49,first_time,Undelivered,Door locked,2,In NDR
FTW-24355,DE987650354,2026-04-25T10:30:00.000Z,Riya Patel,9700000129,customer355@example.com,"House 102, Block A, Surat Residency, Sector 7",Near main market,395007,Surat,Gujarat,RUN-BLK-9,Black Running Shoes,1,2350,COD,Delhivery,Meta,Meta Size Sale,Meta,paid,Meta Size Sale,MET-1034,49,first_time,RTO,Customer refused delivery,2,RTO
FTW-24356,DT987650355,2026-04-26T11:30:00.000Z,Vivaan Rao,9700000130,customer356@example.com,"House 103, Block B, Hyderabad Residency, Sector 8",,500081,Hyderabad,Telangana,HEEL-GLD-6,Gold Block Heels,1,1850,COD,DTDC,Shopify,Google Shopping,Google,paid,Google Shopping,GOO-1035,55,first_time,Undelivered,Cash not ready,2,In NDR
FTW-24357,SH987650356,2026-04-27T12:30:00.000Z,Meera Singh,9700000131,customer357@example.com,"House 104, Block C, Bhubaneswar Residency, Sector 9",Near main market,751024,Bhubaneswar,Odisha,SNEAK-WHT-8,White Sneakers,1,1850,COD,Shiprocket,Instagram,Creator Try-on,Instagram,paid,Creator Try-on,INS-1036,41,repeat_delivered,RTO,Customer requested future delivery,2,RTO
FTW-24358,DE987650357,2026-04-28T13:30:00.000Z,Ishaan Gupta,9700000132,customer358@example.com,"House 105, Block D, Chennai Residency, Sector 10",Near main market,600042,Chennai,Tamil Nadu,SANDAL-TAN-7,Tan Platform Sandals,1,1400,COD,Delhivery,Meta,Meta Size Sale,Meta,paid,Meta Size Sale,MET-1037,53,first_time,Delivered,,0,Delivered
FTW-24359,DT987650358,2026-04-29T14:30:00.000Z,Sara Ali,9700000133,customer359@example.com,Near temple main road Jaipur,,302001,Jaipur,Rajasthan,RUN-BLK-9,Black Running Shoes,1,2350,COD,DTDC,Shopify,Google Shopping,Google,paid,Google Shopping,GOO-1038,54,first_time,RTO,Incorrect address,2,RTO
FTW-24360,DE987650359,2026-04-30T15:30:00.000Z,Nisha Nair,9700000134,customer360@example.com,"House 107, Block F, Bhubaneswar Residency, Sector 12",Near main market,751024,Bhubaneswar,Odisha,HEEL-GLD-6,Gold Block Heels,1,2000,COD,Delhivery,Instagram,Creator Try-on,Instagram,paid,Creator Try-on,INS-1039,58,first_time,Undelivered,No response on phone,2,In NDR
FTW-24361,DT987650360,2026-04-01T04:30:00.000Z,Aarav Sharma,9700000135,customer361@example.com,"House 18, Block A, Ghaziabad Residency, Sector 1",,201001,Ghaziabad,Uttar Pradesh,SNEAK-WHT-8,White Sneakers,1,2050,COD,DTDC,Meta,Meta Size Sale,Meta,paid,Meta Size Sale,MET-1040,43,repeat_delivered,Undelivered,Door locked,1,In NDR
FTW-24362,XP987650361,2026-04-02T05:30:00.000Z,Diya Verma,9700000136,customer362@example.com,"House 19, Block B, Delhi Residency, Sector 2",Near main market,110024,Delhi,Delhi,SANDAL-TAN-7,Tan Platform Sandals,1,1450,COD,Xpressbees,Shopify,Google Shopping,Google,paid,Google Shopping,GOO-1041,43,first_time,RTO,Customer refused delivery,3,RTO
FTW-24363,SH987650362,2026-04-03T06:30:00.000Z,Kabir Khan,9700000137,customer363@example.com,"House 20, Block C, Bengaluru Residency, Sector 3",Near main market,560095,Bengaluru,Karnataka,RUN-BLK-9,Black Running Shoes,1,2300,Prepaid,Shiprocket,Instagram,Creator Try-on,Instagram,paid,Creator Try-on,INS-1042,53,first_time,RTO,Cash not ready,2,RTO
FTW-24364,BL987650363,2026-04-04T07:30:00.000Z,Ananya Iyer,9700000138,customer364@example.com,"House 21, Block D, Ahmedabad Residency, Sector 4",Near main market,380015,Ahmedabad,Gujarat,HEEL-GLD-6,Gold Block Heels,1,1850,COD,Bluedart,Meta,Meta Size Sale,Meta,paid,Meta Size Sale,MET-1043,51,first_time,Undelivered,Customer requested future delivery,2,In NDR
FTW-24365,XP987650364,2026-04-05T08:30:00.000Z,Riya Patel,9700000139,customer365@example.com,"House 22, Block E, Jaipur Residency, Sector 5",Near main market,302001,Jaipur,Rajasthan,SNEAK-WHT-8,White Sneakers,1,2050,COD,Xpressbees,Shopify,Google Shopping,Google,paid,Google Shopping,GOO-1044,41,repeat_delivered,Undelivered,Customer not available,1,In NDR
FTW-24366,XP987650365,2026-04-06T09:30:00.000Z,Vivaan Rao,9700000140,customer366@example.com,"House 23, Block F, Bhubaneswar Residency, Sector 6",,751024,Bhubaneswar,Odisha,SANDAL-TAN-7,Tan Platform Sandals,1,1500,COD,Xpressbees,Instagram,Creator Try-on,Instagram,paid,Creator Try-on,INS-1045,47,first_time,Undelivered,Incorrect address,2,In NDR
FTW-24367,XP987650366,2026-04-07T10:30:00.000Z,Meera Singh,9700000141,customer367@example.com,"House 24, Block A, Ghaziabad Residency, Sector 7",Near main market,201001,Ghaziabad,Uttar Pradesh,RUN-BLK-9,Black Running Shoes,1,2100,COD,Xpressbees,Meta,Meta Size Sale,Meta,paid,Meta Size Sale,MET-1046,49,first_time,RTO,No response on phone,2,RTO
FTW-24368,DT987650367,2026-04-08T11:30:00.000Z,Ishaan Gupta,9700000142,customer368@example.com,"House 25, Block B, Lucknow Residency, Sector 8",Near main market,226010,Lucknow,Uttar Pradesh,HEEL-GLD-6,Gold Block Heels,1,2050,COD,DTDC,Shopify,Google Shopping,Google,paid,Google Shopping,GOO-1047,42,first_time,RTO,Door locked,3,RTO
FTW-24369,BL987650368,2026-04-09T12:30:00.000Z,Sara Ali,9700000143,customer369@example.com,"House 26, Block C, Indore Residency, Sector 9",Near main market,452010,Indore,Madhya Pradesh,SNEAK-WHT-8,White Sneakers,1,2050,COD,Bluedart,Instagram,Creator Try-on,Instagram,paid,Creator Try-on,INS-1048,40,repeat_delivered,RTO,Customer refused delivery,2,RTO
FTW-24370,DT987650369,2026-04-10T13:30:00.000Z,Nisha Nair,9700000144,customer370@example.com,"House 27, Block D, Ghaziabad Residency, Sector 10",Near main market,201001,Ghaziabad,Uttar Pradesh,SANDAL-TAN-7,Tan Platform Sandals,1,1550,COD,DTDC,Meta,Meta Size Sale,Meta,paid,Meta Size Sale,MET-1049,46,first_time,RTO,Cash not ready,3,RTO
FTW-24371,BL987650370,2026-04-11T14:30:00.000Z,Aarav Sharma,9700000145,customer371@example.com,"House 28, Block E, Jaipur Residency, Sector 11",,302001,Jaipur,Rajasthan,RUN-BLK-9,Black Running Shoes,1,2150,COD,Bluedart,Shopify,Google Shopping,Google,paid,Google Shopping,GOO-1050,46,first_time,Delivered,,0,Delivered
FTW-24372,SH987650371,2026-04-12T15:30:00.000Z,Diya Verma,9700000146,customer372@example.com,"House 29, Block F, Mumbai Residency, Sector 12",Near main market,400053,Mumbai,Maharashtra,HEEL-GLD-6,Gold Block Heels,1,2050,COD,Shadowfax,Instagram,Creator Try-on,Instagram,paid,Creator Try-on,INS-1051,54,first_time,Undelivered,Customer not available,2,In NDR
FTW-24373,EK987650372,2026-04-13T04:30:00.000Z,Kabir Khan,9700000147,customer373@example.com,"House 30, Block A, Chennai Residency, Sector 1",Near main market,600042,Chennai,Tamil Nadu,SNEAK-WHT-8,White Sneakers,1,1950,COD,Ekart,Meta,Meta Size Sale,Meta,paid,Meta Size Sale,MET-1052,45,repeat_delivered,RTO,Incorrect address,2,RTO
FTW-24374,BL987650373,2026-04-14T05:30:00.000Z,Ananya Iyer,9700000148,customer374@example.com,"House 31, Block B, Bhubaneswar Residency, Sector 2",Near main market,751024,Bhubaneswar,Odisha,SANDAL-TAN-7,Tan Platform Sandals,1,1400,COD,Bluedart,Shopify,Google Shopping,Google,paid,Google Shopping,GOO-1053,42,first_time,Delivered,,0,Delivered
FTW-24375,EK987650374,2026-04-15T06:30:00.000Z,Riya Patel,9700000149,customer375@example.com,"House 32, Block C, Patna Residency, Sector 3",Near main market,800001,Patna,Bihar,RUN-BLK-9,Black Running Shoes,1,2400,Prepaid,Ekart,Instagram,Creator Try-on,Instagram,paid,Creator Try-on,INS-1054,39,first_time,Delivered,,0,Delivered
FTW-24376,DT987650375,2026-04-16T07:30:00.000Z,Vivaan Rao,9700000150,customer376@example.com,"House 33, Block D, Ghaziabad Residency, Sector 4",,201001,Ghaziabad,Uttar Pradesh,HEEL-GLD-6,Gold Block Heels,1,1800,Prepaid,DTDC,Meta,Meta Size Sale,Meta,paid,Meta Size Sale,MET-1055,39,first_time,Undelivered,Customer refused delivery,2,In NDR
FTW-24377,EK987650376,2026-04-17T08:30:00.000Z,Meera Singh,9700000151,customer377@example.com,"House 34, Block E, Delhi Residency, Sector 5",Near main market,110024,Delhi,Delhi,SNEAK-WHT-8,White Sneakers,1,1850,Prepaid,Ekart,Shopify,Google Shopping,Google,paid,Google Shopping,GOO-1056,55,repeat_delivered,Delivered,,0,Delivered
FTW-24378,XP987650377,2026-04-18T09:30:00.000Z,Ishaan Gupta,9700000152,customer378@example.com,"House 35, Block F, Bengaluru Residency, Sector 6",Near main market,560095,Bengaluru,Karnataka,SANDAL-TAN-7,Tan Platform Sandals,2,1350,COD,Xpressbees,Instagram,Creator Try-on,Instagram,paid,Creator Try-on,INS-1057,42,first_time,Undelivered,Customer requested future delivery,2,In NDR
FTW-24379,SH987650378,2026-04-19T10:30:00.000Z,Sara Ali,9700000153,customer379@example.com,"House 36, Block A, Ahmedabad Residency, Sector 7",Near main market,380015,Ahmedabad,Gujarat,RUN-BLK-9,Black Running Shoes,1,2250,COD,Shadowfax,Meta,Meta Size Sale,Meta,paid,Meta Size Sale,MET-1058,52,first_time,Undelivered,Customer not available,1,In NDR
FTW-24380,SH987650379,2026-04-20T11:30:00.000Z,Nisha Nair,9700000154,customer380@example.com,"House 37, Block B, Jaipur Residency, Sector 8",Near main market,302001,Jaipur,Rajasthan,HEEL-GLD-6,Gold Block Heels,1,1950,COD,Shiprocket,Shopify,Google Shopping,Google,paid,Google Shopping,GOO-1059,54,first_time,RTO,Incorrect address,3,RTO
FTW-24381,DT987650380,2026-04-21T12:30:00.000Z,Aarav Sharma,9700000155,customer381@example.com,"House 38, Block C, Pune Residency, Sector 9",,411045,Pune,Maharashtra,SNEAK-WHT-8,White Sneakers,1,1850,COD,DTDC,Instagram,Creator Try-on,Instagram,paid,Creator Try-on,INS-1060,41,repeat_delivered,Undelivered,No response on phone,1,In NDR
FTW-24382,XP987650381,2026-04-22T13:30:00.000Z,Diya Verma,9700000156,customer382@example.com,"House 39, Block D, Kolkata Residency, Sector 10",Near main market,700016,Kolkata,West Bengal,SANDAL-TAN-7,Tan Platform Sandals,1,1350,Prepaid,Xpressbees,Meta,Meta Size Sale,Meta,paid,Meta Size Sale,MET-1061,47,first_time,Delivered,,0,Delivered
FTW-24383,SH987650382,2026-04-23T14:30:00.000Z,Kabir Khan,9700000157,customer383@example.com,"House 40, Block E, Lucknow Residency, Sector 11",Near main market,226010,Lucknow,Uttar Pradesh,RUN-BLK-9,Black Running Shoes,1,2200,COD,Shadowfax,Shopify,Google Shopping,Google,paid,Google Shopping,GOO-1062,49,first_time,Undelivered,Customer refused delivery,1,In NDR
FTW-24384,BL987650383,2026-04-24T15:30:00.000Z,Ananya Iyer,9700000158,customer384@example.com,"House 41, Block F, Bhubaneswar Residency, Sector 12",Near main market,751024,Bhubaneswar,Odisha,HEEL-GLD-6,Gold Block Heels,1,1950,COD,Bluedart,Instagram,Creator Try-on,Instagram,paid,Creator Try-on,INS-1063,49,first_time,Undelivered,Cash not ready,2,In NDR
FTW-24385,SH987650384,2026-04-25T04:30:00.000Z,Riya Patel,9700000159,customer385@example.com,Near temple main road Ghaziabad,,201001,Ghaziabad,Uttar Pradesh,SNEAK-WHT-8,White Sneakers,1,1900,COD,Shadowfax,Meta,Meta Size Sale,Meta,paid,Meta Size Sale,MET-1064,40,repeat_delivered,RTO,Customer requested future delivery,2,RTO
FTW-24386,XP987650385,2026-04-26T05:30:00.000Z,Vivaan Rao,9700000160,customer386@example.com,"House 43, Block B, Hyderabad Residency, Sector 2",,500081,Hyderabad,Telangana,SANDAL-TAN-7,Tan Platform Sandals,1,1500,COD,Xpressbees,Shopify,Google Shopping,Google,paid,Google Shopping,GOO-1065,52,first_time,Delivered,,0,Delivered
FTW-24387,XP987650386,2026-04-27T06:30:00.000Z,Meera Singh,9700000161,customer387@example.com,"House 44, Block C, Mumbai Residency, Sector 3",Near main market,400053,Mumbai,Maharashtra,RUN-BLK-9,Black Running Shoes,1,2100,COD,Xpressbees,Instagram,Creator Try-on,Instagram,paid,Creator Try-on,INS-1066,56,first_time,Undelivered,Incorrect address,1,In NDR
FTW-24388,SH987650387,2026-04-28T07:30:00.000Z,Ishaan Gupta,9700000162,customer388@example.com,"House 45, Block D, Chennai Residency, Sector 4",Near main market,600042,Chennai,Tamil Nadu,HEEL-GLD-6,Gold Block Heels,1,2000,Prepaid,Shiprocket,Meta,Meta Size Sale,Meta,paid,Meta Size Sale,MET-1067,44,first_time,RTO,No response on phone,3,RTO
FTW-24389,EK987650388,2026-04-29T08:30:00.000Z,Sara Ali,9700000163,customer389@example.com,"House 46, Block E, Bhubaneswar Residency, Sector 5",Near main market,751024,Bhubaneswar,Odisha,SNEAK-WHT-8,White Sneakers,1,2000,COD,Ekart,Shopify,Google Shopping,Google,paid,Google Shopping,GOO-1068,46,repeat_delivered,RTO,Door locked,2,RTO
FTW-24390,DE987650389,2026-04-30T09:30:00.000Z,Nisha Nair,9700000164,customer390@example.com,"House 47, Block F, Patna Residency, Sector 6",Near main market,800001,Patna,Bihar,SANDAL-TAN-7,Tan Platform Sandals,1,1450,COD,Delhivery,Instagram,Creator Try-on,Instagram,paid,Creator Try-on,INS-1069,40,first_time,RTO,Customer refused delivery,3,RTO
FTW-24391,DE987650390,2026-04-01T10:30:00.000Z,Aarav Sharma,9700000165,customer391@example.com,"House 48, Block A, Ghaziabad Residency, Sector 7",,201001,Ghaziabad,Uttar Pradesh,RUN-BLK-9,Black Running Shoes,1,2300,COD,Delhivery,Meta,Meta Size Sale,Meta,paid,Meta Size Sale,MET-1070,52,first_time,Undelivered,Cash not ready,1,In NDR
FTW-24392,BL987650391,2026-04-02T11:30:00.000Z,Diya Verma,9700000166,customer392@example.com,"House 49, Block B, Delhi Residency, Sector 8",Near main market,110024,Delhi,Delhi,HEEL-GLD-6,Gold Block Heels,1,1950,COD,Bluedart,Shopify,Google Shopping,Google,paid,Google Shopping,GOO-1071,57,first_time,RTO,Customer requested future delivery,3,RTO
FTW-24393,SH987650392,2026-04-03T12:30:00.000Z,Kabir Khan,9700000167,customer393@example.com,"House 50, Block C, Bengaluru Residency, Sector 9",Near main market,560095,Bengaluru,Karnataka,SNEAK-WHT-8,White Sneakers,1,1850,COD,Shadowfax,Instagram,Creator Try-on,Instagram,paid,Creator Try-on,INS-1072,54,repeat_delivered,Undelivered,Customer not available,1,In NDR
FTW-24394,SH987650393,2026-04-04T13:30:00.000Z,Ananya Iyer,9700000168,customer394@example.com,"House 51, Block D, Ahmedabad Residency, Sector 10",Near main market,380015,Ahmedabad,Gujarat,SANDAL-TAN-7,Tan Platform Sandals,1,1400,Prepaid,Shadowfax,Meta,Meta Size Sale,Meta,paid,Meta Size Sale,MET-1073,44,first_time,RTO,Incorrect address,3,RTO
FTW-24395,EK987650394,2026-04-05T14:30:00.000Z,Riya Patel,9700000169,customer395@example.com,"House 52, Block E, Jaipur Residency, Sector 11",Near main market,302001,Jaipur,Rajasthan,RUN-BLK-9,Black Running Shoes,1,2350,COD,Ekart,Shopify,Google Shopping,Google,paid,Google Shopping,GOO-1074,46,first_time,RTO,No response on phone,2,RTO
FTW-24396,BL987650395,2026-04-06T15:30:00.000Z,Vivaan Rao,9700000170,customer396@example.com,"House 53, Block F, Bhubaneswar Residency, Sector 12",,751024,Bhubaneswar,Odisha,HEEL-GLD-6,Gold Block Heels,1,1900,COD,Bluedart,Instagram,Creator Try-on,Instagram,paid,Creator Try-on,INS-1075,58,first_time,RTO,Door locked,3,RTO
FTW-24397,XP987650396,2026-04-07T04:30:00.000Z,Meera Singh,9700000171,customer397@example.com,"House 54, Block A, Kolkata Residency, Sector 1",Near main market,700016,Kolkata,West Bengal,SNEAK-WHT-8,White Sneakers,1,1900,Prepaid,Xpressbees,Meta,Meta Size Sale,Meta,paid,Meta Size Sale,MET-1076,56,repeat_delivered,Undelivered,Customer refused delivery,1,In NDR
FTW-24398,XP987650397,2026-04-08T05:30:00.000Z,Ishaan Gupta,9700000172,customer398@example.com,"House 55, Block B, Lucknow Residency, Sector 2",Near main market,226010,Lucknow,Uttar Pradesh,SANDAL-TAN-7,Tan Platform Sandals,1,1400,Prepaid,Xpressbees,Shopify,Google Shopping,Google,paid,Google Shopping,GOO-1077,50,first_time,Delivered,,0,Delivered
FTW-24399,DE987650398,2026-04-09T06:30:00.000Z,Sara Ali,9700000173,customer399@example.com,"House 56, Block C, Indore Residency, Sector 3",Near main market,452010,Indore,Madhya Pradesh,RUN-BLK-9,Black Running Shoes,1,2300,COD,Delhivery,Instagram,Creator Try-on,Instagram,paid,Creator Try-on,INS-1078,39,first_time,Delivered,,0,Delivered
FTW-24400,BL987650399,2026-04-10T07:30:00.000Z,Nisha Nair,9700000174,customer400@example.com,"House 57, Block D, Surat Residency, Sector 4",Near main market,395007,Surat,Gujarat,HEEL-GLD-6,Gold Block Heels,1,1750,COD,Bluedart,Meta,Meta Size Sale,Meta,paid,Meta Size Sale,MET-1079,48,first_time,Undelivered,Customer not available,2,In NDR
FTW-24401,XP987650400,2026-04-11T08:30:00.000Z,Aarav Sharma,9700000175,customer401@example.com,"House 58, Block E, Hyderabad Residency, Sector 5",,500081,Hyderabad,Telangana,SNEAK-WHT-8,White Sneakers,1,1900,COD,Xpressbees,Shopify,Google Shopping,Google,paid,Google Shopping,GOO-1000,41,repeat_delivered,Delivered,,0,Delivered
FTW-24402,DT987650401,2026-04-12T09:30:00.000Z,Diya Verma,9700000176,customer402@example.com,"House 59, Block F, Mumbai Residency, Sector 6",Near main market,400053,Mumbai,Maharashtra,SANDAL-TAN-7,Tan Platform Sandals,1,1650,COD,DTDC,Instagram,Creator Try-on,Instagram,paid,Creator Try-on,INS-1001,47,first_time,Undelivered,No response on phone,2,In NDR
FTW-24403,EK987650402,2026-04-13T10:30:00.000Z,Kabir Khan,9700000177,customer403@example.com,"House 60, Block A, Chennai Residency, Sector 7",Near main market,600042,Chennai,Tamil Nadu,RUN-BLK-9,Black Running Shoes,1,2200,Prepaid,Ekart,Meta,Meta Size Sale,Meta,paid,Meta Size Sale,MET-1002,52,first_time,Delivered,,0,Delivered
FTW-24404,BL987650403,2026-04-14T11:30:00.000Z,Ananya Iyer,9700000178,customer404@example.com,"House 61, Block B, Jaipur Residency, Sector 8",Near main market,302001,Jaipur,Rajasthan,HEEL-GLD-6,Gold Block Heels,1,2050,Prepaid,Bluedart,Shopify,Google Shopping,Google,paid,Google Shopping,GOO-1003,44,first_time,Undelivered,Customer refused delivery,2,In NDR
FTW-24405,XP987650404,2026-04-15T12:30:00.000Z,Riya Patel,9700000179,customer405@example.com,"House 62, Block C, Bhubaneswar Residency, Sector 9",Near main market,751024,Bhubaneswar,Odisha,SNEAK-WHT-8,White Sneakers,1,1900,Prepaid,Xpressbees,Instagram,Creator Try-on,Instagram,paid,Creator Try-on,INS-1004,47,repeat_delivered,RTO,Cash not ready,2,RTO
FTW-24406,SH987650405,2026-04-16T13:30:00.000Z,Vivaan Rao,9700000180,customer406@example.com,"House 63, Block D, Ghaziabad Residency, Sector 10",,201001,Ghaziabad,Uttar Pradesh,SANDAL-TAN-7,Tan Platform Sandals,1,1550,COD,Shiprocket,Meta,Meta Size Sale,Meta,paid,Meta Size Sale,MET-1005,48,first_time,RTO,Customer requested future delivery,3,RTO
FTW-24407,DT987650406,2026-04-17T14:30:00.000Z,Meera Singh,9700000181,customer407@example.com,Near temple main road Jaipur,,302001,Jaipur,Rajasthan,RUN-BLK-9,Black Running Shoes,2,2250,Prepaid,DTDC,Shopify,Google Shopping,Google,paid,Google Shopping,GOO-1006,48,first_time,Undelivered,Customer not available,1,In NDR
FTW-24408,DE987650407,2026-04-18T15:30:00.000Z,Ishaan Gupta,9700000182,customer408@example.com,"House 65, Block F, Bengaluru Residency, Sector 12",Near main market,560095,Bengaluru,Karnataka,HEEL-GLD-6,Gold Block Heels,1,1900,Prepaid,Delhivery,Instagram,Creator Try-on,Instagram,paid,Creator Try-on,INS-1007,42,first_time,Delivered,,0,Delivered
FTW-24409,DE987650408,2026-04-19T04:30:00.000Z,Sara Ali,9700000183,customer409@example.com,"House 66, Block A, Ahmedabad Residency, Sector 1",Near main market,380015,Ahmedabad,Gujarat,SNEAK-WHT-8,White Sneakers,1,2100,Prepaid,Delhivery,Meta,Meta Size Sale,Meta,paid,Meta Size Sale,MET-1008,49,repeat_delivered,Delivered,,0,Delivered
FTW-24410,EK987650409,2026-04-20T05:30:00.000Z,Nisha Nair,9700000184,customer410@example.com,"House 67, Block B, Jaipur Residency, Sector 2",Near main market,302001,Jaipur,Rajasthan,SANDAL-TAN-7,Tan Platform Sandals,1,1450,Prepaid,Ekart,Shopify,Google Shopping,Google,paid,Google Shopping,GOO-1009,46,first_time,RTO,Door locked,3,RTO
FTW-24411,SH987650410,2026-04-21T06:30:00.000Z,Aarav Sharma,9700000185,customer411@example.com,"House 68, Block C, Bhubaneswar Residency, Sector 3",,751024,Bhubaneswar,Odisha,RUN-BLK-9,Black Running Shoes,1,2500,COD,Shadowfax,Instagram,Creator Try-on,Instagram,paid,Creator Try-on,INS-1010,46,first_time,Delivered,,0,Delivered
FTW-24412,SH987650411,2026-04-22T07:30:00.000Z,Diya Verma,9700000186,customer412@example.com,"House 69, Block D, Kolkata Residency, Sector 4",Near main market,700016,Kolkata,West Bengal,HEEL-GLD-6,Gold Block Heels,1,1950,COD,Shadowfax,Meta,Meta Size Sale,Meta,paid,Meta Size Sale,MET-1011,48,first_time,Undelivered,Cash not ready,2,In NDR
FTW-24413,DE987650412,2026-04-23T08:30:00.000Z,Kabir Khan,9700000187,customer413@example.com,"House 70, Block E, Jaipur Residency, Sector 5",Near main market,302001,Jaipur,Rajasthan,SNEAK-WHT-8,White Sneakers,1,2100,Prepaid,Delhivery,Shopify,Google Shopping,Google,paid,Google Shopping,GOO-1012,53,repeat_delivered,Delivered,,0,Delivered
FTW-24414,DT987650413,2026-04-24T09:30:00.000Z,Ananya Iyer,9700000188,customer414@example.com,"House 71, Block F, Indore Residency, Sector 6",Near main market,452010,Indore,Madhya Pradesh,SANDAL-TAN-7,Tan Platform Sandals,1,1400,COD,DTDC,Instagram,Creator Try-on,Instagram,paid,Creator Try-on,INS-1013,48,first_time,Delivered,,0,Delivered
FTW-24415,EK987650414,2026-04-25T10:30:00.000Z,Riya Patel,9700000189,customer415@example.com,"House 72, Block A, Surat Residency, Sector 7",Near main market,395007,Surat,Gujarat,RUN-BLK-9,Black Running Shoes,1,2450,Prepaid,Ekart,Meta,Meta Size Sale,Meta,paid,Meta Size Sale,MET-1014,45,first_time,Delivered,,0,Delivered
FTW-24416,SH987650415,2026-04-26T11:30:00.000Z,Vivaan Rao,9700000190,customer416@example.com,"House 73, Block B, Hyderabad Residency, Sector 8",,500081,Hyderabad,Telangana,HEEL-GLD-6,Gold Block Heels,1,2000,COD,Shiprocket,Shopify,Google Shopping,Google,paid,Google Shopping,GOO-1015,53,first_time,Delivered,,0,Delivered
FTW-24417,DT987650416,2026-04-27T12:30:00.000Z,Meera Singh,9700000191,customer417@example.com,"House 74, Block C, Mumbai Residency, Sector 9",Near main market,400053,Mumbai,Maharashtra,SNEAK-WHT-8,White Sneakers,1,1950,Prepaid,DTDC,Instagram,Creator Try-on,Instagram,paid,Creator Try-on,INS-1016,44,repeat_delivered,RTO,Door locked,2,RTO
FTW-24418,DT987650417,2026-04-28T13:30:00.000Z,Ishaan Gupta,9700000192,customer418@example.com,"House 75, Block D, Chennai Residency, Sector 10",Near main market,600042,Chennai,Tamil Nadu,SANDAL-TAN-7,Tan Platform Sandals,1,1450,COD,DTDC,Meta,Meta Size Sale,Meta,paid,Meta Size Sale,MET-1017,50,first_time,Undelivered,Customer refused delivery,2,In NDR
FTW-24419,DE987650418,2026-04-29T14:30:00.000Z,Sara Ali,9700000193,customer419@example.com,"House 76, Block E, Bhubaneswar Residency, Sector 11",Near main market,751024,Bhubaneswar,Odisha,RUN-BLK-9,Black Running Shoes,1,2450,COD,Delhivery,Shopify,Google Shopping,Google,paid,Google Shopping,GOO-1018,48,first_time,RTO,Cash not ready,2,RTO
FTW-24420,SH987650419,2026-04-30T15:30:00.000Z,Nisha Nair,9700000194,customer420@example.com,"House 77, Block F, Patna Residency, Sector 12",Near main market,800001,Patna,Bihar,HEEL-GLD-6,Gold Block Heels,1,1850,COD,Shadowfax,Instagram,Creator Try-on,Instagram,paid,Creator Try-on,INS-1019,39,first_time,RTO,Customer requested future delivery,3,RTO
FTW-24421,EK987650420,2026-04-01T04:30:00.000Z,Aarav Sharma,9700000195,customer421@example.com,Near temple main road Ghaziabad,,201001,Ghaziabad,Uttar Pradesh,SNEAK-WHT-8,White Sneakers,1,2000,Prepaid,Ekart,Meta,Meta Size Sale,Meta,paid,Meta Size Sale,MET-1020,44,repeat_delivered,RTO,Customer not available,2,RTO
FTW-24422,SH987650421,2026-04-02T05:30:00.000Z,Diya Verma,9700000196,customer422@example.com,"House 79, Block B, Delhi Residency, Sector 2",Near main market,110024,Delhi,Delhi,SANDAL-TAN-7,Tan Platform Sandals,1,1450,Prepaid,Shadowfax,Shopify,Google Shopping,Google,paid,Google Shopping,GOO-1021,52,first_time,Delivered,,0,Delivered
FTW-24423,DT987650422,2026-04-03T06:30:00.000Z,Kabir Khan,9700000197,customer423@example.com,"House 80, Block C, Bengaluru Residency, Sector 3",Near main market,560095,Bengaluru,Karnataka,RUN-BLK-9,Black Running Shoes,1,2450,COD,DTDC,Instagram,Creator Try-on,Instagram,paid,Creator Try-on,INS-1022,51,first_time,Undelivered,No response on phone,1,In NDR
FTW-24424,DT987650423,2026-04-04T07:30:00.000Z,Ananya Iyer,9700000198,customer424@example.com,"House 81, Block D, Ahmedabad Residency, Sector 4",Near main market,380015,Ahmedabad,Gujarat,HEEL-GLD-6,Gold Block Heels,1,2000,COD,DTDC,Meta,Meta Size Sale,Meta,paid,Meta Size Sale,MET-1023,55,first_time,Undelivered,Door locked,2,In NDR
FTW-24425,SH987650424,2026-04-05T08:30:00.000Z,Riya Patel,9700000199,customer425@example.com,"House 82, Block E, Jaipur Residency, Sector 5",Near main market,302001,Jaipur,Rajasthan,SNEAK-WHT-8,White Sneakers,1,1950,Prepaid,Shadowfax,Shopify,Google Shopping,Google,paid,Google Shopping,GOO-1024,50,repeat_delivered,RTO,Customer refused delivery,2,RTO
FTW-24426,SH987650425,2026-04-06T09:30:00.000Z,Vivaan Rao,9700000200,customer426@example.com,"House 83, Block F, Pune Residency, Sector 6",,411045,Pune,Maharashtra,SANDAL-TAN-7,Tan Platform Sandals,1,1450,Prepaid,Shiprocket,Instagram,Creator Try-on,Instagram,paid,Creator Try-on,INS-1025,47,first_time,Delivered,,0,Delivered
FTW-24427,SH987650426,2026-04-07T10:30:00.000Z,Meera Singh,9700000201,customer427@example.com,Near temple main road Ghaziabad,,201001,Ghaziabad,Uttar Pradesh,RUN-BLK-9,Black Running Shoes,1,2250,COD,Shadowfax,Meta,Meta Size Sale,Meta,paid,Meta Size Sale,MET-1026,55,first_time,Undelivered,Customer requested future delivery,1,In NDR
FTW-24428,BL987650427,2026-04-08T11:30:00.000Z,Ishaan Gupta,9700000202,customer428@example.com,"House 85, Block B, Lucknow Residency, Sector 8",Near main market,226010,Lucknow,Uttar Pradesh,HEEL-GLD-6,Gold Block Heels,1,1950,COD,Bluedart,Shopify,Google Shopping,Google,paid,Google Shopping,GOO-1027,45,first_time,RTO,Customer not available,3,RTO
FTW-24429,DT987650428,2026-04-09T12:30:00.000Z,Sara Ali,9700000203,customer429@example.com,"House 86, Block C, Indore Residency, Sector 9",Near main market,452010,Indore,Madhya Pradesh,SNEAK-WHT-8,White Sneakers,1,1900,COD,DTDC,Instagram,Creator Try-on,Instagram,paid,Creator Try-on,INS-1028,57,repeat_delivered,Cancelled,,0,Cancelled before shipping
FTW-24430,DT987650429,2026-04-10T13:30:00.000Z,Nisha Nair,9700000204,customer430@example.com,"House 87, Block D, Surat Residency, Sector 10",Near main market,395007,Surat,Gujarat,SANDAL-TAN-7,Tan Platform Sandals,1,1550,COD,DTDC,Meta,Meta Size Sale,Meta,paid,Meta Size Sale,MET-1029,54,first_time,RTO,No response on phone,3,RTO
FTW-24431,DT987650430,2026-04-11T14:30:00.000Z,Aarav Sharma,9700000205,customer431@example.com,"House 88, Block E, Hyderabad Residency, Sector 11",,500081,Hyderabad,Telangana,RUN-BLK-9,Black Running Shoes,1,2400,COD,DTDC,Shopify,Google Shopping,Google,paid,Google Shopping,GOO-1030,52,first_time,RTO,Door locked,2,RTO
FTW-24432,SH987650431,2026-04-12T15:30:00.000Z,Diya Verma,9700000206,customer432@example.com,"House 89, Block F, Bhubaneswar Residency, Sector 12",Near main market,751024,Bhubaneswar,Odisha,HEEL-GLD-6,Gold Block Heels,1,2000,COD,Shadowfax,Instagram,Creator Try-on,Instagram,paid,Creator Try-on,INS-1031,47,first_time,RTO,Customer refused delivery,3,RTO
FTW-24433,SH987650432,2026-04-13T04:30:00.000Z,Kabir Khan,9700000207,customer433@example.com,"House 90, Block A, Ghaziabad Residency, Sector 1",Near main market,201001,Ghaziabad,Uttar Pradesh,SNEAK-WHT-8,White Sneakers,1,2000,Prepaid,Shiprocket,Meta,Meta Size Sale,Meta,paid,Meta Size Sale,MET-1032,57,repeat_delivered,RTO,Cash not ready,2,RTO
FTW-24434,EK987650433,2026-04-14T05:30:00.000Z,Ananya Iyer,9700000208,customer434@example.com,Near temple main road Jaipur,,302001,Jaipur,Rajasthan,SANDAL-TAN-7,Tan Platform Sandals,1,1450,Prepaid,Ekart,Shopify,Google Shopping,Google,paid,Google Shopping,GOO-1033,57,first_time,Undelivered,Customer requested future delivery,2,In NDR
FTW-24435,SH987650434,2026-04-15T06:30:00.000Z,Riya Patel,9700000209,customer435@example.com,Near temple main road Bhubaneswar,,751024,Bhubaneswar,Odisha,RUN-BLK-9,Black Running Shoes,1,2300,COD,Shadowfax,Instagram,Creator Try-on,Instagram,paid,Creator Try-on,INS-1034,49,first_time,Cancelled,,0,Cancelled before shipping
FTW-24436,XP987650435,2026-04-16T07:30:00.000Z,Vivaan Rao,9700000210,customer436@example.com,"House 93, Block D, Ghaziabad Residency, Sector 4",,201001,Ghaziabad,Uttar Pradesh,HEEL-GLD-6,Gold Block Heels,2,1750,Prepaid,Xpressbees,Meta,Meta Size Sale,Meta,paid,Meta Size Sale,MET-1035,47,first_time,Delivered,,0,Delivered
FTW-24437,DT987650436,2026-04-17T08:30:00.000Z,Meera Singh,9700000211,customer437@example.com,"House 94, Block E, Jaipur Residency, Sector 5",Near main market,302001,Jaipur,Rajasthan,SNEAK-WHT-8,White Sneakers,1,2150,COD,DTDC,Shopify,Google Shopping,Google,paid,Google Shopping,GOO-1036,43,repeat_delivered,Delivered,,0,Delivered
FTW-24438,DE987650437,2026-04-18T09:30:00.000Z,Ishaan Gupta,9700000212,customer438@example.com,"House 95, Block F, Bengaluru Residency, Sector 6",Near main market,560095,Bengaluru,Karnataka,SANDAL-TAN-7,Tan Platform Sandals,1,1400,COD,Delhivery,Instagram,Creator Try-on,Instagram,paid,Creator Try-on,INS-1037,54,first_time,RTO,Door locked,3,RTO
FTW-24439,SH987650438,2026-04-19T10:30:00.000Z,Sara Ali,9700000213,customer439@example.com,"House 96, Block A, Ghaziabad Residency, Sector 7",Near main market,201001,Ghaziabad,Uttar Pradesh,RUN-BLK-9,Black Running Shoes,1,2300,Prepaid,Shadowfax,Meta,Meta Size Sale,Meta,paid,Meta Size Sale,MET-1038,41,first_time,Delivered,,0,Delivered
FTW-24440,SH987650439,2026-04-20T11:30:00.000Z,Nisha Nair,9700000214,customer440@example.com,"House 97, Block B, Jaipur Residency, Sector 8",Near main market,302001,Jaipur,Rajasthan,HEEL-GLD-6,Gold Block Heels,1,2000,COD,Shiprocket,Shopify,Google Shopping,Google,paid,Google Shopping,GOO-1039,58,first_time,Undelivered,Cash not ready,2,In NDR
FTW-24441,DT987650440,2026-04-21T12:30:00.000Z,Aarav Sharma,9700000215,customer441@example.com,"House 98, Block C, Pune Residency, Sector 9",,411045,Pune,Maharashtra,SNEAK-WHT-8,White Sneakers,1,1950,COD,DTDC,Instagram,Creator Try-on,Instagram,paid,Creator Try-on,INS-1040,53,repeat_delivered,Undelivered,Customer requested future delivery,1,In NDR
FTW-24442,EK987650441,2026-04-22T13:30:00.000Z,Diya Verma,9700000216,customer442@example.com,Near temple main road Ghaziabad,,201001,Ghaziabad,Uttar Pradesh,SANDAL-TAN-7,Tan Platform Sandals,1,1400,COD,Ekart,Meta,Meta Size Sale,Meta,paid,Meta Size Sale,MET-1041,52,first_time,Undelivered,Customer not available,2,In NDR
FTW-24443,SH987650442,2026-04-23T14:30:00.000Z,Kabir Khan,9700000217,customer443@example.com,"House 100, Block E, Lucknow Residency, Sector 11",Near main market,226010,Lucknow,Uttar Pradesh,RUN-BLK-9,Black Running Shoes,1,2400,COD,Shadowfax,Shopify,Google Shopping,Google,paid,Google Shopping,GOO-1042,40,first_time,RTO,Incorrect address,2,RTO
FTW-24444,DT987650443,2026-04-24T15:30:00.000Z,Ananya Iyer,9700000218,customer444@example.com,"House 101, Block F, Bhubaneswar Residency, Sector 12",Near main market,751024,Bhubaneswar,Odisha,HEEL-GLD-6,Gold Block Heels,1,1800,COD,DTDC,Instagram,Creator Try-on,Instagram,paid,Creator Try-on,INS-1043,57,first_time,RTO,No response on phone,3,RTO
FTW-24445,SH987650444,2026-04-25T04:30:00.000Z,Riya Patel,9700000219,customer445@example.com,"House 102, Block A, Surat Residency, Sector 1",Near main market,395007,Surat,Gujarat,SNEAK-WHT-8,White Sneakers,1,2100,COD,Shiprocket,Meta,Meta Size Sale,Meta,paid,Meta Size Sale,MET-1044,47,repeat_delivered,Undelivered,Door locked,1,In NDR
FTW-24446,DT987650445,2026-04-26T05:30:00.000Z,Vivaan Rao,9700000220,customer446@example.com,"House 103, Block B, Hyderabad Residency, Sector 2",,500081,Hyderabad,Telangana,SANDAL-TAN-7,Tan Platform Sandals,1,1400,COD,DTDC,Shopify,Google Shopping,Google,paid,Google Shopping,GOO-1045,46,first_time,Delivered,,0,Delivered
FTW-24447,XP987650446,2026-04-27T06:30:00.000Z,Meera Singh,9700000221,customer447@example.com,"House 104, Block C, Mumbai Residency, Sector 3",Near main market,400053,Mumbai,Maharashtra,RUN-BLK-9,Black Running Shoes,1,2350,COD,Xpressbees,Instagram,Creator Try-on,Instagram,paid,Creator Try-on,INS-1046,54,first_time,Delivered,,0,Delivered
FTW-24448,SH987650447,2026-04-28T07:30:00.000Z,Ishaan Gupta,9700000222,customer448@example.com,"House 105, Block D, Chennai Residency, Sector 4",Near main market,600042,Chennai,Tamil Nadu,HEEL-GLD-6,Gold Block Heels,1,2000,COD,Shiprocket,Meta,Meta Size Sale,Meta,paid,Meta Size Sale,MET-1047,56,first_time,RTO,Customer requested future delivery,3,RTO
FTW-24449,EK987650448,2026-04-29T08:30:00.000Z,Sara Ali,9700000223,customer449@example.com,"House 106, Block E, Bhubaneswar Residency, Sector 5",Near main market,751024,Bhubaneswar,Odisha,SNEAK-WHT-8,White Sneakers,1,2150,COD,Ekart,Shopify,Google Shopping,Google,paid,Google Shopping,GOO-1048,50,repeat_delivered,Delivered,,0,Delivered
FTW-24450,DE987650449,2026-04-30T09:30:00.000Z,Nisha Nair,9700000224,customer450@example.com,"House 107, Block F, Patna Residency, Sector 6",Near main market,800001,Patna,Bihar,SANDAL-TAN-7,Tan Platform Sandals,1,1550,COD,Delhivery,Instagram,Creator Try-on,Instagram,paid,Creator Try-on,INS-1049,40,first_time,Undelivered,Incorrect address,2,In NDR
FTW-24451,EK987650450,2026-04-01T10:30:00.000Z,Aarav Sharma,9700000000,customer451@example.com,"House 18, Block A, Ghaziabad Residency, Sector 7",,201001,Ghaziabad,Uttar Pradesh,RUN-BLK-9,Black Running Shoes,1,2500,Prepaid,Ekart,Meta,Meta Size Sale,Meta,paid,Meta Size Sale,MET-1050,42,first_time,Undelivered,No response on phone,1,In NDR
FTW-24452,DT987650451,2026-04-02T11:30:00.000Z,Diya Verma,9700000001,customer452@example.com,"House 19, Block B, Delhi Residency, Sector 8",Near main market,110024,Delhi,Delhi,HEEL-GLD-6,Gold Block Heels,1,1750,Prepaid,DTDC,Shopify,Google Shopping,Google,paid,Google Shopping,GOO-1051,43,first_time,Delivered,,0,Delivered
FTW-24453,BL987650452,2026-04-03T12:30:00.000Z,Kabir Khan,9700000002,customer453@example.com,"House 20, Block C, Bhubaneswar Residency, Sector 9",Near main market,751024,Bhubaneswar,Odisha,SNEAK-WHT-8,White Sneakers,1,2100,Prepaid,Bluedart,Instagram,Creator Try-on,Instagram,paid,Creator Try-on,INS-1052,41,repeat_delivered,Delivered,,0,Delivered
FTW-24454,DT987650453,2026-04-04T13:30:00.000Z,Ananya Iyer,9700000003,customer454@example.com,"House 21, Block D, Ahmedabad Residency, Sector 10",Near main market,380015,Ahmedabad,Gujarat,SANDAL-TAN-7,Tan Platform Sandals,1,1350,COD,DTDC,Meta,Meta Size Sale,Meta,paid,Meta Size Sale,MET-1053,39,first_time,RTO,Cash not ready,3,RTO
FTW-24455,XP987650454,2026-04-05T14:30:00.000Z,Riya Patel,9700000004,customer455@example.com,"House 22, Block E, Jaipur Residency, Sector 11",Near main market,302001,Jaipur,Rajasthan,RUN-BLK-9,Black Running Shoes,1,2200,Prepaid,Xpressbees,Shopify,Google Shopping,Google,paid,Google Shopping,GOO-1054,57,first_time,RTO,Customer requested future delivery,2,RTO
FTW-24456,BL987650455,2026-04-06T15:30:00.000Z,Vivaan Rao,9700000005,customer456@example.com,Near temple main road Bhubaneswar,,751024,Bhubaneswar,Odisha,HEEL-GLD-6,Gold Block Heels,1,1900,COD,Bluedart,Instagram,Creator Try-on,Instagram,paid,Creator Try-on,INS-1055,44,first_time,Undelivered,Customer not available,2,In NDR
FTW-24457,SH987650456,2026-04-07T04:30:00.000Z,Meera Singh,9700000006,customer457@example.com,"House 24, Block A, Kolkata Residency, Sector 1",Near main market,700016,Kolkata,West Bengal,SNEAK-WHT-8,White Sneakers,1,2000,COD,Shiprocket,Meta,Meta Size Sale,Meta,paid,Meta Size Sale,MET-1056,55,repeat_delivered,RTO,Incorrect address,2,RTO
FTW-24458,SH987650457,2026-04-08T05:30:00.000Z,Ishaan Gupta,9700000007,customer458@example.com,"House 25, Block B, Jaipur Residency, Sector 2",Near main market,302001,Jaipur,Rajasthan,SANDAL-TAN-7,Tan Platform Sandals,1,1450,COD,Shiprocket,Shopify,Google Shopping,Google,paid,Google Shopping,GOO-1057,53,first_time,RTO,No response on phone,3,RTO
FTW-24459,SH987650458,2026-04-09T06:30:00.000Z,Sara Ali,9700000008,customer459@example.com,"House 26, Block C, Indore Residency, Sector 3",Near main market,452010,Indore,Madhya Pradesh,RUN-BLK-9,Black Running Shoes,1,2150,Prepaid,Shadowfax,Instagram,Creator Try-on,Instagram,paid,Creator Try-on,INS-1058,54,first_time,Undelivered,Door locked,1,In NDR
FTW-24460,BL987650459,2026-04-10T07:30:00.000Z,Nisha Nair,9700000009,customer460@example.com,"House 27, Block D, Ghaziabad Residency, Sector 4",Near main market,201001,Ghaziabad,Uttar Pradesh,HEEL-GLD-6,Gold Block Heels,1,1800,COD,Bluedart,Meta,Meta Size Sale,Meta,paid,Meta Size Sale,MET-1059,54,first_time,RTO,Customer refused delivery,3,RTO
FTW-24461,SH987650460,2026-04-11T08:30:00.000Z,Aarav Sharma,9700000010,customer461@example.com,"House 28, Block E, Hyderabad Residency, Sector 5",,500081,Hyderabad,Telangana,SNEAK-WHT-8,White Sneakers,1,2000,COD,Shadowfax,Shopify,Google Shopping,Google,paid,Google Shopping,GOO-1060,56,repeat_delivered,Undelivered,Cash not ready,1,In NDR
FTW-24462,XP987650461,2026-04-12T09:30:00.000Z,Diya Verma,9700000011,customer462@example.com,"House 29, Block F, Mumbai Residency, Sector 6",Near main market,400053,Mumbai,Maharashtra,SANDAL-TAN-7,Tan Platform Sandals,1,1450,Prepaid,Xpressbees,Instagram,Creator Try-on,Instagram,paid,Creator Try-on,INS-1061,46,first_time,Delivered,,0,Delivered
FTW-24463,BL987650462,2026-04-13T10:30:00.000Z,Kabir Khan,9700000012,customer463@example.com,"House 30, Block A, Ghaziabad Residency, Sector 7",Near main market,201001,Ghaziabad,Uttar Pradesh,RUN-BLK-9,Black Running Shoes,1,2100,COD,Bluedart,Meta,Meta Size Sale,Meta,paid,Meta Size Sale,MET-1062,52,first_time,RTO,Customer not available,2,RTO
FTW-24464,EK987650463,2026-04-14T11:30:00.000Z,Ananya Iyer,9700000013,customer464@example.com,"House 31, Block B, Jaipur Residency, Sector 8",Near main market,302001,Jaipur,Rajasthan,HEEL-GLD-6,Gold Block Heels,1,1800,COD,Ekart,Shopify,Google Shopping,Google,paid,Google Shopping,GOO-1063,49,first_time,RTO,Incorrect address,3,RTO
FTW-24465,XP987650464,2026-04-15T12:30:00.000Z,Riya Patel,9700000014,customer465@example.com,"House 32, Block C, Patna Residency, Sector 9",Near main market,800001,Patna,Bihar,SNEAK-WHT-8,White Sneakers,2,1950,COD,Xpressbees,Instagram,Creator Try-on,Instagram,paid,Creator Try-on,INS-1064,55,repeat_delivered,Undelivered,No response on phone,1,In NDR
FTW-24466,BL987650465,2026-04-16T13:30:00.000Z,Vivaan Rao,9700000015,customer466@example.com,Near temple main road Ghaziabad,,201001,Ghaziabad,Uttar Pradesh,SANDAL-TAN-7,Tan Platform Sandals,1,1500,Prepaid,Bluedart,Meta,Meta Size Sale,Meta,paid,Meta Size Sale,MET-1065,47,first_time,RTO,Door locked,3,RTO
FTW-24467,SH987650466,2026-04-17T14:30:00.000Z,Meera Singh,9700000016,customer467@example.com,"House 34, Block E, Delhi Residency, Sector 11",Near main market,110024,Delhi,Delhi,RUN-BLK-9,Black Running Shoes,1,2150,COD,Shiprocket,Shopify,Google Shopping,Google,paid,Google Shopping,GOO-1066,57,first_time,Delivered,,0,Delivered
FTW-24468,SH987650467,2026-04-18T15:30:00.000Z,Ishaan Gupta,9700000017,customer468@example.com,"House 35, Block F, Bhubaneswar Residency, Sector 12",Near main market,751024,Bhubaneswar,Odisha,HEEL-GLD-6,Gold Block Heels,1,1950,COD,Shiprocket,Instagram,Creator Try-on,Instagram,paid,Creator Try-on,INS-1067,51,first_time,Undelivered,Cash not ready,2,In NDR
FTW-24469,EK987650468,2026-04-19T04:30:00.000Z,Sara Ali,9700000018,customer469@example.com,"House 36, Block A, Ghaziabad Residency, Sector 1",Near main market,201001,Ghaziabad,Uttar Pradesh,SNEAK-WHT-8,White Sneakers,1,1950,COD,Ekart,Meta,Meta Size Sale,Meta,paid,Meta Size Sale,MET-1068,43,repeat_delivered,RTO,Customer requested future delivery,2,RTO
FTW-24470,SH987650469,2026-04-20T05:30:00.000Z,Nisha Nair,9700000019,customer470@example.com,"House 37, Block B, Jaipur Residency, Sector 2",Near main market,302001,Jaipur,Rajasthan,SANDAL-TAN-7,Tan Platform Sandals,1,1500,COD,Shiprocket,Shopify,Google Shopping,Google,paid,Google Shopping,GOO-1069,51,first_time,RTO,Customer not available,3,RTO
FTW-24471,EK987650470,2026-04-21T06:30:00.000Z,Aarav Sharma,9700000020,customer471@example.com,"House 38, Block C, Bhubaneswar Residency, Sector 3",,751024,Bhubaneswar,Odisha,RUN-BLK-9,Black Running Shoes,1,2200,Prepaid,Ekart,Instagram,Creator Try-on,Instagram,paid,Creator Try-on,INS-1070,45,first_time,Undelivered,Incorrect address,1,In NDR
FTW-24472,DE987650471,2026-04-22T07:30:00.000Z,Diya Verma,9700000021,customer472@example.com,"House 39, Block D, Ghaziabad Residency, Sector 4",Near main market,201001,Ghaziabad,Uttar Pradesh,HEEL-GLD-6,Gold Block Heels,1,1800,Prepaid,Delhivery,Meta,Meta Size Sale,Meta,paid,Meta Size Sale,MET-1071,45,first_time,Undelivered,No response on phone,2,In NDR
FTW-24473,EK987650472,2026-04-23T08:30:00.000Z,Kabir Khan,9700000022,customer473@example.com,"House 40, Block E, Lucknow Residency, Sector 5",Near main market,226010,Lucknow,Uttar Pradesh,SNEAK-WHT-8,White Sneakers,1,1900,Prepaid,Ekart,Shopify,Google Shopping,Google,paid,Google Shopping,GOO-1072,49,repeat_delivered,Delivered,,0,Delivered
FTW-24474,DT987650473,2026-04-24T09:30:00.000Z,Ananya Iyer,9700000023,customer474@example.com,"House 41, Block F, Bhubaneswar Residency, Sector 6",Near main market,751024,Bhubaneswar,Odisha,SANDAL-TAN-7,Tan Platform Sandals,1,1400,COD,DTDC,Instagram,Creator Try-on,Instagram,paid,Creator Try-on,INS-1073,47,first_time,RTO,Customer refused delivery,3,RTO
FTW-24475,SH987650474,2026-04-25T10:30:00.000Z,Riya Patel,9700000024,customer475@example.com,Near temple main road Ghaziabad,,201001,Ghaziabad,Uttar Pradesh,RUN-BLK-9,Black Running Shoes,1,2350,Prepaid,Shadowfax,Meta,Meta Size Sale,Meta,paid,Meta Size Sale,MET-1074,39,first_time,RTO,Cash not ready,2,RTO
FTW-24476,SH987650475,2026-04-26T11:30:00.000Z,Vivaan Rao,9700000025,customer476@example.com,"House 43, Block B, Jaipur Residency, Sector 8",,302001,Jaipur,Rajasthan,HEEL-GLD-6,Gold Block Heels,1,1850,Prepaid,Shadowfax,Shopify,Google Shopping,Google,paid,Google Shopping,GOO-1075,38,first_time,RTO,Customer requested future delivery,3,RTO
FTW-24477,BL987650476,2026-04-27T12:30:00.000Z,Meera Singh,9700000026,customer477@example.com,Near temple main road Bhubaneswar,,751024,Bhubaneswar,Odisha,SNEAK-WHT-8,White Sneakers,1,2050,Prepaid,Bluedart,Instagram,Creator Try-on,Instagram,paid,Creator Try-on,INS-1076,53,repeat_delivered,Undelivered,Customer not available,1,In NDR
FTW-24478,XP987650477,2026-04-28T13:30:00.000Z,Ishaan Gupta,9700000027,customer478@example.com,Near temple main road Ghaziabad,,201001,Ghaziabad,Uttar Pradesh,SANDAL-TAN-7,Tan Platform Sandals,1,1500,Prepaid,Xpressbees,Meta,Meta Size Sale,Meta,paid,Meta Size Sale,MET-1077,48,first_time,Undelivered,Incorrect address,2,In NDR
FTW-24479,BL987650478,2026-04-29T14:30:00.000Z,Sara Ali,9700000028,customer479@example.com,"House 46, Block E, Bhubaneswar Residency, Sector 11",Near main market,751024,Bhubaneswar,Odisha,RUN-BLK-9,Black Running Shoes,1,2400,Prepaid,Bluedart,Shopify,Google Shopping,Google,paid,Google Shopping,GOO-1078,40,first_time,RTO,No response on phone,2,RTO
FTW-24480,EK987650479,2026-04-30T15:30:00.000Z,Nisha Nair,9700000029,customer480@example.com,"House 47, Block F, Bhubaneswar Residency, Sector 12",Near main market,751024,Bhubaneswar,Odisha,HEEL-GLD-6,Gold Block Heels,1,1950,Prepaid,Ekart,Instagram,Creator Try-on,Instagram,paid,Creator Try-on,INS-1079,50,first_time,Undelivered,Door locked,2,In NDR
FTW-24481,SH987650480,2026-04-01T04:30:00.000Z,Aarav Sharma,9700000030,customer481@example.com,"House 48, Block A, Ghaziabad Residency, Sector 1",,201001,Ghaziabad,Uttar Pradesh,SNEAK-WHT-8,White Sneakers,1,1900,Prepaid,Shiprocket,Meta,Meta Size Sale,Meta,paid,Meta Size Sale,MET-1000,50,repeat_delivered,Delivered,,0,Delivered
FTW-24482,BL987650481,2026-04-02T05:30:00.000Z,Diya Verma,9700000031,customer482@example.com,"House 49, Block B, Delhi Residency, Sector 2",Near main market,110024,Delhi,Delhi,SANDAL-TAN-7,Tan Platform Sandals,1,1600,COD,Bluedart,Shopify,Google Shopping,Google,paid,Google Shopping,GOO-1001,47,first_time,RTO,Cash not ready,3,RTO
FTW-24483,SH987650482,2026-04-03T06:30:00.000Z,Kabir Khan,9700000032,customer483@example.com,"House 50, Block C, Bengaluru Residency, Sector 3",Near main market,560095,Bengaluru,Karnataka,RUN-BLK-9,Black Running Shoes,1,2100,COD,Shiprocket,Instagram,Creator Try-on,Instagram,paid,Creator Try-on,INS-1002,40,first_time,RTO,Customer requested future delivery,2,RTO
FTW-24484,SH987650483,2026-04-04T07:30:00.000Z,Ananya Iyer,9700000033,customer484@example.com,"House 51, Block D, Ghaziabad Residency, Sector 4",Near main market,201001,Ghaziabad,Uttar Pradesh,HEEL-GLD-6,Gold Block Heels,1,1750,Prepaid,Shadowfax,Meta,Meta Size Sale,Meta,paid,Meta Size Sale,MET-1003,48,first_time,Undelivered,Customer not available,2,In NDR
FTW-24485,XP987650484,2026-04-05T08:30:00.000Z,Riya Patel,9700000034,customer485@example.com,"House 52, Block E, Jaipur Residency, Sector 5",Near main market,302001,Jaipur,Rajasthan,SNEAK-WHT-8,White Sneakers,1,2100,Prepaid,Xpressbees,Shopify,Google Shopping,Google,paid,Google Shopping,GOO-1004,42,repeat_delivered,Delivered,,0,Delivered
FTW-24486,SH987650485,2026-04-06T09:30:00.000Z,Vivaan Rao,9700000035,customer486@example.com,"House 53, Block F, Pune Residency, Sector 6",,411045,Pune,Maharashtra,SANDAL-TAN-7,Tan Platform Sandals,1,1400,COD,Shiprocket,Instagram,Creator Try-on,Instagram,paid,Creator Try-on,INS-1005,40,first_time,Delivered,,0,Delivered
FTW-24487,BL987650486,2026-04-07T10:30:00.000Z,Meera Singh,9700000036,customer487@example.com,"House 54, Block A, Ghaziabad Residency, Sector 7",Near main market,201001,Ghaziabad,Uttar Pradesh,RUN-BLK-9,Black Running Shoes,1,2100,COD,Bluedart,Meta,Meta Size Sale,Meta,paid,Meta Size Sale,MET-1006,53,first_time,RTO,Door locked,2,RTO
FTW-24488,SH987650487,2026-04-08T11:30:00.000Z,Ishaan Gupta,9700000037,customer488@example.com,"House 55, Block B, Lucknow Residency, Sector 8",Near main market,226010,Lucknow,Uttar Pradesh,HEEL-GLD-6,Gold Block Heels,1,2050,Prepaid,Shadowfax,Shopify,Google Shopping,Google,paid,Google Shopping,GOO-1007,51,first_time,RTO,Customer refused delivery,3,RTO
FTW-24489,XP987650488,2026-04-09T12:30:00.000Z,Sara Ali,9700000038,customer489@example.com,"House 56, Block C, Indore Residency, Sector 9",Near main market,452010,Indore,Madhya Pradesh,SNEAK-WHT-8,White Sneakers,1,2100,Prepaid,Xpressbees,Instagram,Creator Try-on,Instagram,paid,Creator Try-on,INS-1008,50,repeat_delivered,Delivered,,0,Delivered
FTW-24490,SH987650489,2026-04-10T13:30:00.000Z,Nisha Nair,9700000039,customer490@example.com,"House 57, Block D, Surat Residency, Sector 10",Near main market,395007,Surat,Gujarat,SANDAL-TAN-7,Tan Platform Sandals,1,1500,COD,Shiprocket,Meta,Meta Size Sale,Meta,paid,Meta Size Sale,MET-1009,40,first_time,Delivered,,0,Delivered
FTW-24491,SH987650490,2026-04-11T14:30:00.000Z,Aarav Sharma,9700000040,customer491@example.com,Near temple main road Jaipur,,302001,Jaipur,Rajasthan,RUN-BLK-9,Black Running Shoes,1,2300,Prepaid,Shiprocket,Shopify,Google Shopping,Google,paid,Google Shopping,GOO-1010,52,first_time,Delivered,,0,Delivered
FTW-24492,SH987650491,2026-04-12T15:30:00.000Z,Diya Verma,9700000041,customer492@example.com,"House 59, Block F, Bhubaneswar Residency, Sector 12",Near main market,751024,Bhubaneswar,Odisha,HEEL-GLD-6,Gold Block Heels,1,1850,COD,Shiprocket,Instagram,Creator Try-on,Instagram,paid,Creator Try-on,INS-1011,48,first_time,RTO,Incorrect address,3,RTO
FTW-24493,SH987650492,2026-04-13T04:30:00.000Z,Kabir Khan,9700000042,customer493@example.com,"House 60, Block A, Chennai Residency, Sector 1",Near main market,600042,Chennai,Tamil Nadu,SNEAK-WHT-8,White Sneakers,1,2000,COD,Shiprocket,Meta,Meta Size Sale,Meta,paid,Meta Size Sale,MET-1012,54,repeat_delivered,RTO,No response on phone,2,RTO
FTW-24494,DT987650493,2026-04-14T05:30:00.000Z,Ananya Iyer,9700000043,customer494@example.com,Near temple main road Jaipur,,302001,Jaipur,Rajasthan,SANDAL-TAN-7,Tan Platform Sandals,2,1500,COD,DTDC,Shopify,Google Shopping,Google,paid,Google Shopping,GOO-1013,44,first_time,Delivered,,0,Delivered
FTW-24495,BL987650494,2026-04-15T06:30:00.000Z,Riya Patel,9700000044,customer495@example.com,"House 62, Block C, Patna Residency, Sector 3",Near main market,800001,Patna,Bihar,RUN-BLK-9,Black Running Shoes,1,2100,Prepaid,Bluedart,Instagram,Creator Try-on,Instagram,paid,Creator Try-on,INS-1014,46,first_time,RTO,Customer refused delivery,2,RTO
FTW-24496,DT987650495,2026-04-16T07:30:00.000Z,Vivaan Rao,9700000045,customer496@example.com,"House 63, Block D, Ghaziabad Residency, Sector 4",,201001,Ghaziabad,Uttar Pradesh,HEEL-GLD-6,Gold Block Heels,1,1800,Prepaid,DTDC,Meta,Meta Size Sale,Meta,paid,Meta Size Sale,MET-1015,52,first_time,Delivered,,0,Delivered
FTW-24497,EK987650496,2026-04-17T08:30:00.000Z,Meera Singh,9700000046,customer497@example.com,"House 64, Block E, Delhi Residency, Sector 5",Near main market,110024,Delhi,Delhi,SNEAK-WHT-8,White Sneakers,1,2150,COD,Ekart,Shopify,Google Shopping,Google,paid,Google Shopping,GOO-1016,51,repeat_delivered,Delivered,,0,Delivered
FTW-24498,DE987650497,2026-04-18T09:30:00.000Z,Ishaan Gupta,9700000047,customer498@example.com,"House 65, Block F, Bengaluru Residency, Sector 6",Near main market,560095,Bengaluru,Karnataka,SANDAL-TAN-7,Tan Platform Sandals,1,1400,Prepaid,Delhivery,Instagram,Creator Try-on,Instagram,paid,Creator Try-on,INS-1017,39,first_time,RTO,Customer not available,3,RTO
FTW-24499,EK987650498,2026-04-19T10:30:00.000Z,Sara Ali,9700000048,customer499@example.com,Near temple main road Ghaziabad,,201001,Ghaziabad,Uttar Pradesh,RUN-BLK-9,Black Running Shoes,1,2500,Prepaid,Ekart,Meta,Meta Size Sale,Meta,paid,Meta Size Sale,MET-1018,50,first_time,RTO,Incorrect address,2,RTO
FTW-24500,BL987650499,2026-04-20T11:30:00.000Z,Nisha Nair,9700000049,customer500@example.com,"House 67, Block B, Jaipur Residency, Sector 8",Near main market,302001,Jaipur,Rajasthan,HEEL-GLD-6,Gold Block Heels,1,1850,Prepaid,Bluedart,Shopify,Google Shopping,Google,paid,Google Shopping,GOO-1019,44,first_time,Undelivered,No response on phone,2,In NDR
FTW-24501,SH987650500,2026-04-21T12:30:00.000Z,Aarav Sharma,9700000050,customer501@example.com,"House 68, Block C, Pune Residency, Sector 9",,411045,Pune,Maharashtra,SNEAK-WHT-8,White Sneakers,1,2100,Prepaid,Shadowfax,Instagram,Creator Try-on,Instagram,paid,Creator Try-on,INS-1020,53,repeat_delivered,RTO,Door locked,2,RTO
FTW-24502,SH987650501,2026-04-22T13:30:00.000Z,Diya Verma,9700000051,customer502@example.com,"House 69, Block D, Kolkata Residency, Sector 10",Near main market,700016,Kolkata,West Bengal,SANDAL-TAN-7,Tan Platform Sandals,1,1400,COD,Shadowfax,Meta,Meta Size Sale,Meta,paid,Meta Size Sale,MET-1021,49,first_time,RTO,Customer refused delivery,3,RTO
FTW-24503,XP987650502,2026-04-23T14:30:00.000Z,Kabir Khan,9700000052,customer503@example.com,Near temple main road Jaipur,,302001,Jaipur,Rajasthan,RUN-BLK-9,Black Running Shoes,1,2400,COD,Xpressbees,Shopify,Google Shopping,Google,paid,Google Shopping,GOO-1022,47,first_time,RTO,Cash not ready,2,RTO
FTW-24504,BL987650503,2026-04-24T15:30:00.000Z,Ananya Iyer,9700000053,customer504@example.com,Near temple main road Bhubaneswar,,751024,Bhubaneswar,Odisha,HEEL-GLD-6,Gold Block Heels,1,1850,COD,Bluedart,Instagram,Creator Try-on,Instagram,paid,Creator Try-on,INS-1023,39,first_time,Cancelled,,0,Cancelled before shipping
FTW-24505,SH987650504,2026-04-25T04:30:00.000Z,Riya Patel,9700000054,customer505@example.com,"House 72, Block A, Surat Residency, Sector 1",Near main market,395007,Surat,Gujarat,SNEAK-WHT-8,White Sneakers,1,2100,Prepaid,Shadowfax,Meta,Meta Size Sale,Meta,paid,Meta Size Sale,MET-1024,48,repeat_delivered,RTO,Customer not available,2,RTO
FTW-24506,EK987650505,2026-04-26T05:30:00.000Z,Vivaan Rao,9700000055,customer506@example.com,"House 73, Block B, Hyderabad Residency, Sector 2",,500081,Hyderabad,Telangana,SANDAL-TAN-7,Tan Platform Sandals,1,1500,COD,Ekart,Shopify,Google Shopping,Google,paid,Google Shopping,GOO-1025,56,first_time,Delivered,,0,Delivered
FTW-24507,BL987650506,2026-04-27T06:30:00.000Z,Meera Singh,9700000056,customer507@example.com,"House 74, Block C, Mumbai Residency, Sector 3",Near main market,400053,Mumbai,Maharashtra,RUN-BLK-9,Black Running Shoes,1,2400,Prepaid,Bluedart,Instagram,Creator Try-on,Instagram,paid,Creator Try-on,INS-1026,58,first_time,Delivered,,0,Delivered
FTW-24508,SH987650507,2026-04-28T07:30:00.000Z,Ishaan Gupta,9700000057,customer508@example.com,"House 75, Block D, Ghaziabad Residency, Sector 4",Near main market,201001,Ghaziabad,Uttar Pradesh,HEEL-GLD-6,Gold Block Heels,1,1850,COD,Shiprocket,Meta,Meta Size Sale,Meta,paid,Meta Size Sale,MET-1027,53,first_time,RTO,Door locked,3,RTO
FTW-24509,DE987650508,2026-04-29T08:30:00.000Z,Sara Ali,9700000058,customer509@example.com,"House 76, Block E, Jaipur Residency, Sector 5",Near main market,302001,Jaipur,Rajasthan,SNEAK-WHT-8,White Sneakers,1,2050,Prepaid,Delhivery,Shopify,Google Shopping,Google,paid,Google Shopping,GOO-1028,53,repeat_delivered,Delivered,,0,Delivered
FTW-24510,EK987650509,2026-04-30T09:30:00.000Z,Nisha Nair,9700000059,customer510@example.com,Near temple main road Bhubaneswar,,751024,Bhubaneswar,Odisha,SANDAL-TAN-7,Tan Platform Sandals,1,1450,Prepaid,Ekart,Instagram,Creator Try-on,Instagram,paid,Creator Try-on,INS-1029,39,first_time,Undelivered,Cash not ready,2,In NDR
FTW-24511,XP987650510,2026-04-01T10:30:00.000Z,Aarav Sharma,9700000060,customer511@example.com,"House 78, Block A, Ghaziabad Residency, Sector 7",,201001,Ghaziabad,Uttar Pradesh,RUN-BLK-9,Black Running Shoes,1,2400,COD,Xpressbees,Meta,Meta Size Sale,Meta,paid,Meta Size Sale,MET-1030,41,first_time,Undelivered,Customer requested future delivery,1,In NDR
FTW-24512,SH987650511,2026-04-02T11:30:00.000Z,Diya Verma,9700000061,customer512@example.com,"House 79, Block B, Delhi Residency, Sector 8",Near main market,110024,Delhi,Delhi,HEEL-GLD-6,Gold Block Heels,1,2000,COD,Shiprocket,Shopify,Google Shopping,Google,paid,Google Shopping,GOO-1031,53,first_time,Delivered,,0,Delivered
FTW-24513,EK987650512,2026-04-03T12:30:00.000Z,Kabir Khan,9700000062,customer513@example.com,"House 80, Block C, Bengaluru Residency, Sector 9",Near main market,560095,Bengaluru,Karnataka,SNEAK-WHT-8,White Sneakers,1,2000,COD,Ekart,Instagram,Creator Try-on,Instagram,paid,Creator Try-on,INS-1032,47,repeat_delivered,RTO,Incorrect address,2,RTO
FTW-24514,SH987650513,2026-04-04T13:30:00.000Z,Ananya Iyer,9700000063,customer514@example.com,"House 81, Block D, Ghaziabad Residency, Sector 10",Near main market,201001,Ghaziabad,Uttar Pradesh,SANDAL-TAN-7,Tan Platform Sandals,1,1400,COD,Shiprocket,Meta,Meta Size Sale,Meta,paid,Meta Size Sale,MET-1033,41,first_time,RTO,No response on phone,3,RTO
FTW-24515,EK987650514,2026-04-05T14:30:00.000Z,Riya Patel,9700000064,customer515@example.com,"House 82, Block E, Jaipur Residency, Sector 11",Near main market,302001,Jaipur,Rajasthan,RUN-BLK-9,Black Running Shoes,1,2200,Prepaid,Ekart,Shopify,Google Shopping,Google,paid,Google Shopping,GOO-1034,52,first_time,Delivered,,0,Delivered
FTW-24516,SH987650515,2026-04-06T15:30:00.000Z,Vivaan Rao,9700000065,customer516@example.com,Near temple main road Bhubaneswar,,751024,Bhubaneswar,Odisha,HEEL-GLD-6,Gold Block Heels,1,1950,COD,Shiprocket,Instagram,Creator Try-on,Instagram,paid,Creator Try-on,INS-1035,57,first_time,RTO,Customer refused delivery,3,RTO
FTW-24517,SH987650516,2026-04-07T04:30:00.000Z,Meera Singh,9700000066,customer517@example.com,"House 84, Block A, Kolkata Residency, Sector 1",Near main market,700016,Kolkata,West Bengal,SNEAK-WHT-8,White Sneakers,1,2050,Prepaid,Shiprocket,Meta,Meta Size Sale,Meta,paid,Meta Size Sale,MET-1036,53,repeat_delivered,RTO,Cash not ready,2,RTO
FTW-24518,DE987650517,2026-04-08T05:30:00.000Z,Ishaan Gupta,9700000067,customer518@example.com,"House 85, Block B, Lucknow Residency, Sector 2",Near main market,226010,Lucknow,Uttar Pradesh,SANDAL-TAN-7,Tan Platform Sandals,1,1500,Prepaid,Delhivery,Shopify,Google Shopping,Google,paid,Google Shopping,GOO-1037,50,first_time,RTO,Customer requested future delivery,3,RTO
FTW-24519,SH987650518,2026-04-09T06:30:00.000Z,Sara Ali,9700000068,customer519@example.com,"House 86, Block C, Indore Residency, Sector 3",Near main market,452010,Indore,Madhya Pradesh,RUN-BLK-9,Black Running Shoes,1,2100,Prepaid,Shadowfax,Instagram,Creator Try-on,Instagram,paid,Creator Try-on,INS-1038,41,first_time,Delivered,,0,Delivered
FTW-24520,EK987650519,2026-04-10T07:30:00.000Z,Nisha Nair,9700000069,customer520@example.com,"House 87, Block D, Surat Residency, Sector 4",Near main market,395007,Surat,Gujarat,HEEL-GLD-6,Gold Block Heels,1,1850,COD,Ekart,Meta,Meta Size Sale,Meta,paid,Meta Size Sale,MET-1039,46,first_time,RTO,Incorrect address,3,RTO
FTW-24521,SH987650520,2026-04-11T08:30:00.000Z,Aarav Sharma,9700000070,customer521@example.com,"House 88, Block E, Hyderabad Residency, Sector 5",,500081,Hyderabad,Telangana,SNEAK-WHT-8,White Sneakers,1,1850,COD,Shadowfax,Shopify,Google Shopping,Google,paid,Google Shopping,GOO-1040,43,repeat_delivered,RTO,No response on phone,2,RTO
FTW-24522,DE987650521,2026-04-12T09:30:00.000Z,Diya Verma,9700000071,customer522@example.com,"House 89, Block F, Mumbai Residency, Sector 6",Near main market,400053,Mumbai,Maharashtra,SANDAL-TAN-7,Tan Platform Sandals,1,1650,COD,Delhivery,Instagram,Creator Try-on,Instagram,paid,Creator Try-on,INS-1041,50,first_time,Undelivered,Door locked,2,In NDR
FTW-24523,EK987650522,2026-04-13T10:30:00.000Z,Kabir Khan,9700000072,customer523@example.com,"House 90, Block A, Chennai Residency, Sector 7",Near main market,600042,Chennai,Tamil Nadu,RUN-BLK-9,Black Running Shoes,2,2200,Prepaid,Ekart,Meta,Meta Size Sale,Meta,paid,Meta Size Sale,MET-1042,51,first_time,Delivered,,0,Delivered
FTW-24524,DT987650523,2026-04-14T11:30:00.000Z,Ananya Iyer,9700000073,customer524@example.com,"House 91, Block B, Bhubaneswar Residency, Sector 8",Near main market,751024,Bhubaneswar,Odisha,HEEL-GLD-6,Gold Block Heels,1,1900,COD,DTDC,Shopify,Google Shopping,Google,paid,Google Shopping,GOO-1043,51,first_time,Undelivered,Cash not ready,2,In NDR
FTW-24525,SH987650524,2026-04-15T12:30:00.000Z,Riya Patel,9700000074,customer525@example.com,"House 92, Block C, Bhubaneswar Residency, Sector 9",Near main market,751024,Bhubaneswar,Odisha,SNEAK-WHT-8,White Sneakers,1,1900,COD,Shiprocket,Instagram,Creator Try-on,Instagram,paid,Creator Try-on,INS-1044,47,repeat_delivered,Cancelled,,0,Cancelled before shipping
FTW-24526,BL987650525,2026-04-16T13:30:00.000Z,Vivaan Rao,9700000075,customer526@example.com,"House 93, Block D, Ghaziabad Residency, Sector 10",,201001,Ghaziabad,Uttar Pradesh,SANDAL-TAN-7,Tan Platform Sandals,1,1550,Prepaid,Bluedart,Meta,Meta Size Sale,Meta,paid,Meta Size Sale,MET-1045,50,first_time,Delivered,,0,Delivered
FTW-24527,DT987650526,2026-04-17T14:30:00.000Z,Meera Singh,9700000076,customer527@example.com,"House 94, Block E, Delhi Residency, Sector 11",Near main market,110024,Delhi,Delhi,RUN-BLK-9,Black Running Shoes,1,2250,COD,DTDC,Shopify,Google Shopping,Google,paid,Google Shopping,GOO-1046,40,first_time,RTO,Incorrect address,2,RTO
FTW-24528,XP987650527,2026-04-18T15:30:00.000Z,Ishaan Gupta,9700000077,customer528@example.com,"House 95, Block F, Bengaluru Residency, Sector 12",Near main market,560095,Bengaluru,Karnataka,HEEL-GLD-6,Gold Block Heels,1,1950,Prepaid,Xpressbees,Instagram,Creator Try-on,Instagram,paid,Creator Try-on,INS-1047,55,first_time,RTO,No response on phone,3,RTO
FTW-24529,EK987650528,2026-04-19T04:30:00.000Z,Sara Ali,9700000078,customer529@example.com,"House 96, Block A, Ahmedabad Residency, Sector 1",Near main market,380015,Ahmedabad,Gujarat,SNEAK-WHT-8,White Sneakers,1,2000,COD,Ekart,Meta,Meta Size Sale,Meta,paid,Meta Size Sale,MET-1048,52,repeat_delivered,RTO,Door locked,2,RTO
FTW-24530,DT987650529,2026-04-20T05:30:00.000Z,Nisha Nair,9700000079,customer530@example.com,"House 97, Block B, Jaipur Residency, Sector 2",Near main market,302001,Jaipur,Rajasthan,SANDAL-TAN-7,Tan Platform Sandals,1,1400,COD,DTDC,Shopify,Google Shopping,Google,paid,Google Shopping,GOO-1049,39,first_time,Delivered,,0,Delivered
FTW-24531,SH987650530,2026-04-21T06:30:00.000Z,Aarav Sharma,9700000080,customer531@example.com,"House 98, Block C, Pune Residency, Sector 3",,411045,Pune,Maharashtra,RUN-BLK-9,Black Running Shoes,1,2100,COD,Shiprocket,Instagram,Creator Try-on,Instagram,paid,Creator Try-on,INS-1050,44,first_time,Delivered,,0,Delivered
FTW-24532,SH987650531,2026-04-22T07:30:00.000Z,Diya Verma,9700000081,customer532@example.com,"House 99, Block D, Kolkata Residency, Sector 4",Near main market,700016,Kolkata,West Bengal,HEEL-GLD-6,Gold Block Heels,1,2050,Prepaid,Shiprocket,Meta,Meta Size Sale,Meta,paid,Meta Size Sale,MET-1051,46,first_time,RTO,Customer requested future delivery,3,RTO
FTW-24533,DT987650532,2026-04-23T08:30:00.000Z,Kabir Khan,9700000082,customer533@example.com,"House 100, Block E, Lucknow Residency, Sector 5",Near main market,226010,Lucknow,Uttar Pradesh,SNEAK-WHT-8,White Sneakers,1,1850,COD,DTDC,Shopify,Google Shopping,Google,paid,Google Shopping,GOO-1052,52,repeat_delivered,Undelivered,Customer not available,1,In NDR
FTW-24534,DT987650533,2026-04-24T09:30:00.000Z,Ananya Iyer,9700000083,customer534@example.com,"House 101, Block F, Indore Residency, Sector 6",Near main market,452010,Indore,Madhya Pradesh,SANDAL-TAN-7,Tan Platform Sandals,1,1550,Prepaid,DTDC,Instagram,Creator Try-on,Instagram,paid,Creator Try-on,INS-1053,54,first_time,Undelivered,Incorrect address,2,In NDR
FTW-24535,BL987650534,2026-04-25T10:30:00.000Z,Riya Patel,9700000084,customer535@example.com,"House 102, Block A, Ghaziabad Residency, Sector 7",Near main market,201001,Ghaziabad,Uttar Pradesh,RUN-BLK-9,Black Running Shoes,1,2350,Prepaid,Bluedart,Meta,Meta Size Sale,Meta,paid,Meta Size Sale,MET-1054,49,first_time,RTO,No response on phone,2,RTO
FTW-24536,DE987650535,2026-04-26T11:30:00.000Z,Vivaan Rao,9700000085,customer536@example.com,"House 103, Block B, Hyderabad Residency, Sector 8",,500081,Hyderabad,Telangana,HEEL-GLD-6,Gold Block Heels,1,2050,COD,Delhivery,Shopify,Google Shopping,Google,paid,Google Shopping,GOO-1055,52,first_time,Delivered,,0,Delivered
FTW-24537,XP987650536,2026-04-27T12:30:00.000Z,Meera Singh,9700000086,customer537@example.com,"House 104, Block C, Mumbai Residency, Sector 9",Near main market,400053,Mumbai,Maharashtra,SNEAK-WHT-8,White Sneakers,1,1900,COD,Xpressbees,Instagram,Creator Try-on,Instagram,paid,Creator Try-on,INS-1056,47,repeat_delivered,Undelivered,Customer refused delivery,1,In NDR
FTW-24538,DT987650537,2026-04-28T13:30:00.000Z,Ishaan Gupta,9700000087,customer538@example.com,"House 105, Block D, Chennai Residency, Sector 10",Near main market,600042,Chennai,Tamil Nadu,SANDAL-TAN-7,Tan Platform Sandals,1,1450,COD,DTDC,Meta,Meta Size Sale,Meta,paid,Meta Size Sale,MET-1057,46,first_time,Delivered,,0,Delivered
FTW-24539,BL987650538,2026-04-29T14:30:00.000Z,Sara Ali,9700000088,customer539@example.com,"House 106, Block E, Bhubaneswar Residency, Sector 11",Near main market,751024,Bhubaneswar,Odisha,RUN-BLK-9,Black Running Shoes,1,2250,Prepaid,Bluedart,Shopify,Google Shopping,Google,paid,Google Shopping,GOO-1058,43,first_time,Delivered,,0,Delivered
FTW-24540,DT987650539,2026-04-30T15:30:00.000Z,Nisha Nair,9700000089,customer540@example.com,"House 107, Block F, Patna Residency, Sector 12",Near main market,800001,Patna,Bihar,HEEL-GLD-6,Gold Block Heels,1,1850,COD,DTDC,Instagram,Creator Try-on,Instagram,paid,Creator Try-on,INS-1059,56,first_time,Undelivered,Customer not available,2,In NDR
FTW-24541,SH987650540,2026-04-01T04:30:00.000Z,Aarav Sharma,9700000090,customer541@example.com,"House 18, Block A, Ghaziabad Residency, Sector 1",,201001,Ghaziabad,Uttar Pradesh,SNEAK-WHT-8,White Sneakers,1,1950,COD,Shiprocket,Meta,Meta Size Sale,Meta,paid,Meta Size Sale,MET-1060,38,repeat_delivered,RTO,Incorrect address,2,RTO
FTW-24542,SH987650541,2026-04-02T05:30:00.000Z,Diya Verma,9700000091,customer542@example.com,"House 19, Block B, Delhi Residency, Sector 2",Near main market,110024,Delhi,Delhi,SANDAL-TAN-7,Tan Platform Sandals,1,1550,Prepaid,Shadowfax,Shopify,Google Shopping,Google,paid,Google Shopping,GOO-1061,45,first_time,RTO,No response on phone,3,RTO
FTW-24543,DT987650542,2026-04-03T06:30:00.000Z,Kabir Khan,9700000092,customer543@example.com,"House 20, Block C, Bhubaneswar Residency, Sector 3",Near main market,751024,Bhubaneswar,Odisha,RUN-BLK-9,Black Running Shoes,1,2250,Prepaid,DTDC,Instagram,Creator Try-on,Instagram,paid,Creator Try-on,INS-1062,42,first_time,Undelivered,Door locked,1,In NDR
FTW-24544,XP987650543,2026-04-04T07:30:00.000Z,Ananya Iyer,9700000093,customer544@example.com,"House 21, Block D, Ahmedabad Residency, Sector 4",Near main market,380015,Ahmedabad,Gujarat,HEEL-GLD-6,Gold Block Heels,1,1850,COD,Xpressbees,Meta,Meta Size Sale,Meta,paid,Meta Size Sale,MET-1063,47,first_time,RTO,Customer refused delivery,3,RTO
FTW-24545,EK987650544,2026-04-05T08:30:00.000Z,Riya Patel,9700000094,customer545@example.com,"House 22, Block E, Jaipur Residency, Sector 5",Near main market,302001,Jaipur,Rajasthan,SNEAK-WHT-8,White Sneakers,1,2000,COD,Ekart,Shopify,Google Shopping,Google,paid,Google Shopping,GOO-1064,52,repeat_delivered,RTO,Cash not ready,2,RTO
FTW-24546,DE987650545,2026-04-06T09:30:00.000Z,Vivaan Rao,9700000095,customer546@example.com,"House 23, Block F, Pune Residency, Sector 6",,411045,Pune,Maharashtra,SANDAL-TAN-7,Tan Platform Sandals,1,1550,COD,Delhivery,Instagram,Creator Try-on,Instagram,paid,Creator Try-on,INS-1065,58,first_time,RTO,Customer requested future delivery,3,RTO
FTW-24547,DT987650546,2026-04-07T10:30:00.000Z,Meera Singh,9700000096,customer547@example.com,"House 24, Block A, Kolkata Residency, Sector 7",Near main market,700016,Kolkata,West Bengal,RUN-BLK-9,Black Running Shoes,1,2400,Prepaid,DTDC,Meta,Meta Size Sale,Meta,paid,Meta Size Sale,MET-1066,56,first_time,Undelivered,Customer not available,1,In NDR
FTW-24548,BL987650547,2026-04-08T11:30:00.000Z,Ishaan Gupta,9700000097,customer548@example.com,"House 25, Block B, Lucknow Residency, Sector 8",Near main market,226010,Lucknow,Uttar Pradesh,HEEL-GLD-6,Gold Block Heels,1,2000,COD,Bluedart,Shopify,Google Shopping,Google,paid,Google Shopping,GOO-1067,51,first_time,RTO,Incorrect address,3,RTO
FTW-24549,DE987650548,2026-04-09T12:30:00.000Z,Sara Ali,9700000098,customer549@example.com,"House 26, Block C, Indore Residency, Sector 9",Near main market,452010,Indore,Madhya Pradesh,SNEAK-WHT-8,White Sneakers,1,1900,COD,Delhivery,Instagram,Creator Try-on,Instagram,paid,Creator Try-on,INS-1068,49,repeat_delivered,RTO,No response on phone,2,RTO
FTW-24550,EK987650549,2026-04-10T13:30:00.000Z,Nisha Nair,9700000099,customer550@example.com,"House 27, Block D, Surat Residency, Sector 10",Near main market,395007,Surat,Gujarat,SANDAL-TAN-7,Tan Platform Sandals,1,1450,COD,Ekart,Meta,Meta Size Sale,Meta,paid,Meta Size Sale,MET-1069,51,first_time,Undelivered,Door locked,2,In NDR
FTW-24551,DE987650550,2026-04-11T14:30:00.000Z,Aarav Sharma,9700000100,customer551@example.com,"House 28, Block E, Hyderabad Residency, Sector 11",,500081,Hyderabad,Telangana,RUN-BLK-9,Black Running Shoes,1,2350,Prepaid,Delhivery,Shopify,Google Shopping,Google,paid,Google Shopping,GOO-1070,55,first_time,Undelivered,Customer refused delivery,1,In NDR
FTW-24552,SH987650551,2026-04-12T15:30:00.000Z,Diya Verma,9700000101,customer552@example.com,Near temple main road Bhubaneswar,,751024,Bhubaneswar,Odisha,HEEL-GLD-6,Gold Block Heels,2,2050,Prepaid,Shiprocket,Instagram,Creator Try-on,Instagram,paid,Creator Try-on,INS-1071,53,first_time,RTO,Cash not ready,3,RTO
FTW-24553,DT987650552,2026-04-13T04:30:00.000Z,Kabir Khan,9700000102,customer553@example.com,"House 30, Block A, Chennai Residency, Sector 1",Near main market,600042,Chennai,Tamil Nadu,SNEAK-WHT-8,White Sneakers,1,1800,COD,DTDC,Meta,Meta Size Sale,Meta,paid,Meta Size Sale,MET-1072,51,repeat_delivered,RTO,Customer requested future delivery,2,RTO
FTW-24554,DE987650553,2026-04-14T05:30:00.000Z,Ananya Iyer,9700000103,customer554@example.com,"House 31, Block B, Bhubaneswar Residency, Sector 2",Near main market,751024,Bhubaneswar,Odisha,SANDAL-TAN-7,Tan Platform Sandals,1,1450,Prepaid,Delhivery,Shopify,Google Shopping,Google,paid,Google Shopping,GOO-1073,57,first_time,Delivered,,0,Delivered
FTW-24555,DE987650554,2026-04-15T06:30:00.000Z,Riya Patel,9700000104,customer555@example.com,"House 32, Block C, Patna Residency, Sector 3",Near main market,800001,Patna,Bihar,RUN-BLK-9,Black Running Shoes,1,2250,COD,Delhivery,Instagram,Creator Try-on,Instagram,paid,Creator Try-on,INS-1074,43,first_time,Delivered,,0,Delivered
FTW-24556,SH987650555,2026-04-16T07:30:00.000Z,Vivaan Rao,9700000105,customer556@example.com,Near temple main road Ghaziabad,,201001,Ghaziabad,Uttar Pradesh,HEEL-GLD-6,Gold Block Heels,1,1750,COD,Shadowfax,Meta,Meta Size Sale,Meta,paid,Meta Size Sale,MET-1075,45,first_time,RTO,No response on phone,3,RTO
FTW-24557,DT987650556,2026-04-17T08:30:00.000Z,Meera Singh,9700000106,customer557@example.com,"House 34, Block E, Delhi Residency, Sector 5",Near main market,110024,Delhi,Delhi,SNEAK-WHT-8,White Sneakers,1,1800,COD,DTDC,Shopify,Google Shopping,Google,paid,Google Shopping,GOO-1076,56,repeat_delivered,Delivered,,0,Delivered
FTW-24558,SH987650557,2026-04-18T09:30:00.000Z,Ishaan Gupta,9700000107,customer558@example.com,Near temple main road Bhubaneswar,,751024,Bhubaneswar,Odisha,SANDAL-TAN-7,Tan Platform Sandals,1,1400,COD,Shadowfax,Instagram,Creator Try-on,Instagram,paid,Creator Try-on,INS-1077,49,first_time,RTO,Customer refused delivery,3,RTO
FTW-24559,SH987650558,2026-04-19T10:30:00.000Z,Sara Ali,9700000108,customer559@example.com,"House 36, Block A, Ahmedabad Residency, Sector 7",Near main market,380015,Ahmedabad,Gujarat,RUN-BLK-9,Black Running Shoes,1,2500,Prepaid,Shadowfax,Meta,Meta Size Sale,Meta,paid,Meta Size Sale,MET-1078,53,first_time,Delivered,,0,Delivered
FTW-24560,SH987650559,2026-04-20T11:30:00.000Z,Nisha Nair,9700000109,customer560@example.com,"House 37, Block B, Jaipur Residency, Sector 8",Near main market,302001,Jaipur,Rajasthan,HEEL-GLD-6,Gold Block Heels,1,1850,Prepaid,Shadowfax,Shopify,Google Shopping,Google,paid,Google Shopping,GOO-1079,46,first_time,Delivered,,0,Delivered
FTW-24561,EK987650560,2026-04-21T12:30:00.000Z,Aarav Sharma,9700000110,customer561@example.com,"House 38, Block C, Pune Residency, Sector 9",,411045,Pune,Maharashtra,SNEAK-WHT-8,White Sneakers,1,2050,COD,Ekart,Instagram,Creator Try-on,Instagram,paid,Creator Try-on,INS-1000,40,repeat_delivered,Delivered,,0,Delivered
FTW-24562,EK987650561,2026-04-22T13:30:00.000Z,Diya Verma,9700000111,customer562@example.com,"House 39, Block D, Kolkata Residency, Sector 10",Near main market,700016,Kolkata,West Bengal,SANDAL-TAN-7,Tan Platform Sandals,1,1400,COD,Ekart,Meta,Meta Size Sale,Meta,paid,Meta Size Sale,MET-1001,47,first_time,Undelivered,Incorrect address,2,In NDR
FTW-24563,SH987650562,2026-04-23T14:30:00.000Z,Kabir Khan,9700000112,customer563@example.com,"House 40, Block E, Lucknow Residency, Sector 11",Near main market,226010,Lucknow,Uttar Pradesh,RUN-BLK-9,Black Running Shoes,1,2350,COD,Shadowfax,Shopify,Google Shopping,Google,paid,Google Shopping,GOO-1002,48,first_time,RTO,No response on phone,2,RTO
FTW-24564,SH987650563,2026-04-24T15:30:00.000Z,Ananya Iyer,9700000113,customer564@example.com,"House 41, Block F, Indore Residency, Sector 12",Near main market,452010,Indore,Madhya Pradesh,HEEL-GLD-6,Gold Block Heels,1,1850,COD,Shadowfax,Instagram,Creator Try-on,Instagram,paid,Creator Try-on,INS-1003,46,first_time,Undelivered,Door locked,2,In NDR
FTW-24565,DT987650564,2026-04-25T04:30:00.000Z,Riya Patel,9700000114,customer565@example.com,"House 42, Block A, Surat Residency, Sector 1",Near main market,395007,Surat,Gujarat,SNEAK-WHT-8,White Sneakers,1,2150,COD,DTDC,Meta,Meta Size Sale,Meta,paid,Meta Size Sale,MET-1004,39,repeat_delivered,Undelivered,Customer refused delivery,1,In NDR
FTW-24566,BL987650565,2026-04-26T05:30:00.000Z,Vivaan Rao,9700000115,customer566@example.com,"House 43, Block B, Hyderabad Residency, Sector 2",,500081,Hyderabad,Telangana,SANDAL-TAN-7,Tan Platform Sandals,1,1350,COD,Bluedart,Shopify,Google Shopping,Google,paid,Google Shopping,GOO-1005,49,first_time,Delivered,,0,Delivered
FTW-24567,SH987650566,2026-04-27T06:30:00.000Z,Meera Singh,9700000116,customer567@example.com,Near temple main road Bhubaneswar,,751024,Bhubaneswar,Odisha,RUN-BLK-9,Black Running Shoes,1,2300,COD,Shiprocket,Instagram,Creator Try-on,Instagram,paid,Creator Try-on,INS-1006,38,first_time,RTO,Customer requested future delivery,2,RTO
FTW-24568,EK987650567,2026-04-28T07:30:00.000Z,Ishaan Gupta,9700000117,customer568@example.com,"House 45, Block D, Chennai Residency, Sector 4",Near main market,600042,Chennai,Tamil Nadu,HEEL-GLD-6,Gold Block Heels,1,2050,COD,Ekart,Meta,Meta Size Sale,Meta,paid,Meta Size Sale,MET-1007,53,first_time,Undelivered,Customer not available,2,In NDR
FTW-24569,SH987650568,2026-04-29T08:30:00.000Z,Sara Ali,9700000118,customer569@example.com,"House 46, Block E, Bhubaneswar Residency, Sector 5",Near main market,751024,Bhubaneswar,Odisha,SNEAK-WHT-8,White Sneakers,1,2050,Prepaid,Shiprocket,Shopify,Google Shopping,Google,paid,Google Shopping,GOO-1008,58,repeat_delivered,Delivered,,0,Delivered
FTW-24570,SH987650569,2026-04-30T09:30:00.000Z,Nisha Nair,9700000119,customer570@example.com,"House 47, Block F, Patna Residency, Sector 6",Near main market,800001,Patna,Bihar,SANDAL-TAN-7,Tan Platform Sandals,1,1400,COD,Shiprocket,Instagram,Creator Try-on,Instagram,paid,Creator Try-on,INS-1009,49,first_time,Undelivered,No response on phone,2,In NDR
FTW-24571,BL987650570,2026-04-01T10:30:00.000Z,Aarav Sharma,9700000120,customer571@example.com,"House 48, Block A, Ghaziabad Residency, Sector 7",,201001,Ghaziabad,Uttar Pradesh,RUN-BLK-9,Black Running Shoes,1,2100,COD,Bluedart,Meta,Meta Size Sale,Meta,paid,Meta Size Sale,MET-1010,42,first_time,RTO,Door locked,2,RTO
FTW-24572,EK987650571,2026-04-02T11:30:00.000Z,Diya Verma,9700000121,customer572@example.com,"House 49, Block B, Delhi Residency, Sector 8",Near main market,110024,Delhi,Delhi,HEEL-GLD-6,Gold Block Heels,1,1950,Prepaid,Ekart,Shopify,Google Shopping,Google,paid,Google Shopping,GOO-1011,51,first_time,Delivered,,0,Delivered
FTW-24573,SH987650572,2026-04-03T12:30:00.000Z,Kabir Khan,9700000122,customer573@example.com,"House 50, Block C, Bengaluru Residency, Sector 9",Near main market,560095,Bengaluru,Karnataka,SNEAK-WHT-8,White Sneakers,1,2200,COD,Shadowfax,Instagram,Creator Try-on,Instagram,paid,Creator Try-on,INS-1012,44,repeat_delivered,RTO,Cash not ready,2,RTO
FTW-24574,SH987650573,2026-04-04T13:30:00.000Z,Ananya Iyer,9700000123,customer574@example.com,"House 51, Block D, Ahmedabad Residency, Sector 10",Near main market,380015,Ahmedabad,Gujarat,SANDAL-TAN-7,Tan Platform Sandals,1,1350,COD,Shiprocket,Meta,Meta Size Sale,Meta,paid,Meta Size Sale,MET-1013,47,first_time,Undelivered,Customer requested future delivery,2,In NDR
FTW-24575,SH987650574,2026-04-05T14:30:00.000Z,Riya Patel,9700000124,customer575@example.com,"House 52, Block E, Jaipur Residency, Sector 11",Near main market,302001,Jaipur,Rajasthan,RUN-BLK-9,Black Running Shoes,1,2200,COD,Shiprocket,Shopify,Google Shopping,Google,paid,Google Shopping,GOO-1014,43,first_time,RTO,Customer not available,2,RTO
FTW-24576,SH987650575,2026-04-06T15:30:00.000Z,Vivaan Rao,9700000125,customer576@example.com,"House 53, Block F, Bhubaneswar Residency, Sector 12",,751024,Bhubaneswar,Odisha,HEEL-GLD-6,Gold Block Heels,1,1850,COD,Shadowfax,Instagram,Creator Try-on,Instagram,paid,Creator Try-on,INS-1015,46,first_time,Undelivered,Incorrect address,2,In NDR
FTW-24577,EK987650576,2026-04-07T04:30:00.000Z,Meera Singh,9700000126,customer577@example.com,Near temple main road Ghaziabad,,201001,Ghaziabad,Uttar Pradesh,SNEAK-WHT-8,White Sneakers,1,1850,Prepaid,Ekart,Meta,Meta Size Sale,Meta,paid,Meta Size Sale,MET-1016,44,repeat_delivered,RTO,No response on phone,2,RTO
FTW-24578,BL987650577,2026-04-08T05:30:00.000Z,Ishaan Gupta,9700000127,customer578@example.com,"House 55, Block B, Jaipur Residency, Sector 2",Near main market,302001,Jaipur,Rajasthan,SANDAL-TAN-7,Tan Platform Sandals,1,1550,COD,Bluedart,Shopify,Google Shopping,Google,paid,Google Shopping,GOO-1017,51,first_time,Undelivered,Door locked,2,In NDR
FTW-24579,BL987650578,2026-04-09T06:30:00.000Z,Sara Ali,9700000128,customer579@example.com,"House 56, Block C, Indore Residency, Sector 3",Near main market,452010,Indore,Madhya Pradesh,RUN-BLK-9,Black Running Shoes,1,2500,COD,Bluedart,Instagram,Creator Try-on,Instagram,paid,Creator Try-on,INS-1018,42,first_time,Delivered,,0,Delivered
FTW-24580,BL987650579,2026-04-10T07:30:00.000Z,Nisha Nair,9700000129,customer580@example.com,"House 57, Block D, Surat Residency, Sector 4",Near main market,395007,Surat,Gujarat,HEEL-GLD-6,Gold Block Heels,1,1850,COD,Bluedart,Meta,Meta Size Sale,Meta,paid,Meta Size Sale,MET-1019,47,first_time,RTO,Cash not ready,3,RTO
FTW-24581,DT987650580,2026-04-11T08:30:00.000Z,Aarav Sharma,9700000130,customer581@example.com,"House 58, Block E, Hyderabad Residency, Sector 5",,500081,Hyderabad,Telangana,SNEAK-WHT-8,White Sneakers,2,2050,COD,DTDC,Shopify,Google Shopping,Google,paid,Google Shopping,GOO-1020,54,repeat_delivered,RTO,Customer requested future delivery,2,RTO
FTW-24582,SH987650581,2026-04-12T09:30:00.000Z,Diya Verma,9700000131,customer582@example.com,"House 59, Block F, Mumbai Residency, Sector 6",Near main market,400053,Mumbai,Maharashtra,SANDAL-TAN-7,Tan Platform Sandals,1,1400,Prepaid,Shadowfax,Instagram,Creator Try-on,Instagram,paid,Creator Try-on,INS-1021,44,first_time,RTO,Customer not available,3,RTO
FTW-24583,SH987650582,2026-04-13T10:30:00.000Z,Kabir Khan,9700000132,customer583@example.com,"House 60, Block A, Chennai Residency, Sector 7",Near main market,600042,Chennai,Tamil Nadu,RUN-BLK-9,Black Running Shoes,1,2150,Prepaid,Shadowfax,Meta,Meta Size Sale,Meta,paid,Meta Size Sale,MET-1022,42,first_time,Undelivered,Incorrect address,1,In NDR
FTW-24584,BL987650583,2026-04-14T11:30:00.000Z,Ananya Iyer,9700000133,customer584@example.com,"House 61, Block B, Bhubaneswar Residency, Sector 8",Near main market,751024,Bhubaneswar,Odisha,HEEL-GLD-6,Gold Block Heels,1,1900,COD,Bluedart,Shopify,Google Shopping,Google,paid,Google Shopping,GOO-1023,49,first_time,RTO,No response on phone,3,RTO
FTW-24585,BL987650584,2026-04-15T12:30:00.000Z,Riya Patel,9700000134,customer585@example.com,"House 62, Block C, Patna Residency, Sector 9",Near main market,800001,Patna,Bihar,SNEAK-WHT-8,White Sneakers,1,1850,COD,Bluedart,Instagram,Creator Try-on,Instagram,paid,Creator Try-on,INS-1024,54,repeat_delivered,Undelivered,Door locked,1,In NDR
FTW-24586,DE987650585,2026-04-16T13:30:00.000Z,Vivaan Rao,9700000135,customer586@example.com,"House 63, Block D, Ghaziabad Residency, Sector 10",,201001,Ghaziabad,Uttar Pradesh,SANDAL-TAN-7,Tan Platform Sandals,1,1600,COD,Delhivery,Meta,Meta Size Sale,Meta,paid,Meta Size Sale,MET-1025,49,first_time,RTO,Customer refused delivery,3,RTO
FTW-24587,DT987650586,2026-04-17T14:30:00.000Z,Meera Singh,9700000136,customer587@example.com,"House 64, Block E, Delhi Residency, Sector 11",Near main market,110024,Delhi,Delhi,RUN-BLK-9,Black Running Shoes,1,2250,COD,DTDC,Shopify,Google Shopping,Google,paid,Google Shopping,GOO-1026,50,first_time,RTO,Cash not ready,2,RTO
FTW-24588,DE987650587,2026-04-18T15:30:00.000Z,Ishaan Gupta,9700000137,customer588@example.com,"House 65, Block F, Bengaluru Residency, Sector 12",Near main market,560095,Bengaluru,Karnataka,HEEL-GLD-6,Gold Block Heels,1,1950,COD,Delhivery,Instagram,Creator Try-on,Instagram,paid,Creator Try-on,INS-1027,42,first_time,RTO,Customer requested future delivery,3,RTO
FTW-24589,XP987650588,2026-04-19T04:30:00.000Z,Sara Ali,9700000138,customer589@example.com,"House 66, Block A, Ahmedabad Residency, Sector 1",Near main market,380015,Ahmedabad,Gujarat,SNEAK-WHT-8,White Sneakers,1,1900,COD,Xpressbees,Meta,Meta Size Sale,Meta,paid,Meta Size Sale,MET-1028,47,repeat_delivered,Undelivered,Customer not available,1,In NDR
FTW-24590,EK987650589,2026-04-20T05:30:00.000Z,Nisha Nair,9700000139,customer590@example.com,"House 67, Block B, Jaipur Residency, Sector 2",Near main market,302001,Jaipur,Rajasthan,SANDAL-TAN-7,Tan Platform Sandals,1,1550,COD,Ekart,Shopify,Google Shopping,Google,paid,Google Shopping,GOO-1029,40,first_time,Delivered,,0,Delivered
FTW-24591,DE987650590,2026-04-21T06:30:00.000Z,Aarav Sharma,9700000140,customer591@example.com,"House 68, Block C, Bhubaneswar Residency, Sector 3",,751024,Bhubaneswar,Odisha,RUN-BLK-9,Black Running Shoes,1,2300,COD,Delhivery,Instagram,Creator Try-on,Instagram,paid,Creator Try-on,INS-1030,46,first_time,RTO,No response on phone,2,RTO
FTW-24592,EK987650591,2026-04-22T07:30:00.000Z,Diya Verma,9700000141,customer592@example.com,"House 69, Block D, Kolkata Residency, Sector 4",Near main market,700016,Kolkata,West Bengal,HEEL-GLD-6,Gold Block Heels,1,1800,COD,Ekart,Meta,Meta Size Sale,Meta,paid,Meta Size Sale,MET-1031,52,first_time,RTO,Door locked,3,RTO
FTW-24593,XP987650592,2026-04-23T08:30:00.000Z,Kabir Khan,9700000142,customer593@example.com,"House 70, Block E, Lucknow Residency, Sector 5",Near main market,226010,Lucknow,Uttar Pradesh,SNEAK-WHT-8,White Sneakers,1,2100,COD,Xpressbees,Shopify,Google Shopping,Google,paid,Google Shopping,GOO-1032,43,repeat_delivered,Delivered,,0,Delivered
FTW-24594,EK987650593,2026-04-24T09:30:00.000Z,Ananya Iyer,9700000143,customer594@example.com,"House 71, Block F, Indore Residency, Sector 6",Near main market,452010,Indore,Madhya Pradesh,SANDAL-TAN-7,Tan Platform Sandals,1,1450,COD,Ekart,Instagram,Creator Try-on,Instagram,paid,Creator Try-on,INS-1033,55,first_time,Undelivered,Cash not ready,2,In NDR
FTW-24595,XP987650594,2026-04-25T10:30:00.000Z,Riya Patel,9700000144,customer595@example.com,"House 72, Block A, Surat Residency, Sector 7",Near main market,395007,Surat,Gujarat,RUN-BLK-9,Black Running Shoes,1,2400,COD,Xpressbees,Meta,Meta Size Sale,Meta,paid,Meta Size Sale,MET-1034,45,first_time,Undelivered,Customer requested future delivery,1,In NDR
FTW-24596,DE987650595,2026-04-26T11:30:00.000Z,Vivaan Rao,9700000145,customer596@example.com,"House 73, Block B, Hyderabad Residency, Sector 8",,500081,Hyderabad,Telangana,HEEL-GLD-6,Gold Block Heels,1,1800,Prepaid,Delhivery,Shopify,Google Shopping,Google,paid,Google Shopping,GOO-1035,46,first_time,RTO,Customer not available,3,RTO
FTW-24597,DT987650596,2026-04-27T12:30:00.000Z,Meera Singh,9700000146,customer597@example.com,"House 74, Block C, Mumbai Residency, Sector 9",Near main market,400053,Mumbai,Maharashtra,SNEAK-WHT-8,White Sneakers,1,2050,COD,DTDC,Instagram,Creator Try-on,Instagram,paid,Creator Try-on,INS-1036,39,repeat_delivered,RTO,Incorrect address,2,RTO
FTW-24598,EK987650597,2026-04-28T13:30:00.000Z,Ishaan Gupta,9700000147,customer598@example.com,Near temple main road Ghaziabad,,201001,Ghaziabad,Uttar Pradesh,SANDAL-TAN-7,Tan Platform Sandals,1,1550,Prepaid,Ekart,Meta,Meta Size Sale,Meta,paid,Meta Size Sale,MET-1037,44,first_time,Undelivered,No response on phone,2,In NDR
FTW-24599,DE987650598,2026-04-29T14:30:00.000Z,Sara Ali,9700000148,customer599@example.com,Near temple main road Jaipur,,302001,Jaipur,Rajasthan,RUN-BLK-9,Black Running Shoes,1,2100,Prepaid,Delhivery,Shopify,Google Shopping,Google,paid,Google Shopping,GOO-1038,57,first_time,RTO,Door locked,2,RTO
FTW-24600,DE987650599,2026-04-30T15:30:00.000Z,Nisha Nair,9700000149,customer600@example.com,"House 77, Block F, Bhubaneswar Residency, Sector 12",Near main market,751024,Bhubaneswar,Odisha,HEEL-GLD-6,Gold Block Heels,1,1750,Prepaid,Delhivery,Instagram,Creator Try-on,Instagram,paid,Creator Try-on,INS-1039,52,first_time,RTO,Customer refused delivery,3,RTO
FTW-24601,DT987650600,2026-04-01T04:30:00.000Z,Aarav Sharma,9700000150,customer601@example.com,"House 78, Block A, Ghaziabad Residency, Sector 1",,201001,Ghaziabad,Uttar Pradesh,SNEAK-WHT-8,White Sneakers,1,1950,Prepaid,DTDC,Meta,Meta Size Sale,Meta,paid,Meta Size Sale,MET-1040,58,repeat_delivered,RTO,Cash not ready,2,RTO
FTW-24602,DE987650601,2026-04-02T05:30:00.000Z,Diya Verma,9700000151,customer602@example.com,"House 79, Block B, Delhi Residency, Sector 2",Near main market,110024,Delhi,Delhi,SANDAL-TAN-7,Tan Platform Sandals,1,1350,COD,Delhivery,Shopify,Google Shopping,Google,paid,Google Shopping,GOO-1041,43,first_time,Delivered,,0,Delivered
FTW-24603,SH987650602,2026-04-03T06:30:00.000Z,Kabir Khan,9700000152,customer603@example.com,Near temple main road Bhubaneswar,,751024,Bhubaneswar,Odisha,RUN-BLK-9,Black Running Shoes,1,2450,Prepaid,Shiprocket,Instagram,Creator Try-on,Instagram,paid,Creator Try-on,INS-1042,40,first_time,Delivered,,0,Delivered
FTW-24604,SH987650603,2026-04-04T07:30:00.000Z,Ananya Iyer,9700000153,customer604@example.com,"House 81, Block D, Ahmedabad Residency, Sector 4",Near main market,380015,Ahmedabad,Gujarat,HEEL-GLD-6,Gold Block Heels,1,1850,COD,Shadowfax,Meta,Meta Size Sale,Meta,paid,Meta Size Sale,MET-1043,44,first_time,Delivered,,0,Delivered
FTW-24605,SH987650604,2026-04-05T08:30:00.000Z,Riya Patel,9700000154,customer605@example.com,"House 82, Block E, Jaipur Residency, Sector 5",Near main market,302001,Jaipur,Rajasthan,SNEAK-WHT-8,White Sneakers,1,2000,COD,Shiprocket,Shopify,Google Shopping,Google,paid,Google Shopping,GOO-1044,43,repeat_delivered,Delivered,,0,Delivered
FTW-24606,DT987650605,2026-04-06T09:30:00.000Z,Vivaan Rao,9700000155,customer606@example.com,"House 83, Block F, Pune Residency, Sector 6",,411045,Pune,Maharashtra,SANDAL-TAN-7,Tan Platform Sandals,1,1400,Prepaid,DTDC,Instagram,Creator Try-on,Instagram,paid,Creator Try-on,INS-1045,40,first_time,Delivered,,0,Delivered
FTW-24607,DE987650606,2026-04-07T10:30:00.000Z,Meera Singh,9700000156,customer607@example.com,"House 84, Block A, Kolkata Residency, Sector 7",Near main market,700016,Kolkata,West Bengal,RUN-BLK-9,Black Running Shoes,1,2350,COD,Delhivery,Meta,Meta Size Sale,Meta,paid,Meta Size Sale,MET-1046,49,first_time,Undelivered,Customer refused delivery,1,In NDR
FTW-24608,XP987650607,2026-04-08T11:30:00.000Z,Ishaan Gupta,9700000157,customer608@example.com,"House 85, Block B, Jaipur Residency, Sector 8",Near main market,302001,Jaipur,Rajasthan,HEEL-GLD-6,Gold Block Heels,1,1800,Prepaid,Xpressbees,Shopify,Google Shopping,Google,paid,Google Shopping,GOO-1047,41,first_time,Undelivered,Cash not ready,2,In NDR
FTW-24609,BL987650608,2026-04-09T12:30:00.000Z,Sara Ali,9700000158,customer609@example.com,"House 86, Block C, Indore Residency, Sector 9",Near main market,452010,Indore,Madhya Pradesh,SNEAK-WHT-8,White Sneakers,1,2000,COD,Bluedart,Instagram,Creator Try-on,Instagram,paid,Creator Try-on,INS-1048,48,repeat_delivered,RTO,Customer requested future delivery,2,RTO
FTW-24610,DT987650609,2026-04-10T13:30:00.000Z,Nisha Nair,9700000159,customer610@example.com,Near temple main road Ghaziabad,,201001,Ghaziabad,Uttar Pradesh,SANDAL-TAN-7,Tan Platform Sandals,2,1450,COD,DTDC,Meta,Meta Size Sale,Meta,paid,Meta Size Sale,MET-1049,48,first_time,RTO,Customer not available,3,RTO
FTW-24611,SH987650610,2026-04-11T14:30:00.000Z,Aarav Sharma,9700000160,customer611@example.com,"House 88, Block E, Hyderabad Residency, Sector 11",,500081,Hyderabad,Telangana,RUN-BLK-9,Black Running Shoes,1,2300,Prepaid,Shadowfax,Shopify,Google Shopping,Google,paid,Google Shopping,GOO-1050,53,first_time,Delivered,,0,Delivered
FTW-24612,BL987650611,2026-04-12T15:30:00.000Z,Diya Verma,9700000161,customer612@example.com,"House 89, Block F, Mumbai Residency, Sector 12",Near main market,400053,Mumbai,Maharashtra,HEEL-GLD-6,Gold Block Heels,1,1800,COD,Bluedart,Instagram,Creator Try-on,Instagram,paid,Creator Try-on,INS-1051,53,first_time,Delivered,,0,Delivered
FTW-24613,SH987650612,2026-04-13T04:30:00.000Z,Kabir Khan,9700000162,customer613@example.com,"House 90, Block A, Ghaziabad Residency, Sector 1",Near main market,201001,Ghaziabad,Uttar Pradesh,SNEAK-WHT-8,White Sneakers,1,1900,COD,Shiprocket,Meta,Meta Size Sale,Meta,paid,Meta Size Sale,MET-1052,57,repeat_delivered,RTO,Door locked,2,RTO
FTW-24614,BL987650613,2026-04-14T05:30:00.000Z,Ananya Iyer,9700000163,customer614@example.com,"House 91, Block B, Bhubaneswar Residency, Sector 2",Near main market,751024,Bhubaneswar,Odisha,SANDAL-TAN-7,Tan Platform Sandals,1,1350,COD,Bluedart,Shopify,Google Shopping,Google,paid,Google Shopping,GOO-1053,47,first_time,Delivered,,0,Delivered
FTW-24615,SH987650614,2026-04-15T06:30:00.000Z,Riya Patel,9700000164,customer615@example.com,"House 92, Block C, Patna Residency, Sector 3",Near main market,800001,Patna,Bihar,RUN-BLK-9,Black Running Shoes,1,2400,Prepaid,Shadowfax,Instagram,Creator Try-on,Instagram,paid,Creator Try-on,INS-1054,49,first_time,Delivered,,0,Delivered
FTW-24616,SH987650615,2026-04-16T07:30:00.000Z,Vivaan Rao,9700000165,customer616@example.com,Near temple main road Ghaziabad,,201001,Ghaziabad,Uttar Pradesh,HEEL-GLD-6,Gold Block Heels,1,1900,COD,Shiprocket,Meta,Meta Size Sale,Meta,paid,Meta Size Sale,MET-1055,56,first_time,RTO,Customer requested future delivery,3,RTO
FTW-24617,XP987650616,2026-04-17T08:30:00.000Z,Meera Singh,9700000166,customer617@example.com,Near temple main road Jaipur,,302001,Jaipur,Rajasthan,SNEAK-WHT-8,White Sneakers,1,2100,COD,Xpressbees,Shopify,Google Shopping,Google,paid,Google Shopping,GOO-1056,50,repeat_delivered,RTO,Customer not available,2,RTO
FTW-24618,EK987650617,2026-04-18T09:30:00.000Z,Ishaan Gupta,9700000167,customer618@example.com,"House 95, Block F, Bhubaneswar Residency, Sector 6",Near main market,751024,Bhubaneswar,Odisha,SANDAL-TAN-7,Tan Platform Sandals,1,1500,Prepaid,Ekart,Instagram,Creator Try-on,Instagram,paid,Creator Try-on,INS-1057,57,first_time,Delivered,,0,Delivered
FTW-24619,SH987650618,2026-04-19T10:30:00.000Z,Sara Ali,9700000168,customer619@example.com,Near temple main road Ghaziabad,,201001,Ghaziabad,Uttar Pradesh,RUN-BLK-9,Black Running Shoes,1,2450,COD,Shiprocket,Meta,Meta Size Sale,Meta,paid,Meta Size Sale,MET-1058,48,first_time,RTO,No response on phone,2,RTO
FTW-24620,DE987650619,2026-04-20T11:30:00.000Z,Nisha Nair,9700000169,customer620@example.com,Near temple main road Jaipur,,302001,Jaipur,Rajasthan,HEEL-GLD-6,Gold Block Heels,1,1800,COD,Delhivery,Shopify,Google Shopping,Google,paid,Google Shopping,GOO-1059,40,first_time,Undelivered,Door locked,2,In NDR
FTW-24621,DT987650620,2026-04-21T12:30:00.000Z,Aarav Sharma,9700000170,customer621@example.com,"House 98, Block C, Pune Residency, Sector 9",,411045,Pune,Maharashtra,SNEAK-WHT-8,White Sneakers,1,2000,COD,DTDC,Instagram,Creator Try-on,Instagram,paid,Creator Try-on,INS-1060,57,repeat_delivered,RTO,Customer refused delivery,2,RTO
FTW-24622,DT987650621,2026-04-22T13:30:00.000Z,Diya Verma,9700000171,customer622@example.com,"House 99, Block D, Kolkata Residency, Sector 10",Near main market,700016,Kolkata,West Bengal,SANDAL-TAN-7,Tan Platform Sandals,1,1600,COD,DTDC,Meta,Meta Size Sale,Meta,paid,Meta Size Sale,MET-1061,51,first_time,Undelivered,Cash not ready,2,In NDR
FTW-24623,SH987650622,2026-04-23T14:30:00.000Z,Kabir Khan,9700000172,customer623@example.com,"House 100, Block E, Jaipur Residency, Sector 11",Near main market,302001,Jaipur,Rajasthan,RUN-BLK-9,Black Running Shoes,1,2350,COD,Shadowfax,Shopify,Google Shopping,Google,paid,Google Shopping,GOO-1062,43,first_time,RTO,Customer requested future delivery,2,RTO
FTW-24624,SH987650623,2026-04-24T15:30:00.000Z,Ananya Iyer,9700000173,customer624@example.com,"House 101, Block F, Indore Residency, Sector 12",Near main market,452010,Indore,Madhya Pradesh,HEEL-GLD-6,Gold Block Heels,1,2000,COD,Shadowfax,Instagram,Creator Try-on,Instagram,paid,Creator Try-on,INS-1063,45,first_time,Undelivered,Customer not available,2,In NDR
FTW-24625,DT987650624,2026-04-25T04:30:00.000Z,Riya Patel,9700000174,customer625@example.com,"House 102, Block A, Surat Residency, Sector 1",Near main market,395007,Surat,Gujarat,SNEAK-WHT-8,White Sneakers,1,2000,COD,DTDC,Meta,Meta Size Sale,Meta,paid,Meta Size Sale,MET-1064,47,repeat_delivered,RTO,Incorrect address,2,RTO
FTW-24626,XP987650625,2026-04-26T05:30:00.000Z,Vivaan Rao,9700000175,customer626@example.com,Near temple main road Jaipur,,302001,Jaipur,Rajasthan,SANDAL-TAN-7,Tan Platform Sandals,1,1500,Prepaid,Xpressbees,Shopify,Google Shopping,Google,paid,Google Shopping,GOO-1065,45,first_time,Delivered,,0,Delivered
FTW-24627,SH987650626,2026-04-27T06:30:00.000Z,Meera Singh,9700000176,customer627@example.com,"House 104, Block C, Bhubaneswar Residency, Sector 3",Near main market,751024,Bhubaneswar,Odisha,RUN-BLK-9,Black Running Shoes,1,2200,Prepaid,Shadowfax,Instagram,Creator Try-on,Instagram,paid,Creator Try-on,INS-1066,56,first_time,Undelivered,Door locked,1,In NDR
FTW-24628,DE987650627,2026-04-28T07:30:00.000Z,Ishaan Gupta,9700000177,customer628@example.com,"House 105, Block D, Chennai Residency, Sector 4",Near main market,600042,Chennai,Tamil Nadu,HEEL-GLD-6,Gold Block Heels,1,1900,Prepaid,Delhivery,Meta,Meta Size Sale,Meta,paid,Meta Size Sale,MET-1067,48,first_time,Delivered,,0,Delivered
FTW-24629,SH987650628,2026-04-29T08:30:00.000Z,Sara Ali,9700000178,customer629@example.com,"House 106, Block E, Jaipur Residency, Sector 5",Near main market,302001,Jaipur,Rajasthan,SNEAK-WHT-8,White Sneakers,1,2100,Prepaid,Shiprocket,Shopify,Google Shopping,Google,paid,Google Shopping,GOO-1068,38,repeat_delivered,RTO,Cash not ready,2,RTO
FTW-24630,SH987650629,2026-04-30T09:30:00.000Z,Nisha Nair,9700000179,customer630@example.com,"House 107, Block F, Patna Residency, Sector 6",Near main market,800001,Patna,Bihar,SANDAL-TAN-7,Tan Platform Sandals,1,1550,COD,Shadowfax,Instagram,Creator Try-on,Instagram,paid,Creator Try-on,INS-1069,54,first_time,Delivered,,0,Delivered
FTW-24631,XP987650630,2026-04-01T10:30:00.000Z,Aarav Sharma,9700000180,customer631@example.com,"House 18, Block A, Ghaziabad Residency, Sector 7",,201001,Ghaziabad,Uttar Pradesh,RUN-BLK-9,Black Running Shoes,1,2350,COD,Xpressbees,Meta,Meta Size Sale,Meta,paid,Meta Size Sale,MET-1070,47,first_time,Delivered,,0,Delivered
FTW-24632,DE987650631,2026-04-02T11:30:00.000Z,Diya Verma,9700000181,customer632@example.com,"House 19, Block B, Jaipur Residency, Sector 8",Near main market,302001,Jaipur,Rajasthan,HEEL-GLD-6,Gold Block Heels,1,2050,COD,Delhivery,Shopify,Google Shopping,Google,paid,Google Shopping,GOO-1071,41,first_time,RTO,Incorrect address,3,RTO
FTW-24633,EK987650632,2026-04-03T12:30:00.000Z,Kabir Khan,9700000182,customer633@example.com,"House 20, Block C, Bengaluru Residency, Sector 9",Near main market,560095,Bengaluru,Karnataka,SNEAK-WHT-8,White Sneakers,1,2000,COD,Ekart,Instagram,Creator Try-on,Instagram,paid,Creator Try-on,INS-1072,42,repeat_delivered,RTO,No response on phone,2,RTO
FTW-24634,DT987650633,2026-04-04T13:30:00.000Z,Ananya Iyer,9700000183,customer634@example.com,"House 21, Block D, Ahmedabad Residency, Sector 10",Near main market,380015,Ahmedabad,Gujarat,SANDAL-TAN-7,Tan Platform Sandals,1,1450,Prepaid,DTDC,Meta,Meta Size Sale,Meta,paid,Meta Size Sale,MET-1073,40,first_time,Delivered,,0,Delivered
FTW-24635,SH987650634,2026-04-05T14:30:00.000Z,Riya Patel,9700000184,customer635@example.com,"House 22, Block E, Jaipur Residency, Sector 11",Near main market,302001,Jaipur,Rajasthan,RUN-BLK-9,Black Running Shoes,1,2300,Prepaid,Shadowfax,Shopify,Google Shopping,Google,paid,Google Shopping,GOO-1074,42,first_time,Delivered,,0,Delivered
FTW-24636,DE987650635,2026-04-06T15:30:00.000Z,Vivaan Rao,9700000185,customer636@example.com,"House 23, Block F, Pune Residency, Sector 12",,411045,Pune,Maharashtra,HEEL-GLD-6,Gold Block Heels,1,2050,COD,Delhivery,Instagram,Creator Try-on,Instagram,paid,Creator Try-on,INS-1075,44,first_time,RTO,Cash not ready,3,RTO
FTW-24637,BL987650636,2026-04-07T04:30:00.000Z,Meera Singh,9700000186,customer637@example.com,"House 24, Block A, Ghaziabad Residency, Sector 1",Near main market,201001,Ghaziabad,Uttar Pradesh,SNEAK-WHT-8,White Sneakers,1,1900,Prepaid,Bluedart,Meta,Meta Size Sale,Meta,paid,Meta Size Sale,MET-1076,48,repeat_delivered,RTO,Customer requested future delivery,2,RTO
FTW-24638,SH987650637,2026-04-08T05:30:00.000Z,Ishaan Gupta,9700000187,customer638@example.com,"House 25, Block B, Jaipur Residency, Sector 2",Near main market,302001,Jaipur,Rajasthan,SANDAL-TAN-7,Tan Platform Sandals,1,1650,Prepaid,Shadowfax,Shopify,Google Shopping,Google,paid,Google Shopping,GOO-1077,41,first_time,Undelivered,Customer not available,2,In NDR
FTW-24639,DT987650638,2026-04-09T06:30:00.000Z,Sara Ali,9700000188,customer639@example.com,"House 26, Block C, Indore Residency, Sector 3",Near main market,452010,Indore,Madhya Pradesh,RUN-BLK-9,Black Running Shoes,2,2150,COD,DTDC,Instagram,Creator Try-on,Instagram,paid,Creator Try-on,INS-1078,57,first_time,RTO,Incorrect address,2,RTO
FTW-24640,SH987650639,2026-04-10T07:30:00.000Z,Nisha Nair,9700000189,customer640@example.com,"House 27, Block D, Ghaziabad Residency, Sector 4",Near main market,201001,Ghaziabad,Uttar Pradesh,HEEL-GLD-6,Gold Block Heels,1,1950,COD,Shadowfax,Meta,Meta Size Sale,Meta,paid,Meta Size Sale,MET-1079,42,first_time,Undelivered,No response on phone,2,In NDR
FTW-24641,BL987650640,2026-04-11T08:30:00.000Z,Aarav Sharma,9700000190,customer641@example.com,"House 28, Block E, Hyderabad Residency, Sector 5",,500081,Hyderabad,Telangana,SNEAK-WHT-8,White Sneakers,1,2150,Prepaid,Bluedart,Shopify,Google Shopping,Google,paid,Google Shopping,GOO-1000,46,repeat_delivered,Delivered,,0,Delivered
FTW-24642,BL987650641,2026-04-12T09:30:00.000Z,Diya Verma,9700000191,customer642@example.com,"House 29, Block F, Mumbai Residency, Sector 6",Near main market,400053,Mumbai,Maharashtra,SANDAL-TAN-7,Tan Platform Sandals,1,1550,COD,Bluedart,Instagram,Creator Try-on,Instagram,paid,Creator Try-on,INS-1001,52,first_time,Undelivered,Customer refused delivery,2,In NDR
FTW-24643,SH987650642,2026-04-13T10:30:00.000Z,Kabir Khan,9700000192,customer643@example.com,Near temple main road Ghaziabad,,201001,Ghaziabad,Uttar Pradesh,RUN-BLK-9,Black Running Shoes,1,2200,Prepaid,Shadowfax,Meta,Meta Size Sale,Meta,paid,Meta Size Sale,MET-1002,52,first_time,RTO,Cash not ready,2,RTO
FTW-24644,XP987650643,2026-04-14T11:30:00.000Z,Ananya Iyer,9700000193,customer644@example.com,"House 31, Block B, Jaipur Residency, Sector 8",Near main market,302001,Jaipur,Rajasthan,HEEL-GLD-6,Gold Block Heels,1,1750,COD,Xpressbees,Shopify,Google Shopping,Google,paid,Google Shopping,GOO-1003,49,first_time,RTO,Customer requested future delivery,3,RTO
FTW-24645,SH987650644,2026-04-15T12:30:00.000Z,Riya Patel,9700000194,customer645@example.com,"House 32, Block C, Bhubaneswar Residency, Sector 9",Near main market,751024,Bhubaneswar,Odisha,SNEAK-WHT-8,White Sneakers,1,2150,Prepaid,Shadowfax,Instagram,Creator Try-on,Instagram,paid,Creator Try-on,INS-1004,58,repeat_delivered,Delivered,,0,Delivered
FTW-24646,XP987650645,2026-04-16T13:30:00.000Z,Vivaan Rao,9700000195,customer646@example.com,"House 33, Block D, Ghaziabad Residency, Sector 10",,201001,Ghaziabad,Uttar Pradesh,SANDAL-TAN-7,Tan Platform Sandals,1,1600,COD,Xpressbees,Meta,Meta Size Sale,Meta,paid,Meta Size Sale,MET-1005,57,first_time,RTO,Incorrect address,3,RTO
FTW-24647,EK987650646,2026-04-17T14:30:00.000Z,Meera Singh,9700000196,customer647@example.com,"House 34, Block E, Delhi Residency, Sector 11",Near main market,110024,Delhi,Delhi,RUN-BLK-9,Black Running Shoes,1,2450,Prepaid,Ekart,Shopify,Google Shopping,Google,paid,Google Shopping,GOO-1006,44,first_time,Undelivered,No response on phone,1,In NDR
FTW-24648,DT987650647,2026-04-18T15:30:00.000Z,Ishaan Gupta,9700000197,customer648@example.com,"House 35, Block F, Bengaluru Residency, Sector 12",Near main market,560095,Bengaluru,Karnataka,HEEL-GLD-6,Gold Block Heels,1,1850,COD,DTDC,Instagram,Creator Try-on,Instagram,paid,Creator Try-on,INS-1007,55,first_time,RTO,Door locked,3,RTO
FTW-24649,XP987650648,2026-04-19T04:30:00.000Z,Sara Ali,9700000198,customer649@example.com,"House 36, Block A, Ahmedabad Residency, Sector 1",Near main market,380015,Ahmedabad,Gujarat,SNEAK-WHT-8,White Sneakers,1,1950,Prepaid,Xpressbees,Meta,Meta Size Sale,Meta,paid,Meta Size Sale,MET-1008,41,repeat_delivered,RTO,Customer refused delivery,2,RTO
FTW-24650,XP987650649,2026-04-20T05:30:00.000Z,Nisha Nair,9700000199,customer650@example.com,Near temple main road Jaipur,,302001,Jaipur,Rajasthan,SANDAL-TAN-7,Tan Platform Sandals,1,1450,COD,Xpressbees,Shopify,Google Shopping,Google,paid,Google Shopping,GOO-1009,39,first_time,Undelivered,Cash not ready,2,In NDR
FTW-24651,DT987650650,2026-04-21T06:30:00.000Z,Aarav Sharma,9700000200,customer651@example.com,"House 38, Block C, Pune Residency, Sector 3",,411045,Pune,Maharashtra,RUN-BLK-9,Black Running Shoes,1,2350,Prepaid,DTDC,Instagram,Creator Try-on,Instagram,paid,Creator Try-on,INS-1010,47,first_time,Delivered,,0,Delivered
FTW-24652,DE987650651,2026-04-22T07:30:00.000Z,Diya Verma,9700000201,customer652@example.com,"House 39, Block D, Kolkata Residency, Sector 4",Near main market,700016,Kolkata,West Bengal,HEEL-GLD-6,Gold Block Heels,1,1800,COD,Delhivery,Meta,Meta Size Sale,Meta,paid,Meta Size Sale,MET-1011,45,first_time,RTO,Customer not available,3,RTO
FTW-24653,SH987650652,2026-04-23T08:30:00.000Z,Kabir Khan,9700000202,customer653@example.com,Near temple main road Jaipur,,302001,Jaipur,Rajasthan,SNEAK-WHT-8,White Sneakers,1,1900,COD,Shadowfax,Shopify,Google Shopping,Google,paid,Google Shopping,GOO-1012,50,repeat_delivered,RTO,Incorrect address,2,RTO
FTW-24654,XP987650653,2026-04-24T09:30:00.000Z,Ananya Iyer,9700000203,customer654@example.com,"House 41, Block F, Indore Residency, Sector 6",Near main market,452010,Indore,Madhya Pradesh,SANDAL-TAN-7,Tan Platform Sandals,1,1400,COD,Xpressbees,Instagram,Creator Try-on,Instagram,paid,Creator Try-on,INS-1013,40,first_time,Delivered,,0,Delivered
FTW-24655,DE987650654,2026-04-25T10:30:00.000Z,Riya Patel,9700000204,customer655@example.com,"House 42, Block A, Ghaziabad Residency, Sector 7",Near main market,201001,Ghaziabad,Uttar Pradesh,RUN-BLK-9,Black Running Shoes,1,2200,Prepaid,Delhivery,Meta,Meta Size Sale,Meta,paid,Meta Size Sale,MET-1014,57,first_time,RTO,Door locked,2,RTO
FTW-24656,SH987650655,2026-04-26T11:30:00.000Z,Vivaan Rao,9700000205,customer656@example.com,"House 43, Block B, Hyderabad Residency, Sector 8",,500081,Hyderabad,Telangana,HEEL-GLD-6,Gold Block Heels,1,1800,Prepaid,Shadowfax,Shopify,Google Shopping,Google,paid,Google Shopping,GOO-1015,47,first_time,Delivered,,0,Delivered
FTW-24657,BL987650656,2026-04-27T12:30:00.000Z,Meera Singh,9700000206,customer657@example.com,"House 44, Block C, Mumbai Residency, Sector 9",Near main market,400053,Mumbai,Maharashtra,SNEAK-WHT-8,White Sneakers,1,1900,Prepaid,Bluedart,Instagram,Creator Try-on,Instagram,paid,Creator Try-on,INS-1016,52,repeat_delivered,RTO,Cash not ready,2,RTO
FTW-24658,DE987650657,2026-04-28T13:30:00.000Z,Ishaan Gupta,9700000207,customer658@example.com,"House 45, Block D, Chennai Residency, Sector 10",Near main market,600042,Chennai,Tamil Nadu,SANDAL-TAN-7,Tan Platform Sandals,1,1500,COD,Delhivery,Meta,Meta Size Sale,Meta,paid,Meta Size Sale,MET-1017,57,first_time,RTO,Customer requested future delivery,3,RTO
FTW-24659,XP987650658,2026-04-29T14:30:00.000Z,Sara Ali,9700000208,customer659@example.com,"House 46, Block E, Bhubaneswar Residency, Sector 11",Near main market,751024,Bhubaneswar,Odisha,RUN-BLK-9,Black Running Shoes,1,2400,COD,Xpressbees,Shopify,Google Shopping,Google,paid,Google Shopping,GOO-1018,48,first_time,Undelivered,Customer not available,1,In NDR
FTW-24660,XP987650659,2026-04-30T15:30:00.000Z,Nisha Nair,9700000209,customer660@example.com,"House 47, Block F, Patna Residency, Sector 12",Near main market,800001,Patna,Bihar,HEEL-GLD-6,Gold Block Heels,1,2000,Prepaid,Xpressbees,Instagram,Creator Try-on,Instagram,paid,Creator Try-on,INS-1019,38,first_time,Undelivered,Incorrect address,2,In NDR
FTW-24661,SH987650660,2026-04-01T04:30:00.000Z,Aarav Sharma,9700000210,customer661@example.com,Near temple main road Ghaziabad,,201001,Ghaziabad,Uttar Pradesh,SNEAK-WHT-8,White Sneakers,1,1950,COD,Shadowfax,Meta,Meta Size Sale,Meta,paid,Meta Size Sale,MET-1020,51,repeat_delivered,Undelivered,No response on phone,1,In NDR
FTW-24662,XP987650661,2026-04-02T05:30:00.000Z,Diya Verma,9700000211,customer662@example.com,"House 49, Block B, Jaipur Residency, Sector 2",Near main market,302001,Jaipur,Rajasthan,SANDAL-TAN-7,Tan Platform Sandals,1,1550,COD,Xpressbees,Shopify,Google Shopping,Google,paid,Google Shopping,GOO-1021,43,first_time,RTO,Door locked,3,RTO
FTW-24663,XP987650662,2026-04-03T06:30:00.000Z,Kabir Khan,9700000212,customer663@example.com,"House 50, Block C, Bhubaneswar Residency, Sector 3",Near main market,751024,Bhubaneswar,Odisha,RUN-BLK-9,Black Running Shoes,1,2200,COD,Xpressbees,Instagram,Creator Try-on,Instagram,paid,Creator Try-on,INS-1022,54,first_time,Undelivered,Customer refused delivery,1,In NDR
FTW-24664,XP987650663,2026-04-04T07:30:00.000Z,Ananya Iyer,9700000213,customer664@example.com,"House 51, Block D, Ghaziabad Residency, Sector 4",Near main market,201001,Ghaziabad,Uttar Pradesh,HEEL-GLD-6,Gold Block Heels,1,1900,COD,Xpressbees,Meta,Meta Size Sale,Meta,paid,Meta Size Sale,MET-1023,49,first_time,RTO,Cash not ready,3,RTO
FTW-24665,BL987650664,2026-04-05T08:30:00.000Z,Riya Patel,9700000214,customer665@example.com,"House 52, Block E, Jaipur Residency, Sector 5",Near main market,302001,Jaipur,Rajasthan,SNEAK-WHT-8,White Sneakers,1,2150,Prepaid,Bluedart,Shopify,Google Shopping,Google,paid,Google Shopping,GOO-1024,43,repeat_delivered,Delivered,,0,Delivered
FTW-24666,EK987650665,2026-04-06T09:30:00.000Z,Vivaan Rao,9700000215,customer666@example.com,"House 53, Block F, Pune Residency, Sector 6",,411045,Pune,Maharashtra,SANDAL-TAN-7,Tan Platform Sandals,1,1600,Prepaid,Ekart,Instagram,Creator Try-on,Instagram,paid,Creator Try-on,INS-1025,40,first_time,Delivered,,0,Delivered
FTW-24667,DT987650666,2026-04-07T10:30:00.000Z,Meera Singh,9700000216,customer667@example.com,"House 54, Block A, Kolkata Residency, Sector 7",Near main market,700016,Kolkata,West Bengal,RUN-BLK-9,Black Running Shoes,1,2100,COD,DTDC,Meta,Meta Size Sale,Meta,paid,Meta Size Sale,MET-1026,58,first_time,RTO,Incorrect address,2,RTO
FTW-24668,SH987650667,2026-04-08T11:30:00.000Z,Ishaan Gupta,9700000217,customer668@example.com,Near temple main road Jaipur,,302001,Jaipur,Rajasthan,HEEL-GLD-6,Gold Block Heels,2,1850,COD,Shiprocket,Shopify,Google Shopping,Google,paid,Google Shopping,GOO-1027,49,first_time,Undelivered,No response on phone,2,In NDR
FTW-24669,DE987650668,2026-04-09T12:30:00.000Z,Sara Ali,9700000218,customer669@example.com,Near temple main road Bhubaneswar,,751024,Bhubaneswar,Odisha,SNEAK-WHT-8,White Sneakers,1,2200,Prepaid,Delhivery,Instagram,Creator Try-on,Instagram,paid,Creator Try-on,INS-1028,39,repeat_delivered,Undelivered,Door locked,1,In NDR
FTW-24670,DE987650669,2026-04-10T13:30:00.000Z,Nisha Nair,9700000219,customer670@example.com,"House 57, Block D, Ghaziabad Residency, Sector 10",Near main market,201001,Ghaziabad,Uttar Pradesh,SANDAL-TAN-7,Tan Platform Sandals,1,1500,COD,Delhivery,Meta,Meta Size Sale,Meta,paid,Meta Size Sale,MET-1029,50,first_time,RTO,Customer refused delivery,3,RTO
FTW-24671,SH987650670,2026-04-11T14:30:00.000Z,Aarav Sharma,9700000220,customer671@example.com,"House 58, Block E, Hyderabad Residency, Sector 11",,500081,Hyderabad,Telangana,RUN-BLK-9,Black Running Shoes,1,2350,COD,Shiprocket,Shopify,Google Shopping,Google,paid,Google Shopping,GOO-1030,58,first_time,Delivered,,0,Delivered
FTW-24672,DE987650671,2026-04-12T15:30:00.000Z,Diya Verma,9700000221,customer672@example.com,"House 59, Block F, Mumbai Residency, Sector 12",Near main market,400053,Mumbai,Maharashtra,HEEL-GLD-6,Gold Block Heels,1,2000,Prepaid,Delhivery,Instagram,Creator Try-on,Instagram,paid,Creator Try-on,INS-1031,48,first_time,Delivered,,0,Delivered
FTW-24673,XP987650672,2026-04-13T04:30:00.000Z,Kabir Khan,9700000222,customer673@example.com,"House 60, Block A, Ghaziabad Residency, Sector 1",Near main market,201001,Ghaziabad,Uttar Pradesh,SNEAK-WHT-8,White Sneakers,1,2000,COD,Xpressbees,Meta,Meta Size Sale,Meta,paid,Meta Size Sale,MET-1032,45,repeat_delivered,RTO,Customer not available,2,RTO
FTW-24674,XP987650673,2026-04-14T05:30:00.000Z,Ananya Iyer,9700000223,customer674@example.com,"House 61, Block B, Bhubaneswar Residency, Sector 2",Near main market,751024,Bhubaneswar,Odisha,SANDAL-TAN-7,Tan Platform Sandals,1,1550,COD,Xpressbees,Shopify,Google Shopping,Google,paid,Google Shopping,GOO-1033,47,first_time,Delivered,,0,Delivered
FTW-24675,BL987650674,2026-04-15T06:30:00.000Z,Riya Patel,9700000224,customer675@example.com,"House 62, Block C, Bhubaneswar Residency, Sector 3",Near main market,751024,Bhubaneswar,Odisha,RUN-BLK-9,Black Running Shoes,1,2500,Prepaid,Bluedart,Instagram,Creator Try-on,Instagram,paid,Creator Try-on,INS-1034,51,first_time,RTO,No response on phone,2,RTO
FTW-24676,DE987650675,2026-04-16T07:30:00.000Z,Vivaan Rao,9700000000,customer676@example.com,"House 63, Block D, Ghaziabad Residency, Sector 4",,201001,Ghaziabad,Uttar Pradesh,HEEL-GLD-6,Gold Block Heels,1,2050,COD,Delhivery,Meta,Meta Size Sale,Meta,paid,Meta Size Sale,MET-1035,50,first_time,RTO,Door locked,3,RTO
FTW-24677,SH987650676,2026-04-17T08:30:00.000Z,Meera Singh,9700000001,customer677@example.com,"House 64, Block E, Delhi Residency, Sector 5",Near main market,110024,Delhi,Delhi,SNEAK-WHT-8,White Sneakers,1,2100,COD,Shiprocket,Shopify,Google Shopping,Google,paid,Google Shopping,GOO-1036,58,repeat_delivered,Undelivered,Customer refused delivery,1,In NDR
FTW-24678,XP987650677,2026-04-18T09:30:00.000Z,Ishaan Gupta,9700000002,customer678@example.com,"House 65, Block F, Bhubaneswar Residency, Sector 6",Near main market,751024,Bhubaneswar,Odisha,SANDAL-TAN-7,Tan Platform Sandals,1,1600,Prepaid,Xpressbees,Instagram,Creator Try-on,Instagram,paid,Creator Try-on,INS-1037,49,first_time,Delivered,,0,Delivered
FTW-24679,SH987650678,2026-04-19T10:30:00.000Z,Sara Ali,9700000003,customer679@example.com,Near temple main road Ghaziabad,,201001,Ghaziabad,Uttar Pradesh,RUN-BLK-9,Black Running Shoes,1,2250,COD,Shadowfax,Meta,Meta Size Sale,Meta,paid,Meta Size Sale,MET-1038,50,first_time,RTO,Customer requested future delivery,2,RTO
FTW-24680,DE987650679,2026-04-20T11:30:00.000Z,Nisha Nair,9700000004,customer680@example.com,"House 67, Block B, Jaipur Residency, Sector 8",Near main market,302001,Jaipur,Rajasthan,HEEL-GLD-6,Gold Block Heels,1,1850,COD,Delhivery,Shopify,Google Shopping,Google,paid,Google Shopping,GOO-1039,54,first_time,RTO,Customer not available,3,RTO
FTW-24681,XP987650680,2026-04-21T12:30:00.000Z,Aarav Sharma,9700000005,customer681@example.com,"House 68, Block C, Pune Residency, Sector 9",,411045,Pune,Maharashtra,SNEAK-WHT-8,White Sneakers,1,2000,COD,Xpressbees,Instagram,Creator Try-on,Instagram,paid,Creator Try-on,INS-1040,46,repeat_delivered,Undelivered,Incorrect address,1,In NDR
FTW-24682,BL987650681,2026-04-22T13:30:00.000Z,Diya Verma,9700000006,customer682@example.com,"House 69, Block D, Kolkata Residency, Sector 10",Near main market,700016,Kolkata,West Bengal,SANDAL-TAN-7,Tan Platform Sandals,1,1600,Prepaid,Bluedart,Meta,Meta Size Sale,Meta,paid,Meta Size Sale,MET-1041,58,first_time,Undelivered,No response on phone,2,In NDR
FTW-24683,XP987650682,2026-04-23T14:30:00.000Z,Kabir Khan,9700000007,customer683@example.com,"House 70, Block E, Jaipur Residency, Sector 11",Near main market,302001,Jaipur,Rajasthan,RUN-BLK-9,Black Running Shoes,1,2300,COD,Xpressbees,Shopify,Google Shopping,Google,paid,Google Shopping,GOO-1042,40,first_time,Undelivered,Door locked,1,In NDR
FTW-24684,BL987650683,2026-04-24T15:30:00.000Z,Ananya Iyer,9700000008,customer684@example.com,"House 71, Block F, Bhubaneswar Residency, Sector 12",Near main market,751024,Bhubaneswar,Odisha,HEEL-GLD-6,Gold Block Heels,1,1850,COD,Bluedart,Instagram,Creator Try-on,Instagram,paid,Creator Try-on,INS-1043,40,first_time,RTO,Customer refused delivery,3,RTO
FTW-24685,BL987650684,2026-04-25T04:30:00.000Z,Riya Patel,9700000009,customer685@example.com,"House 72, Block A, Surat Residency, Sector 1",Near main market,395007,Surat,Gujarat,SNEAK-WHT-8,White Sneakers,1,1900,COD,Bluedart,Meta,Meta Size Sale,Meta,paid,Meta Size Sale,MET-1044,56,repeat_delivered,Undelivered,Cash not ready,1,In NDR
FTW-24686,DT987650685,2026-04-26T05:30:00.000Z,Vivaan Rao,9700000010,customer686@example.com,"House 73, Block B, Jaipur Residency, Sector 2",,302001,Jaipur,Rajasthan,SANDAL-TAN-7,Tan Platform Sandals,1,1500,COD,DTDC,Shopify,Google Shopping,Google,paid,Google Shopping,GOO-1045,58,first_time,Delivered,,0,Delivered
FTW-24687,BL987650686,2026-04-27T06:30:00.000Z,Meera Singh,9700000011,customer687@example.com,Near temple main road Bhubaneswar,,751024,Bhubaneswar,Odisha,RUN-BLK-9,Black Running Shoes,1,2350,COD,Bluedart,Instagram,Creator Try-on,Instagram,paid,Creator Try-on,INS-1046,49,first_time,Undelivered,Customer not available,1,In NDR
FTW-24688,BL987650687,2026-04-28T07:30:00.000Z,Ishaan Gupta,9700000012,customer688@example.com,"House 75, Block D, Chennai Residency, Sector 4",Near main market,600042,Chennai,Tamil Nadu,HEEL-GLD-6,Gold Block Heels,1,1750,COD,Bluedart,Meta,Meta Size Sale,Meta,paid,Meta Size Sale,MET-1047,57,first_time,RTO,Incorrect address,3,RTO
FTW-24689,DE987650688,2026-04-29T08:30:00.000Z,Sara Ali,9700000013,customer689@example.com,"House 76, Block E, Bhubaneswar Residency, Sector 5",Near main market,751024,Bhubaneswar,Odisha,SNEAK-WHT-8,White Sneakers,1,2100,COD,Delhivery,Shopify,Google Shopping,Google,paid,Google Shopping,GOO-1048,50,repeat_delivered,Delivered,,0,Delivered
FTW-24690,SH987650689,2026-04-30T09:30:00.000Z,Nisha Nair,9700000014,customer690@example.com,Near temple main road Bhubaneswar,,751024,Bhubaneswar,Odisha,SANDAL-TAN-7,Tan Platform Sandals,1,1550,COD,Shadowfax,Instagram,Creator Try-on,Instagram,paid,Creator Try-on,INS-1049,42,first_time,Undelivered,Door locked,2,In NDR
FTW-24691,DT987650690,2026-04-01T10:30:00.000Z,Aarav Sharma,9700000015,customer691@example.com,"House 78, Block A, Ghaziabad Residency, Sector 7",,201001,Ghaziabad,Uttar Pradesh,RUN-BLK-9,Black Running Shoes,1,2400,Prepaid,DTDC,Meta,Meta Size Sale,Meta,paid,Meta Size Sale,MET-1050,47,first_time,RTO,Customer refused delivery,2,RTO
FTW-24692,DT987650691,2026-04-02T11:30:00.000Z,Diya Verma,9700000016,customer692@example.com,"House 79, Block B, Jaipur Residency, Sector 8",Near main market,302001,Jaipur,Rajasthan,HEEL-GLD-6,Gold Block Heels,1,1900,Prepaid,DTDC,Shopify,Google Shopping,Google,paid,Google Shopping,GOO-1051,49,first_time,RTO,Cash not ready,3,RTO
FTW-24693,SH987650692,2026-04-03T12:30:00.000Z,Kabir Khan,9700000017,customer693@example.com,"House 80, Block C, Bengaluru Residency, Sector 9",Near main market,560095,Bengaluru,Karnataka,SNEAK-WHT-8,White Sneakers,1,2100,COD,Shiprocket,Instagram,Creator Try-on,Instagram,paid,Creator Try-on,INS-1052,49,repeat_delivered,RTO,Customer requested future delivery,2,RTO
FTW-24694,SH987650693,2026-04-04T13:30:00.000Z,Ananya Iyer,9700000018,customer694@example.com,"House 81, Block D, Ghaziabad Residency, Sector 10",Near main market,201001,Ghaziabad,Uttar Pradesh,SANDAL-TAN-7,Tan Platform Sandals,1,1450,Prepaid,Shiprocket,Meta,Meta Size Sale,Meta,paid,Meta Size Sale,MET-1053,40,first_time,RTO,Customer not available,3,RTO
FTW-24695,DE987650694,2026-04-05T14:30:00.000Z,Riya Patel,9700000019,customer695@example.com,"House 82, Block E, Jaipur Residency, Sector 11",Near main market,302001,Jaipur,Rajasthan,RUN-BLK-9,Black Running Shoes,1,2400,COD,Delhivery,Shopify,Google Shopping,Google,paid,Google Shopping,GOO-1054,38,first_time,Delivered,,0,Delivered
FTW-24696,DT987650695,2026-04-06T15:30:00.000Z,Vivaan Rao,9700000020,customer696@example.com,"House 83, Block F, Pune Residency, Sector 12",,411045,Pune,Maharashtra,HEEL-GLD-6,Gold Block Heels,1,1750,Prepaid,DTDC,Instagram,Creator Try-on,Instagram,paid,Creator Try-on,INS-1055,47,first_time,Delivered,,0,Delivered
FTW-24697,SH987650696,2026-04-07T04:30:00.000Z,Meera Singh,9700000021,customer697@example.com,"House 84, Block A, Kolkata Residency, Sector 1",Near main market,700016,Kolkata,West Bengal,SNEAK-WHT-8,White Sneakers,2,1950,COD,Shadowfax,Meta,Meta Size Sale,Meta,paid,Meta Size Sale,MET-1056,50,repeat_delivered,Undelivered,Door locked,1,In NDR
FTW-24698,SH987650697,2026-04-08T05:30:00.000Z,Ishaan Gupta,9700000022,customer698@example.com,"House 85, Block B, Lucknow Residency, Sector 2",Near main market,226010,Lucknow,Uttar Pradesh,SANDAL-TAN-7,Tan Platform Sandals,1,1500,Prepaid,Shadowfax,Shopify,Google Shopping,Google,paid,Google Shopping,GOO-1057,46,first_time,Delivered,,0,Delivered
FTW-24699,DT987650698,2026-04-09T06:30:00.000Z,Sara Ali,9700000023,customer699@example.com,Near temple main road Bhubaneswar,,751024,Bhubaneswar,Odisha,RUN-BLK-9,Black Running Shoes,1,2100,COD,DTDC,Instagram,Creator Try-on,Instagram,paid,Creator Try-on,INS-1058,58,first_time,RTO,Cash not ready,2,RTO
FTW-24700,SH987650699,2026-04-10T07:30:00.000Z,Nisha Nair,9700000024,customer700@example.com,"House 87, Block D, Surat Residency, Sector 4",Near main market,395007,Surat,Gujarat,HEEL-GLD-6,Gold Block Heels,1,1850,COD,Shadowfax,Meta,Meta Size Sale,Meta,paid,Meta Size Sale,MET-1059,50,first_time,RTO,Customer requested future delivery,3,RTO
FTW-24701,DT987650700,2026-04-11T08:30:00.000Z,Aarav Sharma,9700000025,customer701@example.com,"House 88, Block E, Hyderabad Residency, Sector 5",,500081,Hyderabad,Telangana,SNEAK-WHT-8,White Sneakers,1,2000,COD,DTDC,Shopify,Google Shopping,Google,paid,Google Shopping,GOO-1060,57,repeat_delivered,Delivered,,0,Delivered
FTW-24702,BL987650701,2026-04-12T09:30:00.000Z,Diya Verma,9700000026,customer702@example.com,Near temple main road Bhubaneswar,,751024,Bhubaneswar,Odisha,SANDAL-TAN-7,Tan Platform Sandals,1,1500,COD,Bluedart,Instagram,Creator Try-on,Instagram,paid,Creator Try-on,INS-1061,53,first_time,RTO,Incorrect address,3,RTO
FTW-24703,DT987650702,2026-04-13T10:30:00.000Z,Kabir Khan,9700000027,customer703@example.com,"House 90, Block A, Chennai Residency, Sector 7",Near main market,600042,Chennai,Tamil Nadu,RUN-BLK-9,Black Running Shoes,1,2500,Prepaid,DTDC,Meta,Meta Size Sale,Meta,paid,Meta Size Sale,MET-1062,55,first_time,Undelivered,No response on phone,1,In NDR
FTW-24704,SH987650703,2026-04-14T11:30:00.000Z,Ananya Iyer,9700000028,customer704@example.com,Near temple main road Jaipur,,302001,Jaipur,Rajasthan,HEEL-GLD-6,Gold Block Heels,1,2050,COD,Shadowfax,Shopify,Google Shopping,Google,paid,Google Shopping,GOO-1063,49,first_time,Undelivered,Door locked,2,In NDR
FTW-24705,DT987650704,2026-04-15T12:30:00.000Z,Riya Patel,9700000029,customer705@example.com,"House 92, Block C, Patna Residency, Sector 9",Near main market,800001,Patna,Bihar,SNEAK-WHT-8,White Sneakers,1,2000,COD,DTDC,Instagram,Creator Try-on,Instagram,paid,Creator Try-on,INS-1064,45,repeat_delivered,RTO,Customer refused delivery,2,RTO
FTW-24706,BL987650705,2026-04-16T13:30:00.000Z,Vivaan Rao,9700000030,customer706@example.com,"House 93, Block D, Ghaziabad Residency, Sector 10",,201001,Ghaziabad,Uttar Pradesh,SANDAL-TAN-7,Tan Platform Sandals,1,1550,COD,Bluedart,Meta,Meta Size Sale,Meta,paid,Meta Size Sale,MET-1065,41,first_time,Undelivered,Cash not ready,2,In NDR
FTW-24707,EK987650706,2026-04-17T14:30:00.000Z,Meera Singh,9700000031,customer707@example.com,"House 94, Block E, Delhi Residency, Sector 11",Near main market,110024,Delhi,Delhi,RUN-BLK-9,Black Running Shoes,1,2150,Prepaid,Ekart,Shopify,Google Shopping,Google,paid,Google Shopping,GOO-1066,38,first_time,Delivered,,0,Delivered
FTW-24708,SH987650707,2026-04-18T15:30:00.000Z,Ishaan Gupta,9700000032,customer708@example.com,"House 95, Block F, Bengaluru Residency, Sector 12",Near main market,560095,Bengaluru,Karnataka,HEEL-GLD-6,Gold Block Heels,1,1850,COD,Shiprocket,Instagram,Creator Try-on,Instagram,paid,Creator Try-on,INS-1067,48,first_time,Delivered,,0,Delivered
FTW-24709,XP987650708,2026-04-19T04:30:00.000Z,Sara Ali,9700000033,customer709@example.com,"House 96, Block A, Ahmedabad Residency, Sector 1",Near main market,380015,Ahmedabad,Gujarat,SNEAK-WHT-8,White Sneakers,1,2150,Prepaid,Xpressbees,Meta,Meta Size Sale,Meta,paid,Meta Size Sale,MET-1068,58,repeat_delivered,Undelivered,Incorrect address,1,In NDR
FTW-24710,BL987650709,2026-04-20T05:30:00.000Z,Nisha Nair,9700000034,customer710@example.com,"House 97, Block B, Jaipur Residency, Sector 2",Near main market,302001,Jaipur,Rajasthan,SANDAL-TAN-7,Tan Platform Sandals,1,1550,Prepaid,Bluedart,Shopify,Google Shopping,Google,paid,Google Shopping,GOO-1069,58,first_time,Delivered,,0,Delivered
FTW-24711,SH987650710,2026-04-21T06:30:00.000Z,Aarav Sharma,9700000035,customer711@example.com,"House 98, Block C, Pune Residency, Sector 3",,411045,Pune,Maharashtra,RUN-BLK-9,Black Running Shoes,1,2350,COD,Shiprocket,Instagram,Creator Try-on,Instagram,paid,Creator Try-on,INS-1070,56,first_time,RTO,Door locked,2,RTO
FTW-24712,EK987650711,2026-04-22T07:30:00.000Z,Diya Verma,9700000036,customer712@example.com,"House 99, Block D, Kolkata Residency, Sector 4",Near main market,700016,Kolkata,West Bengal,HEEL-GLD-6,Gold Block Heels,1,2050,COD,Ekart,Meta,Meta Size Sale,Meta,paid,Meta Size Sale,MET-1071,51,first_time,Undelivered,Customer refused delivery,2,In NDR
FTW-24713,XP987650712,2026-04-23T08:30:00.000Z,Kabir Khan,9700000037,customer713@example.com,"House 100, Block E, Lucknow Residency, Sector 5",Near main market,226010,Lucknow,Uttar Pradesh,SNEAK-WHT-8,White Sneakers,1,2200,Prepaid,Xpressbees,Shopify,Google Shopping,Google,paid,Google Shopping,GOO-1072,55,repeat_delivered,Delivered,,0,Delivered
FTW-24714,BL987650713,2026-04-24T09:30:00.000Z,Ananya Iyer,9700000038,customer714@example.com,"House 101, Block F, Bhubaneswar Residency, Sector 6",Near main market,751024,Bhubaneswar,Odisha,SANDAL-TAN-7,Tan Platform Sandals,1,1500,Prepaid,Bluedart,Instagram,Creator Try-on,Instagram,paid,Creator Try-on,INS-1073,42,first_time,RTO,Customer requested future delivery,3,RTO
FTW-24715,BL987650714,2026-04-25T10:30:00.000Z,Riya Patel,9700000039,customer715@example.com,"House 102, Block A, Ghaziabad Residency, Sector 7",Near main market,201001,Ghaziabad,Uttar Pradesh,RUN-BLK-9,Black Running Shoes,1,2300,COD,Bluedart,Meta,Meta Size Sale,Meta,paid,Meta Size Sale,MET-1074,50,first_time,RTO,Customer not available,2,RTO
FTW-24716,SH987650715,2026-04-26T11:30:00.000Z,Vivaan Rao,9700000040,customer716@example.com,"House 103, Block B, Hyderabad Residency, Sector 8",,500081,Hyderabad,Telangana,HEEL-GLD-6,Gold Block Heels,1,1850,Prepaid,Shadowfax,Shopify,Google Shopping,Google,paid,Google Shopping,GOO-1075,56,first_time,RTO,Incorrect address,3,RTO
FTW-24717,SH987650716,2026-04-27T12:30:00.000Z,Meera Singh,9700000041,customer717@example.com,"House 104, Block C, Bhubaneswar Residency, Sector 9",Near main market,751024,Bhubaneswar,Odisha,SNEAK-WHT-8,White Sneakers,1,2100,COD,Shiprocket,Instagram,Creator Try-on,Instagram,paid,Creator Try-on,INS-1076,45,repeat_delivered,RTO,No response on phone,2,RTO
FTW-24718,SH987650717,2026-04-28T13:30:00.000Z,Ishaan Gupta,9700000042,customer718@example.com,Near temple main road Ghaziabad,,201001,Ghaziabad,Uttar Pradesh,SANDAL-TAN-7,Tan Platform Sandals,1,1550,COD,Shiprocket,Meta,Meta Size Sale,Meta,paid,Meta Size Sale,MET-1077,42,first_time,RTO,Door locked,3,RTO
FTW-24719,DE987650718,2026-04-29T14:30:00.000Z,Sara Ali,9700000043,customer719@example.com,"House 106, Block E, Bhubaneswar Residency, Sector 11",Near main market,751024,Bhubaneswar,Odisha,RUN-BLK-9,Black Running Shoes,1,2200,COD,Delhivery,Shopify,Google Shopping,Google,paid,Google Shopping,GOO-1078,54,first_time,Delivered,,0,Delivered
FTW-24720,XP987650719,2026-04-30T15:30:00.000Z,Nisha Nair,9700000044,customer720@example.com,"House 107, Block F, Patna Residency, Sector 12",Near main market,800001,Patna,Bihar,HEEL-GLD-6,Gold Block Heels,1,2000,COD,Xpressbees,Instagram,Creator Try-on,Instagram,paid,Creator Try-on,INS-1079,41,first_time,Undelivered,Cash not ready,2,In NDR
FTW-24721,BL987650720,2026-04-01T04:30:00.000Z,Aarav Sharma,9700000045,customer721@example.com,"House 18, Block A, Ghaziabad Residency, Sector 1",,201001,Ghaziabad,Uttar Pradesh,SNEAK-WHT-8,White Sneakers,1,1950,Prepaid,Bluedart,Meta,Meta Size Sale,Meta,paid,Meta Size Sale,MET-1000,45,repeat_delivered,Delivered,,0,Delivered
FTW-24722,SH987650721,2026-04-02T05:30:00.000Z,Diya Verma,9700000046,customer722@example.com,"House 19, Block B, Jaipur Residency, Sector 2",Near main market,302001,Jaipur,Rajasthan,SANDAL-TAN-7,Tan Platform Sandals,1,1400,Prepaid,Shadowfax,Shopify,Google Shopping,Google,paid,Google Shopping,GOO-1001,47,first_time,Delivered,,0,Delivered
FTW-24723,EK987650722,2026-04-03T06:30:00.000Z,Kabir Khan,9700000047,customer723@example.com,"House 20, Block C, Bengaluru Residency, Sector 3",Near main market,560095,Bengaluru,Karnataka,RUN-BLK-9,Black Running Shoes,1,2350,Prepaid,Ekart,Instagram,Creator Try-on,Instagram,paid,Creator Try-on,INS-1002,53,first_time,Delivered,,0,Delivered
FTW-24724,SH987650723,2026-04-04T07:30:00.000Z,Ananya Iyer,9700000048,customer724@example.com,"House 21, Block D, Ahmedabad Residency, Sector 4",Near main market,380015,Ahmedabad,Gujarat,HEEL-GLD-6,Gold Block Heels,1,1900,Prepaid,Shiprocket,Meta,Meta Size Sale,Meta,paid,Meta Size Sale,MET-1003,56,first_time,RTO,No response on phone,3,RTO
FTW-24725,BL987650724,2026-04-05T08:30:00.000Z,Riya Patel,9700000049,customer725@example.com,"House 22, Block E, Jaipur Residency, Sector 5",Near main market,302001,Jaipur,Rajasthan,SNEAK-WHT-8,White Sneakers,1,2000,COD,Bluedart,Shopify,Google Shopping,Google,paid,Google Shopping,GOO-1004,50,repeat_delivered,Delivered,,0,Delivered
FTW-24726,EK987650725,2026-04-06T09:30:00.000Z,Vivaan Rao,9700000050,customer726@example.com,Near temple main road Bhubaneswar,,751024,Bhubaneswar,Odisha,SANDAL-TAN-7,Tan Platform Sandals,2,1500,COD,Ekart,Instagram,Creator Try-on,Instagram,paid,Creator Try-on,INS-1005,52,first_time,RTO,Customer refused delivery,3,RTO
FTW-24727,SH987650726,2026-04-07T10:30:00.000Z,Meera Singh,9700000051,customer727@example.com,"House 24, Block A, Kolkata Residency, Sector 7",Near main market,700016,Kolkata,West Bengal,RUN-BLK-9,Black Running Shoes,1,2100,Prepaid,Shadowfax,Meta,Meta Size Sale,Meta,paid,Meta Size Sale,MET-1006,57,first_time,Undelivered,Cash not ready,1,In NDR
FTW-24728,DE987650727,2026-04-08T11:30:00.000Z,Ishaan Gupta,9700000052,customer728@example.com,"House 25, Block B, Lucknow Residency, Sector 8",Near main market,226010,Lucknow,Uttar Pradesh,HEEL-GLD-6,Gold Block Heels,1,1950,Prepaid,Delhivery,Shopify,Google Shopping,Google,paid,Google Shopping,GOO-1007,55,first_time,RTO,Customer requested future delivery,3,RTO
FTW-24729,SH987650728,2026-04-09T12:30:00.000Z,Sara Ali,9700000053,customer729@example.com,"House 26, Block C, Indore Residency, Sector 9",Near main market,452010,Indore,Madhya Pradesh,SNEAK-WHT-8,White Sneakers,1,1850,COD,Shiprocket,Instagram,Creator Try-on,Instagram,paid,Creator Try-on,INS-1008,54,repeat_delivered,RTO,Customer not available,2,RTO
FTW-24730,DT987650729,2026-04-10T13:30:00.000Z,Nisha Nair,9700000054,customer730@example.com,"House 27, Block D, Surat Residency, Sector 10",Near main market,395007,Surat,Gujarat,SANDAL-TAN-7,Tan Platform Sandals,1,1400,COD,DTDC,Meta,Meta Size Sale,Meta,paid,Meta Size Sale,MET-1009,53,first_time,RTO,Incorrect address,3,RTO
FTW-24731,SH987650730,2026-04-11T14:30:00.000Z,Aarav Sharma,9700000055,customer731@example.com,"House 28, Block E, Hyderabad Residency, Sector 11",,500081,Hyderabad,Telangana,RUN-BLK-9,Black Running Shoes,1,2250,COD,Shiprocket,Shopify,Google Shopping,Google,paid,Google Shopping,GOO-1010,55,first_time,Delivered,,0,Delivered
FTW-24732,DE987650731,2026-04-12T15:30:00.000Z,Diya Verma,9700000056,customer732@example.com,"House 29, Block F, Bhubaneswar Residency, Sector 12",Near main market,751024,Bhubaneswar,Odisha,HEEL-GLD-6,Gold Block Heels,1,1900,Prepaid,Delhivery,Instagram,Creator Try-on,Instagram,paid,Creator Try-on,INS-1011,57,first_time,RTO,Door locked,3,RTO
FTW-24733,SH987650732,2026-04-13T04:30:00.000Z,Kabir Khan,9700000057,customer733@example.com,"House 30, Block A, Chennai Residency, Sector 1",Near main market,600042,Chennai,Tamil Nadu,SNEAK-WHT-8,White Sneakers,1,2100,COD,Shadowfax,Meta,Meta Size Sale,Meta,paid,Meta Size Sale,MET-1012,49,repeat_delivered,RTO,Customer refused delivery,2,RTO
FTW-24734,DE987650733,2026-04-14T05:30:00.000Z,Ananya Iyer,9700000058,customer734@example.com,"House 31, Block B, Bhubaneswar Residency, Sector 2",Near main market,751024,Bhubaneswar,Odisha,SANDAL-TAN-7,Tan Platform Sandals,1,1550,COD,Delhivery,Shopify,Google Shopping,Google,paid,Google Shopping,GOO-1013,53,first_time,Delivered,,0,Delivered
FTW-24735,DE987650734,2026-04-15T06:30:00.000Z,Riya Patel,9700000059,customer735@example.com,"House 32, Block C, Patna Residency, Sector 3",Near main market,800001,Patna,Bihar,RUN-BLK-9,Black Running Shoes,1,2400,COD,Delhivery,Instagram,Creator Try-on,Instagram,paid,Creator Try-on,INS-1014,44,first_time,Undelivered,Customer requested future delivery,1,In NDR
FTW-24736,DE987650735,2026-04-16T07:30:00.000Z,Vivaan Rao,9700000060,customer736@example.com,"House 33, Block D, Ghaziabad Residency, Sector 4",,201001,Ghaziabad,Uttar Pradesh,HEEL-GLD-6,Gold Block Heels,1,2000,COD,Delhivery,Meta,Meta Size Sale,Meta,paid,Meta Size Sale,MET-1015,50,first_time,RTO,Customer not available,3,RTO
FTW-24737,EK987650736,2026-04-17T08:30:00.000Z,Meera Singh,9700000061,customer737@example.com,"House 34, Block E, Delhi Residency, Sector 5",Near main market,110024,Delhi,Delhi,SNEAK-WHT-8,White Sneakers,1,1950,COD,Ekart,Shopify,Google Shopping,Google,paid,Google Shopping,GOO-1016,44,repeat_delivered,Delivered,,0,Delivered
FTW-24738,SH987650737,2026-04-18T09:30:00.000Z,Ishaan Gupta,9700000062,customer738@example.com,"House 35, Block F, Bengaluru Residency, Sector 6",Near main market,560095,Bengaluru,Karnataka,SANDAL-TAN-7,Tan Platform Sandals,1,1550,COD,Shadowfax,Instagram,Creator Try-on,Instagram,paid,Creator Try-on,INS-1017,52,first_time,Delivered,,0,Delivered
FTW-24739,DE987650738,2026-04-19T10:30:00.000Z,Sara Ali,9700000063,customer739@example.com,"House 36, Block A, Ghaziabad Residency, Sector 7",Near main market,201001,Ghaziabad,Uttar Pradesh,RUN-BLK-9,Black Running Shoes,1,2350,COD,Delhivery,Meta,Meta Size Sale,Meta,paid,Meta Size Sale,MET-1018,45,first_time,RTO,Door locked,2,RTO
FTW-24740,SH987650739,2026-04-20T11:30:00.000Z,Nisha Nair,9700000064,customer740@example.com,"House 37, Block B, Jaipur Residency, Sector 8",Near main market,302001,Jaipur,Rajasthan,HEEL-GLD-6,Gold Block Heels,1,2050,COD,Shiprocket,Shopify,Google Shopping,Google,paid,Google Shopping,GOO-1019,58,first_time,Delivered,,0,Delivered
FTW-24741,EK987650740,2026-04-21T12:30:00.000Z,Aarav Sharma,9700000065,customer741@example.com,Near temple main road Bhubaneswar,,751024,Bhubaneswar,Odisha,SNEAK-WHT-8,White Sneakers,1,2000,COD,Ekart,Instagram,Creator Try-on,Instagram,paid,Creator Try-on,INS-1020,57,repeat_delivered,RTO,Cash not ready,2,RTO
FTW-24742,BL987650741,2026-04-22T13:30:00.000Z,Diya Verma,9700000066,customer742@example.com,"House 39, Block D, Kolkata Residency, Sector 10",Near main market,700016,Kolkata,West Bengal,SANDAL-TAN-7,Tan Platform Sandals,1,1400,COD,Bluedart,Meta,Meta Size Sale,Meta,paid,Meta Size Sale,MET-1021,50,first_time,Delivered,,0,Delivered
FTW-24743,SH987650742,2026-04-23T14:30:00.000Z,Kabir Khan,9700000067,customer743@example.com,"House 40, Block E, Lucknow Residency, Sector 11",Near main market,226010,Lucknow,Uttar Pradesh,RUN-BLK-9,Black Running Shoes,1,2250,Prepaid,Shiprocket,Shopify,Google Shopping,Google,paid,Google Shopping,GOO-1022,43,first_time,RTO,Customer not available,2,RTO
FTW-24744,SH987650743,2026-04-24T15:30:00.000Z,Ananya Iyer,9700000068,customer744@example.com,"House 41, Block F, Indore Residency, Sector 12",Near main market,452010,Indore,Madhya Pradesh,HEEL-GLD-6,Gold Block Heels,1,1800,COD,Shadowfax,Instagram,Creator Try-on,Instagram,paid,Creator Try-on,INS-1023,43,first_time,RTO,Incorrect address,3,RTO
FTW-24745,BL987650744,2026-04-25T04:30:00.000Z,Riya Patel,9700000069,customer745@example.com,"House 42, Block A, Ghaziabad Residency, Sector 1",Near main market,201001,Ghaziabad,Uttar Pradesh,SNEAK-WHT-8,White Sneakers,1,2150,Prepaid,Bluedart,Meta,Meta Size Sale,Meta,paid,Meta Size Sale,MET-1024,52,repeat_delivered,Undelivered,No response on phone,1,In NDR
FTW-24746,BL987650745,2026-04-26T05:30:00.000Z,Vivaan Rao,9700000070,customer746@example.com,"House 43, Block B, Jaipur Residency, Sector 2",,302001,Jaipur,Rajasthan,SANDAL-TAN-7,Tan Platform Sandals,1,1350,COD,Bluedart,Shopify,Google Shopping,Google,paid,Google Shopping,GOO-1025,38,first_time,RTO,Door locked,3,RTO
FTW-24747,XP987650746,2026-04-27T06:30:00.000Z,Meera Singh,9700000071,customer747@example.com,"House 44, Block C, Bhubaneswar Residency, Sector 3",Near main market,751024,Bhubaneswar,Odisha,RUN-BLK-9,Black Running Shoes,1,2150,Prepaid,Xpressbees,Instagram,Creator Try-on,Instagram,paid,Creator Try-on,INS-1026,50,first_time,RTO,Customer refused delivery,2,RTO
FTW-24748,SH987650747,2026-04-28T07:30:00.000Z,Ishaan Gupta,9700000072,customer748@example.com,"House 45, Block D, Chennai Residency, Sector 4",Near main market,600042,Chennai,Tamil Nadu,HEEL-GLD-6,Gold Block Heels,1,1850,Prepaid,Shadowfax,Meta,Meta Size Sale,Meta,paid,Meta Size Sale,MET-1027,40,first_time,Delivered,,0,Delivered
FTW-24749,SH987650748,2026-04-29T08:30:00.000Z,Sara Ali,9700000073,customer749@example.com,"House 46, Block E, Jaipur Residency, Sector 5",Near main market,302001,Jaipur,Rajasthan,SNEAK-WHT-8,White Sneakers,1,1900,Prepaid,Shiprocket,Shopify,Google Shopping,Google,paid,Google Shopping,GOO-1028,51,repeat_delivered,RTO,Customer requested future delivery,2,RTO
FTW-24750,DT987650749,2026-04-30T09:30:00.000Z,Nisha Nair,9700000074,customer750@example.com,"House 47, Block F, Bhubaneswar Residency, Sector 6",Near main market,751024,Bhubaneswar,Odisha,SANDAL-TAN-7,Tan Platform Sandals,1,1600,COD,DTDC,Instagram,Creator Try-on,Instagram,paid,Creator Try-on,INS-1029,49,first_time,Undelivered,Customer not available,2,In NDR
FTW-24751,XP987650750,2026-04-01T10:30:00.000Z,Aarav Sharma,9700000075,customer751@example.com,"House 48, Block A, Ghaziabad Residency, Sector 7",,201001,Ghaziabad,Uttar Pradesh,RUN-BLK-9,Black Running Shoes,1,2100,Prepaid,Xpressbees,Meta,Meta Size Sale,Meta,paid,Meta Size Sale,MET-1030,44,first_time,RTO,Incorrect address,2,RTO
FTW-24752,XP987650751,2026-04-02T11:30:00.000Z,Diya Verma,9700000076,customer752@example.com,"House 49, Block B, Jaipur Residency, Sector 8",Near main market,302001,Jaipur,Rajasthan,HEEL-GLD-6,Gold Block Heels,1,2000,COD,Xpressbees,Shopify,Google Shopping,Google,paid,Google Shopping,GOO-1031,52,first_time,Undelivered,No response on phone,2,In NDR
FTW-24753,BL987650752,2026-04-03T12:30:00.000Z,Kabir Khan,9700000077,customer753@example.com,"House 50, Block C, Bengaluru Residency, Sector 9",Near main market,560095,Bengaluru,Karnataka,SNEAK-WHT-8,White Sneakers,1,1850,COD,Bluedart,Instagram,Creator Try-on,Instagram,paid,Creator Try-on,INS-1032,43,repeat_delivered,Undelivered,Door locked,1,In NDR
FTW-24754,DT987650753,2026-04-04T13:30:00.000Z,Ananya Iyer,9700000078,customer754@example.com,"House 51, Block D, Ahmedabad Residency, Sector 10",Near main market,380015,Ahmedabad,Gujarat,SANDAL-TAN-7,Tan Platform Sandals,1,1400,COD,DTDC,Meta,Meta Size Sale,Meta,paid,Meta Size Sale,MET-1033,38,first_time,Delivered,,0,Delivered
FTW-24755,SH987650754,2026-04-05T14:30:00.000Z,Riya Patel,9700000079,customer755@example.com,"House 52, Block E, Jaipur Residency, Sector 11",Near main market,302001,Jaipur,Rajasthan,RUN-BLK-9,Black Running Shoes,2,2350,Prepaid,Shiprocket,Shopify,Google Shopping,Google,paid,Google Shopping,GOO-1034,39,first_time,Delivered,,0,Delivered
FTW-24756,DT987650755,2026-04-06T15:30:00.000Z,Vivaan Rao,9700000080,customer756@example.com,"House 53, Block F, Bhubaneswar Residency, Sector 12",,751024,Bhubaneswar,Odisha,HEEL-GLD-6,Gold Block Heels,1,2000,COD,DTDC,Instagram,Creator Try-on,Instagram,paid,Creator Try-on,INS-1035,55,first_time,RTO,Customer requested future delivery,3,RTO
FTW-24757,BL987650756,2026-04-07T04:30:00.000Z,Meera Singh,9700000081,customer757@example.com,"House 54, Block A, Ghaziabad Residency, Sector 1",Near main market,201001,Ghaziabad,Uttar Pradesh,SNEAK-WHT-8,White Sneakers,1,1900,COD,Bluedart,Meta,Meta Size Sale,Meta,paid,Meta Size Sale,MET-1036,49,repeat_delivered,Undelivered,Customer not available,1,In NDR
FTW-24758,EK987650757,2026-04-08T05:30:00.000Z,Ishaan Gupta,9700000082,customer758@example.com,"House 55, Block B, Lucknow Residency, Sector 2",Near main market,226010,Lucknow,Uttar Pradesh,SANDAL-TAN-7,Tan Platform Sandals,1,1400,COD,Ekart,Shopify,Google Shopping,Google,paid,Google Shopping,GOO-1037,43,first_time,Delivered,,0,Delivered
FTW-24759,DE987650758,2026-04-09T06:30:00.000Z,Sara Ali,9700000083,customer759@example.com,"House 56, Block C, Indore Residency, Sector 3",Near main market,452010,Indore,Madhya Pradesh,RUN-BLK-9,Black Running Shoes,1,2300,Prepaid,Delhivery,Instagram,Creator Try-on,Instagram,paid,Creator Try-on,INS-1038,50,first_time,Undelivered,No response on phone,1,In NDR
FTW-24760,EK987650759,2026-04-10T07:30:00.000Z,Nisha Nair,9700000084,customer760@example.com,"House 57, Block D, Ghaziabad Residency, Sector 4",Near main market,201001,Ghaziabad,Uttar Pradesh,HEEL-GLD-6,Gold Block Heels,1,2050,COD,Ekart,Meta,Meta Size Sale,Meta,paid,Meta Size Sale,MET-1039,45,first_time,RTO,Door locked,3,RTO
FTW-24761,EK987650760,2026-04-11T08:30:00.000Z,Aarav Sharma,9700000085,customer761@example.com,"House 58, Block E, Hyderabad Residency, Sector 5",,500081,Hyderabad,Telangana,SNEAK-WHT-8,White Sneakers,1,1950,COD,Ekart,Shopify,Google Shopping,Google,paid,Google Shopping,GOO-1040,50,repeat_delivered,Delivered,,0,Delivered
FTW-24762,DE987650761,2026-04-12T09:30:00.000Z,Diya Verma,9700000086,customer762@example.com,"House 59, Block F, Mumbai Residency, Sector 6",Near main market,400053,Mumbai,Maharashtra,SANDAL-TAN-7,Tan Platform Sandals,1,1600,COD,Delhivery,Instagram,Creator Try-on,Instagram,paid,Creator Try-on,INS-1041,46,first_time,Delivered,,0,Delivered
FTW-24763,DT987650762,2026-04-13T10:30:00.000Z,Kabir Khan,9700000087,customer763@example.com,"House 60, Block A, Chennai Residency, Sector 7",Near main market,600042,Chennai,Tamil Nadu,RUN-BLK-9,Black Running Shoes,1,2200,Prepaid,DTDC,Meta,Meta Size Sale,Meta,paid,Meta Size Sale,MET-1042,45,first_time,Delivered,,0,Delivered
FTW-24764,SH987650763,2026-04-14T11:30:00.000Z,Ananya Iyer,9700000088,customer764@example.com,"House 61, Block B, Bhubaneswar Residency, Sector 8",Near main market,751024,Bhubaneswar,Odisha,HEEL-GLD-6,Gold Block Heels,1,1800,COD,Shiprocket,Shopify,Google Shopping,Google,paid,Google Shopping,GOO-1043,54,first_time,Delivered,,0,Delivered
FTW-24765,BL987650764,2026-04-15T12:30:00.000Z,Riya Patel,9700000089,customer765@example.com,"House 62, Block C, Patna Residency, Sector 9",Near main market,800001,Patna,Bihar,SNEAK-WHT-8,White Sneakers,1,1900,Prepaid,Bluedart,Instagram,Creator Try-on,Instagram,paid,Creator Try-on,INS-1044,48,repeat_delivered,RTO,Incorrect address,2,RTO
FTW-24766,BL987650765,2026-04-16T13:30:00.000Z,Vivaan Rao,9700000090,customer766@example.com,Near temple main road Ghaziabad,,201001,Ghaziabad,Uttar Pradesh,SANDAL-TAN-7,Tan Platform Sandals,1,1500,Prepaid,Bluedart,Meta,Meta Size Sale,Meta,paid,Meta Size Sale,MET-1045,57,first_time,Undelivered,No response on phone,2,In NDR
FTW-24767,DT987650766,2026-04-17T14:30:00.000Z,Meera Singh,9700000091,customer767@example.com,"House 64, Block E, Jaipur Residency, Sector 11",Near main market,302001,Jaipur,Rajasthan,RUN-BLK-9,Black Running Shoes,1,2400,COD,DTDC,Shopify,Google Shopping,Google,paid,Google Shopping,GOO-1046,40,first_time,Undelivered,Door locked,1,In NDR
FTW-24768,XP987650767,2026-04-18T15:30:00.000Z,Ishaan Gupta,9700000092,customer768@example.com,"House 65, Block F, Bengaluru Residency, Sector 12",Near main market,560095,Bengaluru,Karnataka,HEEL-GLD-6,Gold Block Heels,1,2000,Prepaid,Xpressbees,Instagram,Creator Try-on,Instagram,paid,Creator Try-on,INS-1047,45,first_time,Undelivered,Customer refused delivery,2,In NDR
FTW-24769,DE987650768,2026-04-19T04:30:00.000Z,Sara Ali,9700000093,customer769@example.com,Near temple main road Ghaziabad,,201001,Ghaziabad,Uttar Pradesh,SNEAK-WHT-8,White Sneakers,1,1900,Prepaid,Delhivery,Meta,Meta Size Sale,Meta,paid,Meta Size Sale,MET-1048,49,repeat_delivered,Undelivered,Cash not ready,1,In NDR
FTW-24770,XP987650769,2026-04-20T05:30:00.000Z,Nisha Nair,9700000094,customer770@example.com,"House 67, Block B, Jaipur Residency, Sector 2",Near main market,302001,Jaipur,Rajasthan,SANDAL-TAN-7,Tan Platform Sandals,1,1400,Prepaid,Xpressbees,Shopify,Google Shopping,Google,paid,Google Shopping,GOO-1049,46,first_time,Undelivered,Customer requested future delivery,2,In NDR
FTW-24771,DT987650770,2026-04-21T06:30:00.000Z,Aarav Sharma,9700000095,customer771@example.com,Near temple main road Bhubaneswar,,751024,Bhubaneswar,Odisha,RUN-BLK-9,Black Running Shoes,1,2500,COD,DTDC,Instagram,Creator Try-on,Instagram,paid,Creator Try-on,INS-1050,39,first_time,RTO,Customer not available,2,RTO
FTW-24772,DT987650771,2026-04-22T07:30:00.000Z,Diya Verma,9700000096,customer772@example.com,"House 69, Block D, Kolkata Residency, Sector 4",Near main market,700016,Kolkata,West Bengal,HEEL-GLD-6,Gold Block Heels,1,2050,COD,DTDC,Meta,Meta Size Sale,Meta,paid,Meta Size Sale,MET-1051,53,first_time,Undelivered,Incorrect address,2,In NDR
FTW-24773,EK987650772,2026-04-23T08:30:00.000Z,Kabir Khan,9700000097,customer773@example.com,"House 70, Block E, Lucknow Residency, Sector 5",Near main market,226010,Lucknow,Uttar Pradesh,SNEAK-WHT-8,White Sneakers,1,1850,COD,Ekart,Shopify,Google Shopping,Google,paid,Google Shopping,GOO-1052,42,repeat_delivered,RTO,No response on phone,2,RTO
FTW-24774,XP987650773,2026-04-24T09:30:00.000Z,Ananya Iyer,9700000098,customer774@example.com,"House 71, Block F, Indore Residency, Sector 6",Near main market,452010,Indore,Madhya Pradesh,SANDAL-TAN-7,Tan Platform Sandals,1,1600,COD,Xpressbees,Instagram,Creator Try-on,Instagram,paid,Creator Try-on,INS-1053,56,first_time,RTO,Door locked,3,RTO
FTW-24775,XP987650774,2026-04-25T10:30:00.000Z,Riya Patel,9700000099,customer775@example.com,"House 72, Block A, Surat Residency, Sector 7",Near main market,395007,Surat,Gujarat,RUN-BLK-9,Black Running Shoes,1,2350,Prepaid,Xpressbees,Meta,Meta Size Sale,Meta,paid,Meta Size Sale,MET-1054,48,first_time,RTO,Customer refused delivery,2,RTO
FTW-24776,XP987650775,2026-04-26T11:30:00.000Z,Vivaan Rao,9700000100,customer776@example.com,"House 73, Block B, Hyderabad Residency, Sector 8",,500081,Hyderabad,Telangana,HEEL-GLD-6,Gold Block Heels,1,2050,Prepaid,Xpressbees,Shopify,Google Shopping,Google,paid,Google Shopping,GOO-1055,47,first_time,Delivered,,0,Delivered
FTW-24777,DE987650776,2026-04-27T12:30:00.000Z,Meera Singh,9700000101,customer777@example.com,"House 74, Block C, Mumbai Residency, Sector 9",Near main market,400053,Mumbai,Maharashtra,SNEAK-WHT-8,White Sneakers,1,2100,COD,Delhivery,Instagram,Creator Try-on,Instagram,paid,Creator Try-on,INS-1056,57,repeat_delivered,Undelivered,Customer requested future delivery,1,In NDR
FTW-24778,SH987650777,2026-04-28T13:30:00.000Z,Ishaan Gupta,9700000102,customer778@example.com,"House 75, Block D, Chennai Residency, Sector 10",Near main market,600042,Chennai,Tamil Nadu,SANDAL-TAN-7,Tan Platform Sandals,1,1500,Prepaid,Shadowfax,Meta,Meta Size Sale,Meta,paid,Meta Size Sale,MET-1057,51,first_time,Delivered,,0,Delivered
FTW-24779,SH987650778,2026-04-29T14:30:00.000Z,Sara Ali,9700000103,customer779@example.com,"House 76, Block E, Bhubaneswar Residency, Sector 11",Near main market,751024,Bhubaneswar,Odisha,RUN-BLK-9,Black Running Shoes,1,2350,COD,Shiprocket,Shopify,Google Shopping,Google,paid,Google Shopping,GOO-1058,39,first_time,Delivered,,0,Delivered
FTW-24780,DT987650779,2026-04-30T15:30:00.000Z,Nisha Nair,9700000104,customer780@example.com,"House 77, Block F, Patna Residency, Sector 12",Near main market,800001,Patna,Bihar,HEEL-GLD-6,Gold Block Heels,1,1950,COD,DTDC,Instagram,Creator Try-on,Instagram,paid,Creator Try-on,INS-1059,56,first_time,Undelivered,No response on phone,2,In NDR
FTW-24781,XP987650780,2026-04-01T04:30:00.000Z,Aarav Sharma,9700000105,customer781@example.com,"House 78, Block A, Ghaziabad Residency, Sector 1",,201001,Ghaziabad,Uttar Pradesh,SNEAK-WHT-8,White Sneakers,1,2050,COD,Xpressbees,Meta,Meta Size Sale,Meta,paid,Meta Size Sale,MET-1060,56,repeat_delivered,Undelivered,Door locked,1,In NDR
FTW-24782,SH987650781,2026-04-02T05:30:00.000Z,Diya Verma,9700000106,customer782@example.com,Near temple main road Jaipur,,302001,Jaipur,Rajasthan,SANDAL-TAN-7,Tan Platform Sandals,1,1450,Prepaid,Shadowfax,Shopify,Google Shopping,Google,paid,Google Shopping,GOO-1061,52,first_time,Delivered,,0,Delivered
FTW-24783,EK987650782,2026-04-03T06:30:00.000Z,Kabir Khan,9700000107,customer783@example.com,"House 80, Block C, Bengaluru Residency, Sector 3",Near main market,560095,Bengaluru,Karnataka,RUN-BLK-9,Black Running Shoes,1,2150,COD,Ekart,Instagram,Creator Try-on,Instagram,paid,Creator Try-on,INS-1062,42,first_time,RTO,Cash not ready,2,RTO
FTW-24784,SH987650783,2026-04-04T07:30:00.000Z,Ananya Iyer,9700000108,customer784@example.com,"House 81, Block D, Ahmedabad Residency, Sector 4",Near main market,380015,Ahmedabad,Gujarat,HEEL-GLD-6,Gold Block Heels,2,1950,COD,Shiprocket,Meta,Meta Size Sale,Meta,paid,Meta Size Sale,MET-1063,43,first_time,Undelivered,Customer requested future delivery,2,In NDR
FTW-24785,EK987650784,2026-04-05T08:30:00.000Z,Riya Patel,9700000109,customer785@example.com,"House 82, Block E, Jaipur Residency, Sector 5",Near main market,302001,Jaipur,Rajasthan,SNEAK-WHT-8,White Sneakers,1,2050,COD,Ekart,Shopify,Google Shopping,Google,paid,Google Shopping,GOO-1064,50,repeat_delivered,Delivered,,0,Delivered
FTW-24786,XP987650785,2026-04-06T09:30:00.000Z,Vivaan Rao,9700000110,customer786@example.com,"House 83, Block F, Pune Residency, Sector 6",,411045,Pune,Maharashtra,SANDAL-TAN-7,Tan Platform Sandals,1,1500,Prepaid,Xpressbees,Instagram,Creator Try-on,Instagram,paid,Creator Try-on,INS-1065,54,first_time,Delivered,,0,Delivered
FTW-24787,BL987650786,2026-04-07T10:30:00.000Z,Meera Singh,9700000111,customer787@example.com,"House 84, Block A, Ghaziabad Residency, Sector 7",Near main market,201001,Ghaziabad,Uttar Pradesh,RUN-BLK-9,Black Running Shoes,1,2300,COD,Bluedart,Meta,Meta Size Sale,Meta,paid,Meta Size Sale,MET-1066,48,first_time,Undelivered,No response on phone,1,In NDR
FTW-24788,SH987650787,2026-04-08T11:30:00.000Z,Ishaan Gupta,9700000112,customer788@example.com,"House 85, Block B, Jaipur Residency, Sector 8",Near main market,302001,Jaipur,Rajasthan,HEEL-GLD-6,Gold Block Heels,1,2000,COD,Shadowfax,Shopify,Google Shopping,Google,paid,Google Shopping,GOO-1067,54,first_time,Delivered,,0,Delivered
FTW-24789,SH987650788,2026-04-09T12:30:00.000Z,Sara Ali,9700000113,customer789@example.com,"House 86, Block C, Indore Residency, Sector 9",Near main market,452010,Indore,Madhya Pradesh,SNEAK-WHT-8,White Sneakers,1,2000,Prepaid,Shiprocket,Instagram,Creator Try-on,Instagram,paid,Creator Try-on,INS-1068,39,repeat_delivered,RTO,Customer refused delivery,2,RTO
FTW-24790,XP987650789,2026-04-10T13:30:00.000Z,Nisha Nair,9700000114,customer790@example.com,"House 87, Block D, Surat Residency, Sector 10",Near main market,395007,Surat,Gujarat,SANDAL-TAN-7,Tan Platform Sandals,1,1400,COD,Xpressbees,Meta,Meta Size Sale,Meta,paid,Meta Size Sale,MET-1069,57,first_time,RTO,Cash not ready,3,RTO
FTW-24791,SH987650790,2026-04-11T14:30:00.000Z,Aarav Sharma,9700000115,customer791@example.com,"House 88, Block E, Hyderabad Residency, Sector 11",,500081,Hyderabad,Telangana,RUN-BLK-9,Black Running Shoes,1,2500,COD,Shiprocket,Shopify,Google Shopping,Google,paid,Google Shopping,GOO-1070,53,first_time,RTO,Customer requested future delivery,2,RTO
FTW-24792,DE987650791,2026-04-12T15:30:00.000Z,Diya Verma,9700000116,customer792@example.com,"House 89, Block F, Mumbai Residency, Sector 12",Near main market,400053,Mumbai,Maharashtra,HEEL-GLD-6,Gold Block Heels,1,1850,Prepaid,Delhivery,Instagram,Creator Try-on,Instagram,paid,Creator Try-on,INS-1071,56,first_time,Undelivered,Customer not available,2,In NDR
FTW-24793,EK987650792,2026-04-13T04:30:00.000Z,Kabir Khan,9700000117,customer793@example.com,"House 90, Block A, Chennai Residency, Sector 1",Near main market,600042,Chennai,Tamil Nadu,SNEAK-WHT-8,White Sneakers,1,2100,COD,Ekart,Meta,Meta Size Sale,Meta,paid,Meta Size Sale,MET-1072,48,repeat_delivered,Undelivered,Incorrect address,1,In NDR
FTW-24794,BL987650793,2026-04-14T05:30:00.000Z,Ananya Iyer,9700000118,customer794@example.com,"House 91, Block B, Bhubaneswar Residency, Sector 2",Near main market,751024,Bhubaneswar,Odisha,SANDAL-TAN-7,Tan Platform Sandals,1,1450,COD,Bluedart,Shopify,Google Shopping,Google,paid,Google Shopping,GOO-1073,40,first_time,Undelivered,No response on phone,2,In NDR
FTW-24795,DE987650794,2026-04-15T06:30:00.000Z,Riya Patel,9700000119,customer795@example.com,Near temple main road Bhubaneswar,,751024,Bhubaneswar,Odisha,RUN-BLK-9,Black Running Shoes,1,2350,COD,Delhivery,Instagram,Creator Try-on,Instagram,paid,Creator Try-on,INS-1074,47,first_time,RTO,Door locked,2,RTO
FTW-24796,DT987650795,2026-04-16T07:30:00.000Z,Vivaan Rao,9700000120,customer796@example.com,"House 93, Block D, Ghaziabad Residency, Sector 4",,201001,Ghaziabad,Uttar Pradesh,HEEL-GLD-6,Gold Block Heels,1,1750,Prepaid,DTDC,Meta,Meta Size Sale,Meta,paid,Meta Size Sale,MET-1075,51,first_time,Delivered,,0,Delivered
FTW-24797,EK987650796,2026-04-17T08:30:00.000Z,Meera Singh,9700000121,customer797@example.com,"House 94, Block E, Jaipur Residency, Sector 5",Near main market,302001,Jaipur,Rajasthan,SNEAK-WHT-8,White Sneakers,1,1850,Prepaid,Ekart,Shopify,Google Shopping,Google,paid,Google Shopping,GOO-1076,51,repeat_delivered,Undelivered,Cash not ready,1,In NDR
FTW-24798,XP987650797,2026-04-18T09:30:00.000Z,Ishaan Gupta,9700000122,customer798@example.com,"House 95, Block F, Bhubaneswar Residency, Sector 6",Near main market,751024,Bhubaneswar,Odisha,SANDAL-TAN-7,Tan Platform Sandals,1,1350,Prepaid,Xpressbees,Instagram,Creator Try-on,Instagram,paid,Creator Try-on,INS-1077,48,first_time,RTO,Customer requested future delivery,3,RTO
FTW-24799,EK987650798,2026-04-19T10:30:00.000Z,Sara Ali,9700000123,customer799@example.com,"House 96, Block A, Ahmedabad Residency, Sector 7",Near main market,380015,Ahmedabad,Gujarat,RUN-BLK-9,Black Running Shoes,1,2450,Prepaid,Ekart,Meta,Meta Size Sale,Meta,paid,Meta Size Sale,MET-1078,51,first_time,Delivered,,0,Delivered
FTW-24800,XP987650799,2026-04-20T11:30:00.000Z,Nisha Nair,9700000124,customer800@example.com,Near temple main road Jaipur,,302001,Jaipur,Rajasthan,HEEL-GLD-6,Gold Block Heels,1,1950,Prepaid,Xpressbees,Shopify,Google Shopping,Google,paid,Google Shopping,GOO-1079,49,first_time,Undelivered,Incorrect address,2,In NDR
FTW-24801,EK987650800,2026-04-21T12:30:00.000Z,Aarav Sharma,9700000125,customer801@example.com,Near temple main road Bhubaneswar,,751024,Bhubaneswar,Odisha,SNEAK-WHT-8,White Sneakers,1,1900,COD,Ekart,Instagram,Creator Try-on,Instagram,paid,Creator Try-on,INS-1000,58,repeat_delivered,RTO,No response on phone,2,RTO
FTW-24802,XP987650801,2026-04-22T13:30:00.000Z,Diya Verma,9700000126,customer802@example.com,"House 99, Block D, Kolkata Residency, Sector 10",Near main market,700016,Kolkata,West Bengal,SANDAL-TAN-7,Tan Platform Sandals,1,1600,Prepaid,Xpressbees,Meta,Meta Size Sale,Meta,paid,Meta Size Sale,MET-1001,51,first_time,Undelivered,Door locked,2,In NDR
FTW-24803,SH987650802,2026-04-23T14:30:00.000Z,Kabir Khan,9700000127,customer803@example.com,"House 100, Block E, Lucknow Residency, Sector 11",Near main market,226010,Lucknow,Uttar Pradesh,RUN-BLK-9,Black Running Shoes,1,2250,COD,Shadowfax,Shopify,Google Shopping,Google,paid,Google Shopping,GOO-1002,43,first_time,Delivered,,0,Delivered
FTW-24804,DE987650803,2026-04-24T15:30:00.000Z,Ananya Iyer,9700000128,customer804@example.com,"House 101, Block F, Indore Residency, Sector 12",Near main market,452010,Indore,Madhya Pradesh,HEEL-GLD-6,Gold Block Heels,1,1750,Prepaid,Delhivery,Instagram,Creator Try-on,Instagram,paid,Creator Try-on,INS-1003,55,first_time,RTO,Cash not ready,3,RTO
FTW-24805,SH987650804,2026-04-25T04:30:00.000Z,Riya Patel,9700000129,customer805@example.com,"House 102, Block A, Surat Residency, Sector 1",Near main market,395007,Surat,Gujarat,SNEAK-WHT-8,White Sneakers,1,2100,COD,Shiprocket,Meta,Meta Size Sale,Meta,paid,Meta Size Sale,MET-1004,50,repeat_delivered,RTO,Customer requested future delivery,2,RTO
FTW-24806,SH987650805,2026-04-26T05:30:00.000Z,Vivaan Rao,9700000130,customer806@example.com,"House 103, Block B, Hyderabad Residency, Sector 2",,500081,Hyderabad,Telangana,SANDAL-TAN-7,Tan Platform Sandals,1,1500,Prepaid,Shadowfax,Shopify,Google Shopping,Google,paid,Google Shopping,GOO-1005,54,first_time,Delivered,,0,Delivered
FTW-24807,SH987650806,2026-04-27T06:30:00.000Z,Meera Singh,9700000131,customer807@example.com,"House 104, Block C, Bhubaneswar Residency, Sector 3",Near main market,751024,Bhubaneswar,Odisha,RUN-BLK-9,Black Running Shoes,1,2150,Prepaid,Shadowfax,Instagram,Creator Try-on,Instagram,paid,Creator Try-on,INS-1006,55,first_time,Undelivered,Incorrect address,1,In NDR
FTW-24808,BL987650807,2026-04-28T07:30:00.000Z,Ishaan Gupta,9700000132,customer808@example.com,"House 105, Block D, Chennai Residency, Sector 4",Near main market,600042,Chennai,Tamil Nadu,HEEL-GLD-6,Gold Block Heels,1,1750,COD,Bluedart,Meta,Meta Size Sale,Meta,paid,Meta Size Sale,MET-1007,57,first_time,Undelivered,No response on phone,2,In NDR
FTW-24809,SH987650808,2026-04-29T08:30:00.000Z,Sara Ali,9700000133,customer809@example.com,"House 106, Block E, Bhubaneswar Residency, Sector 5",Near main market,751024,Bhubaneswar,Odisha,SNEAK-WHT-8,White Sneakers,1,2050,Prepaid,Shiprocket,Shopify,Google Shopping,Google,paid,Google Shopping,GOO-1008,40,repeat_delivered,Delivered,,0,Delivered
FTW-24810,EK987650809,2026-04-30T09:30:00.000Z,Nisha Nair,9700000134,customer810@example.com,"House 107, Block F, Patna Residency, Sector 6",Near main market,800001,Patna,Bihar,SANDAL-TAN-7,Tan Platform Sandals,1,1550,COD,Ekart,Instagram,Creator Try-on,Instagram,paid,Creator Try-on,INS-1009,41,first_time,RTO,Customer refused delivery,3,RTO
FTW-24811,XP987650810,2026-04-01T10:30:00.000Z,Aarav Sharma,9700000135,customer811@example.com,"House 18, Block A, Ghaziabad Residency, Sector 7",,201001,Ghaziabad,Uttar Pradesh,RUN-BLK-9,Black Running Shoes,1,2500,COD,Xpressbees,Meta,Meta Size Sale,Meta,paid,Meta Size Sale,MET-1010,57,first_time,Undelivered,Cash not ready,1,In NDR
FTW-24812,EK987650811,2026-04-02T11:30:00.000Z,Diya Verma,9700000136,customer812@example.com,"House 19, Block B, Delhi Residency, Sector 8",Near main market,110024,Delhi,Delhi,HEEL-GLD-6,Gold Block Heels,1,1950,Prepaid,Ekart,Shopify,Google Shopping,Google,paid,Google Shopping,GOO-1011,38,first_time,RTO,Customer requested future delivery,3,RTO
FTW-24813,BL987650812,2026-04-03T12:30:00.000Z,Kabir Khan,9700000137,customer813@example.com,Near temple main road Bhubaneswar,,751024,Bhubaneswar,Odisha,SNEAK-WHT-8,White Sneakers,2,2000,COD,Bluedart,Instagram,Creator Try-on,Instagram,paid,Creator Try-on,INS-1012,42,repeat_delivered,RTO,Customer not available,2,RTO
FTW-24814,DE987650813,2026-04-04T13:30:00.000Z,Ananya Iyer,9700000138,customer814@example.com,"House 21, Block D, Ghaziabad Residency, Sector 10",Near main market,201001,Ghaziabad,Uttar Pradesh,SANDAL-TAN-7,Tan Platform Sandals,1,1600,COD,Delhivery,Meta,Meta Size Sale,Meta,paid,Meta Size Sale,MET-1013,50,first_time,Undelivered,Incorrect address,2,In NDR
FTW-24815,SH987650814,2026-04-05T14:30:00.000Z,Riya Patel,9700000139,customer815@example.com,"House 22, Block E, Jaipur Residency, Sector 11",Near main market,302001,Jaipur,Rajasthan,RUN-BLK-9,Black Running Shoes,1,2150,COD,Shiprocket,Shopify,Google Shopping,Google,paid,Google Shopping,GOO-1014,49,first_time,Delivered,,0,Delivered
FTW-24816,XP987650815,2026-04-06T15:30:00.000Z,Vivaan Rao,9700000140,customer816@example.com,"House 23, Block F, Pune Residency, Sector 12",,411045,Pune,Maharashtra,HEEL-GLD-6,Gold Block Heels,1,1950,COD,Xpressbees,Instagram,Creator Try-on,Instagram,paid,Creator Try-on,INS-1015,40,first_time,Undelivered,Door locked,2,In NDR
FTW-24817,SH987650816,2026-04-07T04:30:00.000Z,Meera Singh,9700000141,customer817@example.com,"House 24, Block A, Ghaziabad Residency, Sector 1",Near main market,201001,Ghaziabad,Uttar Pradesh,SNEAK-WHT-8,White Sneakers,1,2000,Prepaid,Shadowfax,Meta,Meta Size Sale,Meta,paid,Meta Size Sale,MET-1016,52,repeat_delivered,RTO,Customer refused delivery,2,RTO
FTW-24818,EK987650817,2026-04-08T05:30:00.000Z,Ishaan Gupta,9700000142,customer818@example.com,Near temple main road Jaipur,,302001,Jaipur,Rajasthan,SANDAL-TAN-7,Tan Platform Sandals,1,1600,Prepaid,Ekart,Shopify,Google Shopping,Google,paid,Google Shopping,GOO-1017,53,first_time,Undelivered,Cash not ready,2,In NDR
FTW-24819,BL987650818,2026-04-09T06:30:00.000Z,Sara Ali,9700000143,customer819@example.com,"House 26, Block C, Bhubaneswar Residency, Sector 3",Near main market,751024,Bhubaneswar,Odisha,RUN-BLK-9,Black Running Shoes,1,2300,COD,Bluedart,Instagram,Creator Try-on,Instagram,paid,Creator Try-on,INS-1018,47,first_time,RTO,Customer requested future delivery,2,RTO
FTW-24820,SH987650819,2026-04-10T07:30:00.000Z,Nisha Nair,9700000144,customer820@example.com,"House 27, Block D, Surat Residency, Sector 4",Near main market,395007,Surat,Gujarat,HEEL-GLD-6,Gold Block Heels,1,1800,COD,Shiprocket,Meta,Meta Size Sale,Meta,paid,Meta Size Sale,MET-1019,44,first_time,Undelivered,Customer not available,2,In NDR
FTW-24821,SH987650820,2026-04-11T08:30:00.000Z,Aarav Sharma,9700000145,customer821@example.com,"House 28, Block E, Jaipur Residency, Sector 5",,302001,Jaipur,Rajasthan,SNEAK-WHT-8,White Sneakers,1,2150,COD,Shadowfax,Shopify,Google Shopping,Google,paid,Google Shopping,GOO-1020,44,repeat_delivered,RTO,Incorrect address,2,RTO
FTW-24822,DT987650821,2026-04-12T09:30:00.000Z,Diya Verma,9700000146,customer822@example.com,"House 29, Block F, Mumbai Residency, Sector 6",Near main market,400053,Mumbai,Maharashtra,SANDAL-TAN-7,Tan Platform Sandals,1,1550,COD,DTDC,Instagram,Creator Try-on,Instagram,paid,Creator Try-on,INS-1021,44,first_time,Undelivered,No response on phone,2,In NDR
FTW-24823,SH987650822,2026-04-13T10:30:00.000Z,Kabir Khan,9700000147,customer823@example.com,"House 30, Block A, Ghaziabad Residency, Sector 7",Near main market,201001,Ghaziabad,Uttar Pradesh,RUN-BLK-9,Black Running Shoes,1,2250,COD,Shiprocket,Meta,Meta Size Sale,Meta,paid,Meta Size Sale,MET-1022,49,first_time,RTO,Door locked,2,RTO
FTW-24824,XP987650823,2026-04-14T11:30:00.000Z,Ananya Iyer,9700000148,customer824@example.com,"House 31, Block B, Bhubaneswar Residency, Sector 8",Near main market,751024,Bhubaneswar,Odisha,HEEL-GLD-6,Gold Block Heels,1,2000,Prepaid,Xpressbees,Shopify,Google Shopping,Google,paid,Google Shopping,GOO-1023,54,first_time,Delivered,,0,Delivered
FTW-24825,XP987650824,2026-04-15T12:30:00.000Z,Riya Patel,9700000149,customer825@example.com,"House 32, Block C, Bhubaneswar Residency, Sector 9",Near main market,751024,Bhubaneswar,Odisha,SNEAK-WHT-8,White Sneakers,1,1950,COD,Xpressbees,Instagram,Creator Try-on,Instagram,paid,Creator Try-on,INS-1024,39,repeat_delivered,Cancelled,,0,Cancelled before shipping
FTW-24826,SH987650825,2026-04-16T13:30:00.000Z,Vivaan Rao,9700000150,customer826@example.com,"House 33, Block D, Ghaziabad Residency, Sector 10",,201001,Ghaziabad,Uttar Pradesh,SANDAL-TAN-7,Tan Platform Sandals,1,1400,COD,Shadowfax,Meta,Meta Size Sale,Meta,paid,Meta Size Sale,MET-1025,50,first_time,RTO,Customer requested future delivery,3,RTO
FTW-24827,SH987650826,2026-04-17T14:30:00.000Z,Meera Singh,9700000151,customer827@example.com,"House 34, Block E, Jaipur Residency, Sector 11",Near main market,302001,Jaipur,Rajasthan,RUN-BLK-9,Black Running Shoes,1,2150,COD,Shadowfax,Shopify,Google Shopping,Google,paid,Google Shopping,GOO-1026,51,first_time,RTO,Customer not available,2,RTO
FTW-24828,DE987650827,2026-04-18T15:30:00.000Z,Ishaan Gupta,9700000152,customer828@example.com,"House 35, Block F, Bengaluru Residency, Sector 12",Near main market,560095,Bengaluru,Karnataka,HEEL-GLD-6,Gold Block Heels,1,1950,COD,Delhivery,Instagram,Creator Try-on,Instagram,paid,Creator Try-on,INS-1027,49,first_time,RTO,Incorrect address,3,RTO
FTW-24829,SH987650828,2026-04-19T04:30:00.000Z,Sara Ali,9700000153,customer829@example.com,"House 36, Block A, Ahmedabad Residency, Sector 1",Near main market,380015,Ahmedabad,Gujarat,SNEAK-WHT-8,White Sneakers,1,1900,COD,Shiprocket,Meta,Meta Size Sale,Meta,paid,Meta Size Sale,MET-1028,38,repeat_delivered,Undelivered,No response on phone,1,In NDR
FTW-24830,EK987650829,2026-04-20T05:30:00.000Z,Nisha Nair,9700000154,customer830@example.com,"House 37, Block B, Jaipur Residency, Sector 2",Near main market,302001,Jaipur,Rajasthan,SANDAL-TAN-7,Tan Platform Sandals,1,1450,COD,Ekart,Shopify,Google Shopping,Google,paid,Google Shopping,GOO-1029,41,first_time,Delivered,,0,Delivered
FTW-24831,SH987650830,2026-04-21T06:30:00.000Z,Aarav Sharma,9700000155,customer831@example.com,Near temple main road Bhubaneswar,,751024,Bhubaneswar,Odisha,RUN-BLK-9,Black Running Shoes,1,2100,COD,Shiprocket,Instagram,Creator Try-on,Instagram,paid,Creator Try-on,INS-1030,55,first_time,RTO,Customer refused delivery,2,RTO
FTW-24832,XP987650831,2026-04-22T07:30:00.000Z,Diya Verma,9700000156,customer832@example.com,"House 39, Block D, Kolkata Residency, Sector 4",Near main market,700016,Kolkata,West Bengal,HEEL-GLD-6,Gold Block Heels,1,1850,COD,Xpressbees,Meta,Meta Size Sale,Meta,paid,Meta Size Sale,MET-1031,54,first_time,Undelivered,Cash not ready,2,In NDR
FTW-24833,SH987650832,2026-04-23T08:30:00.000Z,Kabir Khan,9700000157,customer833@example.com,"House 40, Block E, Lucknow Residency, Sector 5",Near main market,226010,Lucknow,Uttar Pradesh,SNEAK-WHT-8,White Sneakers,1,2150,COD,Shiprocket,Shopify,Google Shopping,Google,paid,Google Shopping,GOO-1032,49,repeat_delivered,Undelivered,Customer requested future delivery,1,In NDR
FTW-24834,SH987650833,2026-04-24T09:30:00.000Z,Ananya Iyer,9700000158,customer834@example.com,"House 41, Block F, Indore Residency, Sector 6",Near main market,452010,Indore,Madhya Pradesh,SANDAL-TAN-7,Tan Platform Sandals,1,1550,COD,Shadowfax,Instagram,Creator Try-on,Instagram,paid,Creator Try-on,INS-1033,45,first_time,Delivered,,0,Delivered
FTW-24835,XP987650834,2026-04-25T10:30:00.000Z,Riya Patel,9700000159,customer835@example.com,"House 42, Block A, Surat Residency, Sector 7",Near main market,395007,Surat,Gujarat,RUN-BLK-9,Black Running Shoes,1,2450,COD,Xpressbees,Meta,Meta Size Sale,Meta,paid,Meta Size Sale,MET-1034,44,first_time,Delivered,,0,Delivered
FTW-24836,SH987650835,2026-04-26T11:30:00.000Z,Vivaan Rao,9700000160,customer836@example.com,"House 43, Block B, Hyderabad Residency, Sector 8",,500081,Hyderabad,Telangana,HEEL-GLD-6,Gold Block Heels,1,1950,COD,Shadowfax,Shopify,Google Shopping,Google,paid,Google Shopping,GOO-1035,55,first_time,RTO,No response on phone,3,RTO
FTW-24837,SH987650836,2026-04-27T12:30:00.000Z,Meera Singh,9700000161,customer837@example.com,"House 44, Block C, Mumbai Residency, Sector 9",Near main market,400053,Mumbai,Maharashtra,SNEAK-WHT-8,White Sneakers,1,1850,Prepaid,Shiprocket,Instagram,Creator Try-on,Instagram,paid,Creator Try-on,INS-1036,53,repeat_delivered,Undelivered,Door locked,1,In NDR
FTW-24838,XP987650837,2026-04-28T13:30:00.000Z,Ishaan Gupta,9700000162,customer838@example.com,"House 45, Block D, Chennai Residency, Sector 10",Near main market,600042,Chennai,Tamil Nadu,SANDAL-TAN-7,Tan Platform Sandals,1,1550,COD,Xpressbees,Meta,Meta Size Sale,Meta,paid,Meta Size Sale,MET-1037,55,first_time,Undelivered,Customer refused delivery,2,In NDR
FTW-24839,SH987650838,2026-04-29T14:30:00.000Z,Sara Ali,9700000163,customer839@example.com,Near temple main road Jaipur,,302001,Jaipur,Rajasthan,RUN-BLK-9,Black Running Shoes,1,2400,Prepaid,Shiprocket,Shopify,Google Shopping,Google,paid,Google Shopping,GOO-1038,45,first_time,RTO,Cash not ready,2,RTO
FTW-24840,SH987650839,2026-04-30T15:30:00.000Z,Nisha Nair,9700000164,customer840@example.com,"House 47, Block F, Patna Residency, Sector 12",Near main market,800001,Patna,Bihar,HEEL-GLD-6,Gold Block Heels,1,2050,Prepaid,Shadowfax,Instagram,Creator Try-on,Instagram,paid,Creator Try-on,INS-1039,39,first_time,Delivered,,0,Delivered
FTW-24841,XP987650840,2026-04-01T04:30:00.000Z,Aarav Sharma,9700000165,customer841@example.com,"House 48, Block A, Ghaziabad Residency, Sector 1",,201001,Ghaziabad,Uttar Pradesh,SNEAK-WHT-8,White Sneakers,1,2000,Prepaid,Xpressbees,Meta,Meta Size Sale,Meta,paid,Meta Size Sale,MET-1040,48,repeat_delivered,RTO,Customer not available,2,RTO
FTW-24842,SH987650841,2026-04-02T05:30:00.000Z,Diya Verma,9700000166,customer842@example.com,"House 49, Block B, Delhi Residency, Sector 2",Near main market,110024,Delhi,Delhi,SANDAL-TAN-7,Tan Platform Sandals,2,1600,Prepaid,Shiprocket,Shopify,Google Shopping,Google,paid,Google Shopping,GOO-1041,53,first_time,Undelivered,Incorrect address,2,In NDR
FTW-24843,BL987650842,2026-04-03T06:30:00.000Z,Kabir Khan,9700000167,customer843@example.com,"House 50, Block C, Bhubaneswar Residency, Sector 3",Near main market,751024,Bhubaneswar,Odisha,RUN-BLK-9,Black Running Shoes,1,2300,Prepaid,Bluedart,Instagram,Creator Try-on,Instagram,paid,Creator Try-on,INS-1042,46,first_time,Undelivered,No response on phone,1,In NDR
FTW-24844,BL987650843,2026-04-04T07:30:00.000Z,Ananya Iyer,9700000168,customer844@example.com,Near temple main road Ghaziabad,,201001,Ghaziabad,Uttar Pradesh,HEEL-GLD-6,Gold Block Heels,1,1950,Prepaid,Bluedart,Meta,Meta Size Sale,Meta,paid,Meta Size Sale,MET-1043,52,first_time,RTO,Door locked,3,RTO
FTW-24845,DE987650844,2026-04-05T08:30:00.000Z,Riya Patel,9700000169,customer845@example.com,"House 52, Block E, Jaipur Residency, Sector 5",Near main market,302001,Jaipur,Rajasthan,SNEAK-WHT-8,White Sneakers,1,2150,Prepaid,Delhivery,Shopify,Google Shopping,Google,paid,Google Shopping,GOO-1044,49,repeat_delivered,Delivered,,0,Delivered
FTW-24846,EK987650845,2026-04-06T09:30:00.000Z,Vivaan Rao,9700000170,customer846@example.com,"House 53, Block F, Bhubaneswar Residency, Sector 6",,751024,Bhubaneswar,Odisha,SANDAL-TAN-7,Tan Platform Sandals,1,1400,COD,Ekart,Instagram,Creator Try-on,Instagram,paid,Creator Try-on,INS-1045,40,first_time,RTO,Cash not ready,3,RTO
FTW-24847,DE987650846,2026-04-07T10:30:00.000Z,Meera Singh,9700000171,customer847@example.com,Near temple main road Ghaziabad,,201001,Ghaziabad,Uttar Pradesh,RUN-BLK-9,Black Running Shoes,1,2450,COD,Delhivery,Meta,Meta Size Sale,Meta,paid,Meta Size Sale,MET-1046,50,first_time,Undelivered,Customer requested future delivery,1,In NDR
FTW-24848,EK987650847,2026-04-08T11:30:00.000Z,Ishaan Gupta,9700000172,customer848@example.com,"House 55, Block B, Lucknow Residency, Sector 8",Near main market,226010,Lucknow,Uttar Pradesh,HEEL-GLD-6,Gold Block Heels,1,1750,COD,Ekart,Shopify,Google Shopping,Google,paid,Google Shopping,GOO-1047,38,first_time,RTO,Customer not available,3,RTO
FTW-24849,DT987650848,2026-04-09T12:30:00.000Z,Sara Ali,9700000173,customer849@example.com,"House 56, Block C, Indore Residency, Sector 9",Near main market,452010,Indore,Madhya Pradesh,SNEAK-WHT-8,White Sneakers,1,2050,Prepaid,DTDC,Instagram,Creator Try-on,Instagram,paid,Creator Try-on,INS-1048,39,repeat_delivered,RTO,Incorrect address,2,RTO
FTW-24850,SH987650849,2026-04-10T13:30:00.000Z,Nisha Nair,9700000174,customer850@example.com,Near temple main road Ghaziabad,,201001,Ghaziabad,Uttar Pradesh,SANDAL-TAN-7,Tan Platform Sandals,1,1450,COD,Shadowfax,Meta,Meta Size Sale,Meta,paid,Meta Size Sale,MET-1049,49,first_time,Undelivered,No response on phone,2,In NDR
FTW-24851,DT987650850,2026-04-11T14:30:00.000Z,Aarav Sharma,9700000175,customer851@example.com,"House 58, Block E, Hyderabad Residency, Sector 11",,500081,Hyderabad,Telangana,RUN-BLK-9,Black Running Shoes,1,2350,Prepaid,DTDC,Shopify,Google Shopping,Google,paid,Google Shopping,GOO-1050,50,first_time,RTO,Door locked,2,RTO
FTW-24852,SH987650851,2026-04-12T15:30:00.000Z,Diya Verma,9700000176,customer852@example.com,"House 59, Block F, Mumbai Residency, Sector 12",Near main market,400053,Mumbai,Maharashtra,HEEL-GLD-6,Gold Block Heels,1,1900,Prepaid,Shadowfax,Instagram,Creator Try-on,Instagram,paid,Creator Try-on,INS-1051,43,first_time,Delivered,,0,Delivered
FTW-24853,BL987650852,2026-04-13T04:30:00.000Z,Kabir Khan,9700000177,customer853@example.com,"House 60, Block A, Chennai Residency, Sector 1",Near main market,600042,Chennai,Tamil Nadu,SNEAK-WHT-8,White Sneakers,1,2100,Prepaid,Bluedart,Meta,Meta Size Sale,Meta,paid,Meta Size Sale,MET-1052,43,repeat_delivered,Delivered,,0,Delivered
FTW-24854,SH987650853,2026-04-14T05:30:00.000Z,Ananya Iyer,9700000178,customer854@example.com,"House 61, Block B, Jaipur Residency, Sector 2",Near main market,302001,Jaipur,Rajasthan,SANDAL-TAN-7,Tan Platform Sandals,1,1450,Prepaid,Shiprocket,Shopify,Google Shopping,Google,paid,Google Shopping,GOO-1053,43,first_time,Delivered,,0,Delivered
FTW-24855,SH987650854,2026-04-15T06:30:00.000Z,Riya Patel,9700000179,customer855@example.com,"House 62, Block C, Patna Residency, Sector 3",Near main market,800001,Patna,Bihar,RUN-BLK-9,Black Running Shoes,1,2200,COD,Shadowfax,Instagram,Creator Try-on,Instagram,paid,Creator Try-on,INS-1054,46,first_time,Delivered,,0,Delivered
FTW-24856,EK987650855,2026-04-16T07:30:00.000Z,Vivaan Rao,9700000180,customer856@example.com,"House 63, Block D, Ghaziabad Residency, Sector 4",,201001,Ghaziabad,Uttar Pradesh,HEEL-GLD-6,Gold Block Heels,1,1900,Prepaid,Ekart,Meta,Meta Size Sale,Meta,paid,Meta Size Sale,MET-1055,57,first_time,RTO,Incorrect address,3,RTO
FTW-24857,DE987650856,2026-04-17T08:30:00.000Z,Meera Singh,9700000181,customer857@example.com,"House 64, Block E, Delhi Residency, Sector 5",Near main market,110024,Delhi,Delhi,SNEAK-WHT-8,White Sneakers,1,1950,COD,Delhivery,Shopify,Google Shopping,Google,paid,Google Shopping,GOO-1056,42,repeat_delivered,Delivered,,0,Delivered
FTW-24858,SH987650857,2026-04-18T09:30:00.000Z,Ishaan Gupta,9700000182,customer858@example.com,"House 65, Block F, Bengaluru Residency, Sector 6",Near main market,560095,Bengaluru,Karnataka,SANDAL-TAN-7,Tan Platform Sandals,1,1600,Prepaid,Shiprocket,Instagram,Creator Try-on,Instagram,paid,Creator Try-on,INS-1057,40,first_time,Delivered,,0,Delivered
FTW-24859,SH987650858,2026-04-19T10:30:00.000Z,Sara Ali,9700000183,customer859@example.com,"House 66, Block A, Ghaziabad Residency, Sector 7",Near main market,201001,Ghaziabad,Uttar Pradesh,RUN-BLK-9,Black Running Shoes,1,2350,COD,Shadowfax,Meta,Meta Size Sale,Meta,paid,Meta Size Sale,MET-1058,52,first_time,Undelivered,Customer refused delivery,1,In NDR
FTW-24860,EK987650859,2026-04-20T11:30:00.000Z,Nisha Nair,9700000184,customer860@example.com,Near temple main road Jaipur,,302001,Jaipur,Rajasthan,HEEL-GLD-6,Gold Block Heels,1,1900,COD,Ekart,Shopify,Google Shopping,Google,paid,Google Shopping,GOO-1059,42,first_time,RTO,Cash not ready,3,RTO
FTW-24861,SH987650860,2026-04-21T12:30:00.000Z,Aarav Sharma,9700000185,customer861@example.com,"House 68, Block C, Bhubaneswar Residency, Sector 9",,751024,Bhubaneswar,Odisha,SNEAK-WHT-8,White Sneakers,1,2050,COD,Shiprocket,Instagram,Creator Try-on,Instagram,paid,Creator Try-on,INS-1060,44,repeat_delivered,RTO,Customer requested future delivery,2,RTO
FTW-24862,DE987650861,2026-04-22T13:30:00.000Z,Diya Verma,9700000186,customer862@example.com,"House 69, Block D, Kolkata Residency, Sector 10",Near main market,700016,Kolkata,West Bengal,SANDAL-TAN-7,Tan Platform Sandals,1,1550,COD,Delhivery,Meta,Meta Size Sale,Meta,paid,Meta Size Sale,MET-1061,58,first_time,Undelivered,Customer not available,2,In NDR
FTW-24863,DE987650862,2026-04-23T14:30:00.000Z,Kabir Khan,9700000187,customer863@example.com,"House 70, Block E, Lucknow Residency, Sector 11",Near main market,226010,Lucknow,Uttar Pradesh,RUN-BLK-9,Black Running Shoes,1,2300,Prepaid,Delhivery,Shopify,Google Shopping,Google,paid,Google Shopping,GOO-1062,42,first_time,Delivered,,0,Delivered
FTW-24864,BL987650863,2026-04-24T15:30:00.000Z,Ananya Iyer,9700000188,customer864@example.com,"House 71, Block F, Indore Residency, Sector 12",Near main market,452010,Indore,Madhya Pradesh,HEEL-GLD-6,Gold Block Heels,1,1950,Prepaid,Bluedart,Instagram,Creator Try-on,Instagram,paid,Creator Try-on,INS-1063,47,first_time,RTO,No response on phone,3,RTO
FTW-24865,SH987650864,2026-04-25T04:30:00.000Z,Riya Patel,9700000189,customer865@example.com,"House 72, Block A, Ghaziabad Residency, Sector 1",Near main market,201001,Ghaziabad,Uttar Pradesh,SNEAK-WHT-8,White Sneakers,1,1850,COD,Shiprocket,Meta,Meta Size Sale,Meta,paid,Meta Size Sale,MET-1064,52,repeat_delivered,RTO,Door locked,2,RTO
FTW-24866,BL987650865,2026-04-26T05:30:00.000Z,Vivaan Rao,9700000190,customer866@example.com,"House 73, Block B, Hyderabad Residency, Sector 2",,500081,Hyderabad,Telangana,SANDAL-TAN-7,Tan Platform Sandals,1,1600,COD,Bluedart,Shopify,Google Shopping,Google,paid,Google Shopping,GOO-1065,56,first_time,Delivered,,0,Delivered
FTW-24867,SH987650866,2026-04-27T06:30:00.000Z,Meera Singh,9700000191,customer867@example.com,"House 74, Block C, Bhubaneswar Residency, Sector 3",Near main market,751024,Bhubaneswar,Odisha,RUN-BLK-9,Black Running Shoes,1,2250,COD,Shiprocket,Instagram,Creator Try-on,Instagram,paid,Creator Try-on,INS-1066,46,first_time,Undelivered,Cash not ready,1,In NDR
FTW-24868,XP987650867,2026-04-28T07:30:00.000Z,Ishaan Gupta,9700000192,customer868@example.com,"House 75, Block D, Ghaziabad Residency, Sector 4",Near main market,201001,Ghaziabad,Uttar Pradesh,HEEL-GLD-6,Gold Block Heels,1,1950,Prepaid,Xpressbees,Meta,Meta Size Sale,Meta,paid,Meta Size Sale,MET-1067,51,first_time,RTO,Customer requested future delivery,3,RTO
FTW-24869,EK987650868,2026-04-29T08:30:00.000Z,Sara Ali,9700000193,customer869@example.com,"House 76, Block E, Bhubaneswar Residency, Sector 5",Near main market,751024,Bhubaneswar,Odisha,SNEAK-WHT-8,White Sneakers,1,2150,Prepaid,Ekart,Shopify,Google Shopping,Google,paid,Google Shopping,GOO-1068,43,repeat_delivered,Delivered,,0,Delivered
FTW-24870,BL987650869,2026-04-30T09:30:00.000Z,Nisha Nair,9700000194,customer870@example.com,Near temple main road Bhubaneswar,,751024,Bhubaneswar,Odisha,SANDAL-TAN-7,Tan Platform Sandals,1,1350,Prepaid,Bluedart,Instagram,Creator Try-on,Instagram,paid,Creator Try-on,INS-1069,43,first_time,RTO,Incorrect address,3,RTO
FTW-24871,SH987650870,2026-04-01T10:30:00.000Z,Aarav Sharma,9700000195,customer871@example.com,"House 78, Block A, Ghaziabad Residency, Sector 7",,201001,Ghaziabad,Uttar Pradesh,RUN-BLK-9,Black Running Shoes,2,2200,COD,Shadowfax,Meta,Meta Size Sale,Meta,paid,Meta Size Sale,MET-1070,45,first_time,Undelivered,No response on phone,1,In NDR
FTW-24872,EK987650871,2026-04-02T11:30:00.000Z,Diya Verma,9700000196,customer872@example.com,"House 79, Block B, Delhi Residency, Sector 8",Near main market,110024,Delhi,Delhi,HEEL-GLD-6,Gold Block Heels,1,1750,Prepaid,Ekart,Shopify,Google Shopping,Google,paid,Google Shopping,GOO-1071,40,first_time,Delivered,,0,Delivered
FTW-24873,SH987650872,2026-04-03T12:30:00.000Z,Kabir Khan,9700000197,customer873@example.com,"House 80, Block C, Bengaluru Residency, Sector 9",Near main market,560095,Bengaluru,Karnataka,SNEAK-WHT-8,White Sneakers,1,2050,COD,Shadowfax,Instagram,Creator Try-on,Instagram,paid,Creator Try-on,INS-1072,40,repeat_delivered,RTO,Customer refused delivery,2,RTO
FTW-24874,BL987650873,2026-04-04T13:30:00.000Z,Ananya Iyer,9700000198,customer874@example.com,"House 81, Block D, Ghaziabad Residency, Sector 10",Near main market,201001,Ghaziabad,Uttar Pradesh,SANDAL-TAN-7,Tan Platform Sandals,1,1550,COD,Bluedart,Meta,Meta Size Sale,Meta,paid,Meta Size Sale,MET-1073,57,first_time,RTO,Cash not ready,3,RTO
FTW-24875,SH987650874,2026-04-05T14:30:00.000Z,Riya Patel,9700000199,customer875@example.com,"House 82, Block E, Jaipur Residency, Sector 11",Near main market,302001,Jaipur,Rajasthan,RUN-BLK-9,Black Running Shoes,1,2450,Prepaid,Shiprocket,Shopify,Google Shopping,Google,paid,Google Shopping,GOO-1074,51,first_time,RTO,Customer requested future delivery,2,RTO
FTW-24876,EK987650875,2026-04-06T15:30:00.000Z,Vivaan Rao,9700000200,customer876@example.com,"House 83, Block F, Pune Residency, Sector 12",,411045,Pune,Maharashtra,HEEL-GLD-6,Gold Block Heels,1,1950,Prepaid,Ekart,Instagram,Creator Try-on,Instagram,paid,Creator Try-on,INS-1075,55,first_time,RTO,Customer not available,3,RTO
FTW-24877,EK987650876,2026-04-07T04:30:00.000Z,Meera Singh,9700000201,customer877@example.com,"House 84, Block A, Kolkata Residency, Sector 1",Near main market,700016,Kolkata,West Bengal,SNEAK-WHT-8,White Sneakers,1,2050,COD,Ekart,Meta,Meta Size Sale,Meta,paid,Meta Size Sale,MET-1076,49,repeat_delivered,RTO,Incorrect address,2,RTO
FTW-24878,BL987650877,2026-04-08T05:30:00.000Z,Ishaan Gupta,9700000202,customer878@example.com,"House 85, Block B, Lucknow Residency, Sector 2",Near main market,226010,Lucknow,Uttar Pradesh,SANDAL-TAN-7,Tan Platform Sandals,1,1550,Prepaid,Bluedart,Shopify,Google Shopping,Google,paid,Google Shopping,GOO-1077,50,first_time,Delivered,,0,Delivered
FTW-24879,DE987650878,2026-04-09T06:30:00.000Z,Sara Ali,9700000203,customer879@example.com,"House 86, Block C, Indore Residency, Sector 3",Near main market,452010,Indore,Madhya Pradesh,RUN-BLK-9,Black Running Shoes,1,2250,COD,Delhivery,Instagram,Creator Try-on,Instagram,paid,Creator Try-on,INS-1078,42,first_time,RTO,Door locked,2,RTO
FTW-24880,SH987650879,2026-04-10T07:30:00.000Z,Nisha Nair,9700000204,customer880@example.com,"House 87, Block D, Surat Residency, Sector 4",Near main market,395007,Surat,Gujarat,HEEL-GLD-6,Gold Block Heels,1,2000,COD,Shiprocket,Meta,Meta Size Sale,Meta,paid,Meta Size Sale,MET-1079,48,first_time,RTO,Customer refused delivery,3,RTO
FTW-24881,BL987650880,2026-04-11T08:30:00.000Z,Aarav Sharma,9700000205,customer881@example.com,"House 88, Block E, Hyderabad Residency, Sector 5",,500081,Hyderabad,Telangana,SNEAK-WHT-8,White Sneakers,1,2050,COD,Bluedart,Shopify,Google Shopping,Google,paid,Google Shopping,GOO-1000,46,repeat_delivered,RTO,Cash not ready,2,RTO
FTW-24882,DT987650881,2026-04-12T09:30:00.000Z,Diya Verma,9700000206,customer882@example.com,"House 89, Block F, Mumbai Residency, Sector 6",Near main market,400053,Mumbai,Maharashtra,SANDAL-TAN-7,Tan Platform Sandals,1,1650,COD,DTDC,Instagram,Creator Try-on,Instagram,paid,Creator Try-on,INS-1001,56,first_time,Delivered,,0,Delivered
FTW-24883,DE987650882,2026-04-13T10:30:00.000Z,Kabir Khan,9700000207,customer883@example.com,"House 90, Block A, Chennai Residency, Sector 7",Near main market,600042,Chennai,Tamil Nadu,RUN-BLK-9,Black Running Shoes,1,2250,COD,Delhivery,Meta,Meta Size Sale,Meta,paid,Meta Size Sale,MET-1002,56,first_time,Delivered,,0,Delivered
FTW-24884,SH987650883,2026-04-14T11:30:00.000Z,Ananya Iyer,9700000208,customer884@example.com,Near temple main road Jaipur,,302001,Jaipur,Rajasthan,HEEL-GLD-6,Gold Block Heels,1,1800,COD,Shiprocket,Shopify,Google Shopping,Google,paid,Google Shopping,GOO-1003,40,first_time,Undelivered,Incorrect address,2,In NDR
FTW-24885,XP987650884,2026-04-15T12:30:00.000Z,Riya Patel,9700000209,customer885@example.com,"House 92, Block C, Patna Residency, Sector 9",Near main market,800001,Patna,Bihar,SNEAK-WHT-8,White Sneakers,1,2000,COD,Xpressbees,Instagram,Creator Try-on,Instagram,paid,Creator Try-on,INS-1004,40,repeat_delivered,Delivered,,0,Delivered
FTW-24886,XP987650885,2026-04-16T13:30:00.000Z,Vivaan Rao,9700000210,customer886@example.com,"House 93, Block D, Ghaziabad Residency, Sector 10",,201001,Ghaziabad,Uttar Pradesh,SANDAL-TAN-7,Tan Platform Sandals,1,1450,COD,Xpressbees,Meta,Meta Size Sale,Meta,paid,Meta Size Sale,MET-1005,52,first_time,Undelivered,Door locked,2,In NDR
FTW-24887,XP987650886,2026-04-17T14:30:00.000Z,Meera Singh,9700000211,customer887@example.com,"House 94, Block E, Delhi Residency, Sector 11",Near main market,110024,Delhi,Delhi,RUN-BLK-9,Black Running Shoes,1,2300,COD,Xpressbees,Shopify,Google Shopping,Google,paid,Google Shopping,GOO-1006,52,first_time,Delivered,,0,Delivered
FTW-24888,SH987650887,2026-04-18T15:30:00.000Z,Ishaan Gupta,9700000212,customer888@example.com,"House 95, Block F, Bengaluru Residency, Sector 12",Near main market,560095,Bengaluru,Karnataka,HEEL-GLD-6,Gold Block Heels,1,1950,COD,Shiprocket,Instagram,Creator Try-on,Instagram,paid,Creator Try-on,INS-1007,52,first_time,Cancelled,,0,Cancelled before shipping
FTW-24889,DE987650888,2026-04-19T04:30:00.000Z,Sara Ali,9700000213,customer889@example.com,"House 96, Block A, Ahmedabad Residency, Sector 1",Near main market,380015,Ahmedabad,Gujarat,SNEAK-WHT-8,White Sneakers,1,1950,COD,Delhivery,Meta,Meta Size Sale,Meta,paid,Meta Size Sale,MET-1008,57,repeat_delivered,RTO,Customer requested future delivery,2,RTO
FTW-24890,DE987650889,2026-04-20T05:30:00.000Z,Nisha Nair,9700000214,customer890@example.com,"House 97, Block B, Jaipur Residency, Sector 2",Near main market,302001,Jaipur,Rajasthan,SANDAL-TAN-7,Tan Platform Sandals,1,1500,COD,Delhivery,Shopify,Google Shopping,Google,paid,Google Shopping,GOO-1009,42,first_time,Delivered,,0,Delivered
FTW-24891,SH987650890,2026-04-21T06:30:00.000Z,Aarav Sharma,9700000215,customer891@example.com,"House 98, Block C, Pune Residency, Sector 3",,411045,Pune,Maharashtra,RUN-BLK-9,Black Running Shoes,1,2250,COD,Shiprocket,Instagram,Creator Try-on,Instagram,paid,Creator Try-on,INS-1010,39,first_time,Undelivered,Incorrect address,1,In NDR
FTW-24892,SH987650891,2026-04-22T07:30:00.000Z,Diya Verma,9700000216,customer892@example.com,"House 99, Block D, Kolkata Residency, Sector 4",Near main market,700016,Kolkata,West Bengal,HEEL-GLD-6,Gold Block Heels,1,1800,COD,Shadowfax,Meta,Meta Size Sale,Meta,paid,Meta Size Sale,MET-1011,48,first_time,RTO,No response on phone,3,RTO
FTW-24893,DT987650892,2026-04-23T08:30:00.000Z,Kabir Khan,9700000217,customer893@example.com,"House 100, Block E, Lucknow Residency, Sector 5",Near main market,226010,Lucknow,Uttar Pradesh,SNEAK-WHT-8,White Sneakers,1,1950,Prepaid,DTDC,Shopify,Google Shopping,Google,paid,Google Shopping,GOO-1012,39,repeat_delivered,Undelivered,Door locked,1,In NDR
FTW-24894,XP987650893,2026-04-24T09:30:00.000Z,Ananya Iyer,9700000218,customer894@example.com,"House 101, Block F, Indore Residency, Sector 6",Near main market,452010,Indore,Madhya Pradesh,SANDAL-TAN-7,Tan Platform Sandals,1,1550,COD,Xpressbees,Instagram,Creator Try-on,Instagram,paid,Creator Try-on,INS-1013,40,first_time,RTO,Customer refused delivery,3,RTO
FTW-24895,SH987650894,2026-04-25T10:30:00.000Z,Riya Patel,9700000219,customer895@example.com,"House 102, Block A, Surat Residency, Sector 7",Near main market,395007,Surat,Gujarat,RUN-BLK-9,Black Running Shoes,1,2350,COD,Shadowfax,Meta,Meta Size Sale,Meta,paid,Meta Size Sale,MET-1014,50,first_time,Undelivered,Cash not ready,1,In NDR
FTW-24896,BL987650895,2026-04-26T11:30:00.000Z,Vivaan Rao,9700000220,customer896@example.com,Near temple main road Jaipur,,302001,Jaipur,Rajasthan,HEEL-GLD-6,Gold Block Heels,1,1850,COD,Bluedart,Shopify,Google Shopping,Google,paid,Google Shopping,GOO-1015,51,first_time,Undelivered,Customer requested future delivery,2,In NDR
FTW-24897,BL987650896,2026-04-27T12:30:00.000Z,Meera Singh,9700000221,customer897@example.com,"House 104, Block C, Mumbai Residency, Sector 9",Near main market,400053,Mumbai,Maharashtra,SNEAK-WHT-8,White Sneakers,1,2000,Prepaid,Bluedart,Instagram,Creator Try-on,Instagram,paid,Creator Try-on,INS-1016,46,repeat_delivered,RTO,Customer not available,2,RTO
FTW-24898,EK987650897,2026-04-28T13:30:00.000Z,Ishaan Gupta,9700000222,customer898@example.com,"House 105, Block D, Ghaziabad Residency, Sector 10",Near main market,201001,Ghaziabad,Uttar Pradesh,SANDAL-TAN-7,Tan Platform Sandals,1,1600,COD,Ekart,Meta,Meta Size Sale,Meta,paid,Meta Size Sale,MET-1017,40,first_time,RTO,Incorrect address,3,RTO
FTW-24899,SH987650898,2026-04-29T14:30:00.000Z,Sara Ali,9700000223,customer899@example.com,"House 106, Block E, Bhubaneswar Residency, Sector 11",Near main market,751024,Bhubaneswar,Odisha,RUN-BLK-9,Black Running Shoes,1,2250,COD,Shadowfax,Shopify,Google Shopping,Google,paid,Google Shopping,GOO-1018,39,first_time,Undelivered,No response on phone,1,In NDR
FTW-24900,DE987650899,2026-04-30T15:30:00.000Z,Nisha Nair,9700000224,customer900@example.com,"House 107, Block F, Patna Residency, Sector 12",Near main market,800001,Patna,Bihar,HEEL-GLD-6,Gold Block Heels,2,1750,COD,Delhivery,Instagram,Creator Try-on,Instagram,paid,Creator Try-on,INS-1019,50,first_time,RTO,Door locked,3,RTO