order_id,awb,order_date,customer_name,phone,email,full_address,landmark,pincode,city,state,sku,product_name,quantity,order_value,payment_mode,courier,source_platform,campaign_name,shipment_status,ndr_reason,attempt_count,final_status
NS-L-02001,BL987650001,2026-04-02,Pooja Verma,9700000001,customer1@example.com,"House 21, Tower B, Ghaziabad Residency, Sector 2",Opposite Star Bazaar,201001,Ghaziabad,Uttar Pradesh,SNEAK-WHT-8,White Sneakers,1,1999,COD,Bluedart,Instagram,,Delivered,,0,delivered
NS-L-02002,XP987650002,2026-04-03,Amit Khan,9700000002,customer2@example.com,"House 22, Gali 3, Bengaluru Residency, Sector 3",Near D Mart,560095,Bengaluru,Karnataka,HOOD-GRN-M,Green Hoodie,1,1299,COD,Xpressbees,WooCommerce,,Delivered,,0,delivered
NS-L-02003,BL987650003,2026-04-04,Sneha Iyer,9700000003,customer3@example.com,"House 23, 2nd Floor, Ahmedabad Residency, Sector 4",Behind City Mall,380015,Ahmedabad,Gujarat,DRESS-RED-S,Red Summer Dress,1,2499,COD,Bluedart,WhatsApp,fashion COD pilot,Delivered,,0,delivered
NS-L-02004,SH987650004,2026-04-05,Kiran Patel,9700000004,customer4@example.com,"House 24, Plot 72, Jaipur Residency, Sector 5",Near main market,302001,Jaipur,Rajasthan,WATCH-BLK,Smart Fitness Watch,1,3999,COD,Shadowfax,Shopify,,Delivered,,0,delivered
NS-L-02005,EK987650005,2026-04-06,Meena Kumari,9700000005,customer5@example.com,"House 25, Block A, Pune Residency, Sector 6",Near Metro Station,411045,Pune,Maharashtra,KURTI-BLU-M,Blue Printed Kurti,1,1299,COD,Ekart,Instagram,,Delivered,,0,delivered
NS-L-02006,SH987650006,2026-04-07,Devansh Rao,9700000006,customer6@example.com,"House 26, Tower B, Kolkata Residency, Sector 7",,700016,Kolkata,West Bengal,SERUM-VITC,Vitamin C Serum,1,499,COD,Shadowfax,WooCommerce,beauty COD pilot,RTO,Customer requested future delivery,2,rto
NS-L-02007,SH987650007,2026-04-08,Farhan Ali,9700000007,customer7@example.com,"House 27, Gali 3, Lucknow Residency, Sector 8",Near D Mart,226010,Lucknow,Uttar Pradesh,EARBUDS-PRO,Wireless Earbuds Pro,1,1999,Prepaid,Shiprocket,WhatsApp,,Undelivered,Customer refused delivery,2,in_ndr
NS-L-02008,DE987650008,2026-04-09,Nisha Jain,9700000008,customer8@example.com,"House 28, 2nd Floor, Indore Residency, Sector 9",Behind City Mall,452010,Indore,Madhya Pradesh,BAG-TAN,Tan Sling Bag,1,799,Prepaid,Delhivery,Shopify,,Delivered,,0,delivered
NS-L-02009,DT987650009,2026-04-10,Arjun Mehta,9700000009,customer9@example.com,"House 29, Plot 72, Surat Residency, Sector 10",Near main market,395007,Surat,Gujarat,SUPP-ASHWA,Ashwagandha Gummies,1,1299,Prepaid,DTDC,Instagram,wellness COD pilot,In Transit,,0,in_transit
NS-L-02010,EK987650010,2026-04-11,Sana Shaikh,9700000010,customer10@example.com,"House 30, Block A, Patna Residency, Sector 11",Near Metro Station,800001,Patna,Bihar,TSH-BLK-L,Oversized Black Tee,1,799,COD,Ekart,WooCommerce,,Undelivered,Cash not ready,1,in_ndr
NS-L-02011,DT987650011,2026-04-12,Rohit Singh,9700000011,customer11@example.com,Near mandir Nagpur main road only,,440010,Nagpur,Maharashtra,SNEAK-WHT-8,White Sneakers,1,1999,COD,DTDC,WhatsApp,,Delivered,,0,delivered
NS-L-02012,EK987650012,2026-04-13,Priya Nair,9700000012,customer12@example.com,"House 32, Gali 3, Delhi Residency, Sector 1",,110024,Delhi,Delhi,HOOD-GRN-M,Green Hoodie,1,1299,COD,Ekart,Shopify,fashion COD pilot,RTO,Phone not reachable,2,rto
NS-L-02013,DE987650013,2026-04-14,Vikram Das,9700000013,customer13@example.com,"House 33, 2nd Floor, Ghaziabad Residency, Sector 2",Behind City Mall,201001,Ghaziabad,Uttar Pradesh,DRESS-RED-S,Red Summer Dress,1,2499,COD,Delhivery,Instagram,,Delivered,,0,delivered
NS-L-02014,SH987650014,2026-04-15,Anjali Gupta,9700000014,customer14@example.com,"House 34, Plot 72, Bengaluru Residency, Sector 3",Near main market,560095,Bengaluru,Karnataka,WATCH-BLK,Smart Fitness Watch,1,3999,COD,Shiprocket,WooCommerce,,Undelivered,Address insufficient,1,in_ndr
NS-L-02015,DE987650015,2026-04-16,Mohit Bansal,9700000015,customer15@example.com,"House 35, Block A, Ahmedabad Residency, Sector 4",Near Metro Station,380015,Ahmedabad,Gujarat,KURTI-BLU-M,Blue Printed Kurti,1,1299,COD,Delhivery,WhatsApp,fashion COD pilot,Delivered,,0,delivered
NS-L-02016,DT987650016,2026-04-17,Rahul Sharma,9700000016,customer16@example.com,Near mandir Jaipur main road only,,302001,Jaipur,Rajasthan,SERUM-VITC,Vitamin C Serum,1,499,COD,DTDC,Shopify,,Delivered,,0,delivered
NS-L-02017,BL987650017,2026-04-18,Pooja Verma,9700000017,customer17@example.com,"House 37, Gali 3, Pune Residency, Sector 6",Near D Mart,411045,Pune,Maharashtra,EARBUDS-PRO,Wireless Earbuds Pro,1,1999,Prepaid,Bluedart,Instagram,,Delivered,,0,delivered
NS-L-02018,DT987650018,2026-04-19,Amit Khan,9700000018,customer18@example.com,"House 38, 2nd Floor, Kolkata Residency, Sector 7",,700016,Kolkata,West Bengal,BAG-TAN,Tan Sling Bag,1,799,Prepaid,DTDC,WooCommerce,accessories COD pilot,In Transit,,0,in_transit
NS-L-02019,EK987650019,2026-04-20,Sneha Iyer,9700000019,customer19@example.com,"House 39, Plot 72, Lucknow Residency, Sector 8",Near main market,226010,Lucknow,Uttar Pradesh,SUPP-ASHWA,Ashwagandha Gummies,1,1299,Prepaid,Ekart,WhatsApp,,RTO,Customer refused delivery,3,rto
NS-L-02020,SH987650020,2026-04-21,Kiran Patel,9700000020,customer20@example.com,"House 40, Block A, Indore Residency, Sector 9",Near Metro Station,452010,Indore,Madhya Pradesh,TSH-BLK-L,Oversized Black Tee,1,799,COD,Shadowfax,Shopify,,Delivered,,0,delivered
NS-L-02021,XP987650021,2026-04-22,Meena Kumari,9700000021,customer21@example.com,"House 41, Tower B, Surat Residency, Sector 10",Opposite Star Bazaar,395007,Surat,Gujarat,SNEAK-WHT-8,White Sneakers,1,1999,COD,Xpressbees,Instagram,footwear COD pilot,RTO,Phone not reachable,3,rto
NS-L-02022,BL987650022,2026-04-23,Devansh Rao,9700000022,customer22@example.com,Near mandir Patna main road only,,800001,Patna,Bihar,HOOD-GRN-M,Green Hoodie,1,1299,COD,Bluedart,WooCommerce,,Delivered,,0,delivered
NS-L-02023,XP987650023,2026-04-24,Farhan Ali,9700000023,customer23@example.com,"House 43, 2nd Floor, Nagpur Residency, Sector 12",Behind City Mall,440010,Nagpur,Maharashtra,DRESS-RED-S,Red Summer Dress,1,2499,COD,Xpressbees,WhatsApp,,Delivered,,0,delivered
NS-L-02024,BL987650024,2026-04-25,Nisha Jain,9700000024,customer24@example.com,"House 44, Plot 72, Delhi Residency, Sector 1",,110024,Delhi,Delhi,WATCH-BLK,Smart Fitness Watch,1,3999,COD,Bluedart,Shopify,gadgets COD pilot,RTO,Customer requested future delivery,2,rto
NS-L-02025,SH987650025,2026-04-26,Arjun Mehta,9700000025,customer25@example.com,"House 45, Block A, Ghaziabad Residency, Sector 2",Near Metro Station,201001,Ghaziabad,Uttar Pradesh,KURTI-BLU-M,Blue Printed Kurti,1,1299,COD,Shadowfax,Instagram,,Undelivered,Customer refused delivery,2,in_ndr
NS-L-02026,EK987650026,2026-04-27,Sana Shaikh,9700000026,customer26@example.com,"House 46, Tower B, Bengaluru Residency, Sector 3",Opposite Star Bazaar,560095,Bengaluru,Karnataka,SERUM-VITC,Vitamin C Serum,1,499,COD,Ekart,WooCommerce,,Delivered,,0,delivered
NS-L-02027,SH987650027,2026-04-28,Rohit Singh,9700000027,customer27@example.com,"House 47, Gali 3, Ahmedabad Residency, Sector 4",Near D Mart,380015,Ahmedabad,Gujarat,EARBUDS-PRO,Wireless Earbuds Pro,1,1999,Prepaid,Shadowfax,WhatsApp,gadgets COD pilot,In Transit,,0,in_transit
NS-L-02028,XP987650028,2026-04-01,Priya Nair,9700000028,customer28@example.com,"House 48, 2nd Floor, Jaipur Residency, Sector 5",Behind City Mall,302001,Jaipur,Rajasthan,BAG-TAN,Tan Sling Bag,1,799,Prepaid,Xpressbees,Shopify,,Undelivered,Cash not ready,1,in_ndr
NS-L-02029,DE987650029,2026-04-02,Vikram Das,9700000029,customer29@example.com,"House 49, Plot 72, Pune Residency, Sector 6",Near main market,411045,Pune,Maharashtra,SUPP-ASHWA,Ashwagandha Gummies,1,1299,Prepaid,Delhivery,Instagram,,Delivered,,0,delivered
NS-L-02030,XP987650030,2026-04-03,Anjali Gupta,9700000030,customer30@example.com,"House 50, Block A, Kolkata Residency, Sector 7",,700016,Kolkata,West Bengal,TSH-BLK-L,Oversized Black Tee,1,799,COD,Xpressbees,WooCommerce,fashion COD pilot,RTO,Phone not reachable,2,rto
NS-L-02031,BL987650031,2026-04-04,Mohit Bansal,9700000031,customer31@example.com,"House 51, Tower B, Lucknow Residency, Sector 8",Opposite Star Bazaar,226010,Lucknow,Uttar Pradesh,SNEAK-WHT-8,White Sneakers,2,1999,COD,Bluedart,WhatsApp,,Delivered,,0,delivered
NS-L-02032,DT987650032,2026-04-05,Rahul Sharma,9700000032,customer32@example.com,"House 52, Gali 3, Indore Residency, Sector 9",Near D Mart,452010,Indore,Madhya Pradesh,HOOD-GRN-M,Green Hoodie,1,1299,COD,DTDC,Shopify,,Delivered,,0,delivered
NS-L-02033,SH987650033,2026-04-06,Pooja Verma,9700000033,customer33@example.com,Near mandir Surat main road only,,395007,Surat,Gujarat,DRESS-RED-S,Red Summer Dress,1,2499,COD,Shiprocket,Instagram,fashion COD pilot,RTO,Customer requested future delivery,3,rto
NS-L-02034,DE987650034,2026-04-07,Amit Khan,9700000034,customer34@example.com,"House 54, Plot 72, Patna Residency, Sector 11",Near main market,800001,Patna,Bihar,WATCH-BLK,Smart Fitness Watch,1,3999,COD,Delhivery,WooCommerce,,Delivered,,0,delivered
NS-L-02035,SH987650035,2026-04-08,Sneha Iyer,9700000035,customer35@example.com,"House 55, Block A, Nagpur Residency, Sector 12",Near Metro Station,440010,Nagpur,Maharashtra,KURTI-BLU-M,Blue Printed Kurti,1,1299,COD,Shiprocket,WhatsApp,,Undelivered,Incorrect address,2,in_ndr
NS-L-02036,DE987650036,2026-04-09,Kiran Patel,9700000036,customer36@example.com,"House 56, Tower B, Delhi Residency, Sector 1",,110024,Delhi,Delhi,SERUM-VITC,Vitamin C Serum,1,499,COD,Delhivery,Shopify,beauty COD pilot,RTO,Customer not available,2,rto
NS-L-02037,DT987650037,2026-04-10,Meena Kumari,9700000037,customer37@example.com,"House 57, Gali 3, Ghaziabad Residency, Sector 2",Near D Mart,201001,Ghaziabad,Uttar Pradesh,EARBUDS-PRO,Wireless Earbuds Pro,1,1999,Prepaid,DTDC,Instagram,,Delivered,,0,delivered
NS-L-02038,BL987650038,2026-04-11,Devansh Rao,9700000038,customer38@example.com,"House 58, 2nd Floor, Bengaluru Residency, Sector 3",Behind City Mall,560095,Bengaluru,Karnataka,BAG-TAN,Tan Sling Bag,1,799,Prepaid,Bluedart,WooCommerce,,RTO,Incorrect address,2,rto
NS-L-02039,DT987650039,2026-04-12,Farhan Ali,9700000039,customer39@example.com,"House 59, Plot 72, Ahmedabad Residency, Sector 4",Near main market,380015,Ahmedabad,Gujarat,SUPP-ASHWA,Ashwagandha Gummies,1,1299,Prepaid,DTDC,WhatsApp,wellness COD pilot,Delivered,,0,delivered
NS-L-02040,SH987650040,2026-04-13,Nisha Jain,9700000040,customer40@example.com,Near mandir Jaipur main road only,,302001,Jaipur,Rajasthan,TSH-BLK-L,Oversized Black Tee,1,799,COD,Shiprocket,Shopify,,Undelivered,No response on phone,1,in_ndr
NS-L-02041,SH987650041,2026-04-14,Arjun Mehta,9700000041,customer41@example.com,"House 61, Tower B, Pune Residency, Sector 6",Opposite Star Bazaar,411045,Pune,Maharashtra,SNEAK-WHT-8,White Sneakers,1,1999,COD,Shadowfax,Instagram,,Cancelled,,0,cancelled_before_shipping
NS-L-02042,SH987650042,2026-04-15,Sana Shaikh,9700000042,customer42@example.com,"House 62, Gali 3, Kolkata Residency, Sector 7",,700016,Kolkata,West Bengal,HOOD-GRN-M,Green Hoodie,1,1299,COD,Shiprocket,WooCommerce,fashion COD pilot,RTO,Customer requested future delivery,2,rto
NS-L-02043,DE987650043,2026-04-16,Rohit Singh,9700000043,customer43@example.com,"House 63, 2nd Floor, Lucknow Residency, Sector 8",Behind City Mall,226010,Lucknow,Uttar Pradesh,DRESS-RED-S,Red Summer Dress,1,2499,COD,Delhivery,WhatsApp,,Delivered,,0,delivered
NS-L-02044,XP987650044,2026-04-17,Priya Nair,9700000044,customer44@example.com,Near mandir Indore main road only,,452010,Indore,Madhya Pradesh,WATCH-BLK,Smart Fitness Watch,1,3999,COD,Xpressbees,Shopify,,Delivered,,0,delivered
NS-L-02045,EK987650045,2026-04-18,Vikram Das,9700000045,customer45@example.com,"House 65, Block A, Surat Residency, Sector 10",Near Metro Station,395007,Surat,Gujarat,KURTI-BLU-M,Blue Printed Kurti,1,1299,COD,Ekart,Instagram,fashion COD pilot,RTO,Customer not available,3,rto
NS-L-02046,SH987650046,2026-04-19,Anjali Gupta,9700000046,customer46@example.com,"House 66, Tower B, Patna Residency, Sector 11",Opposite Star Bazaar,800001,Patna,Bihar,SERUM-VITC,Vitamin C Serum,1,499,COD,Shadowfax,WooCommerce,,Delivered,,0,delivered
NS-L-02047,EK987650047,2026-04-20,Mohit Bansal,9700000047,customer47@example.com,"House 67, Gali 3, Nagpur Residency, Sector 12",Near D Mart,440010,Nagpur,Maharashtra,EARBUDS-PRO,Wireless Earbuds Pro,1,1999,Prepaid,Ekart,WhatsApp,,Delivered,,0,delivered
NS-L-02048,SH987650048,2026-04-21,Rahul Sharma,9700000048,customer48@example.com,"House 68, 2nd Floor, Delhi Residency, Sector 1",,110024,Delhi,Delhi,BAG-TAN,Tan Sling Bag,1,799,Prepaid,Shadowfax,Shopify,accessories COD pilot,Delivered,,0,delivered
NS-L-02049,XP987650049,2026-04-22,Pooja Verma,9700000049,customer49@example.com,"House 69, Plot 72, Ghaziabad Residency, Sector 2",Near main market,201001,Ghaziabad,Uttar Pradesh,SUPP-ASHWA,Ashwagandha Gummies,1,1299,Prepaid,Xpressbees,Instagram,,Undelivered,No response on phone,2,in_ndr
NS-L-02050,DE987650050,2026-04-23,Amit Khan,9700000050,customer50@example.com,"House 70, Block A, Bengaluru Residency, Sector 3",Near Metro Station,560095,Bengaluru,Karnataka,TSH-BLK-L,Oversized Black Tee,1,799,COD,Delhivery,WooCommerce,,Delivered,,0,delivered
NS-L-02051,XP987650051,2026-04-24,Sneha Iyer,9700000051,customer51@example.com,"House 71, Tower B, Ahmedabad Residency, Sector 4",Opposite Star Bazaar,380015,Ahmedabad,Gujarat,SNEAK-WHT-8,White Sneakers,1,1999,COD,Xpressbees,WhatsApp,footwear COD pilot,Delivered,,0,delivered
NS-L-02052,EK987650052,2026-04-25,Kiran Patel,9700000052,customer52@example.com,"House 72, Gali 3, Jaipur Residency, Sector 5",Near D Mart,302001,Jaipur,Rajasthan,HOOD-GRN-M,Green Hoodie,1,1299,COD,Ekart,Shopify,,Delivered,,0,delivered
NS-L-02053,DT987650053,2026-04-26,Meena Kumari,9700000053,customer53@example.com,"House 73, 2nd Floor, Pune Residency, Sector 6",Behind City Mall,411045,Pune,Maharashtra,DRESS-RED-S,Red Summer Dress,1,2499,COD,DTDC,Instagram,,Delivered,,0,delivered
NS-L-02054,EK987650054,2026-04-27,Devansh Rao,9700000054,customer54@example.com,"House 74, Plot 72, Kolkata Residency, Sector 7",,700016,Kolkata,West Bengal,WATCH-BLK,Smart Fitness Watch,1,3999,COD,Ekart,WooCommerce,gadgets COD pilot,RTO,Customer not available,2,rto
NS-L-02055,SH987650055,2026-04-28,Farhan Ali,9700000055,customer55@example.com,Near mandir Lucknow main road only,,226010,Lucknow,Uttar Pradesh,KURTI-BLU-M,Blue Printed Kurti,1,1299,COD,Shadowfax,WhatsApp,,Delivered,,0,delivered
NS-L-02056,SH987650056,2026-04-01,Nisha Jain,9700000056,customer56@example.com,"House 76, Tower B, Indore Residency, Sector 9",Opposite Star Bazaar,452010,Indore,Madhya Pradesh,SERUM-VITC,Vitamin C Serum,1,499,COD,Shiprocket,Shopify,,Undelivered,Door locked,1,in_ndr
NS-L-02057,BL987650057,2026-04-02,Arjun Mehta,9700000057,customer57@example.com,"House 77, Gali 3, Surat Residency, Sector 10",Near D Mart,395007,Surat,Gujarat,EARBUDS-PRO,Wireless Earbuds Pro,1,1999,Prepaid,Bluedart,Instagram,gadgets COD pilot,Delivered,,0,delivered
NS-L-02058,DT987650058,2026-04-03,Sana Shaikh,9700000058,customer58@example.com,"House 78, 2nd Floor, Patna Residency, Sector 11",Behind City Mall,800001,Patna,Bihar,BAG-TAN,Tan Sling Bag,1,799,Prepaid,DTDC,WooCommerce,,Delivered,,0,delivered
NS-L-02059,BL987650059,2026-04-04,Rohit Singh,9700000059,customer59@example.com,"House 79, Plot 72, Nagpur Residency, Sector 12",Near main market,440010,Nagpur,Maharashtra,SUPP-ASHWA,Ashwagandha Gummies,1,1299,Prepaid,Bluedart,WhatsApp,,Delivered,,0,delivered
NS-L-02060,DT987650060,2026-04-05,Priya Nair,9700000060,customer60@example.com,"House 80, Block A, Delhi Residency, Sector 1",,110024,Delhi,Delhi,TSH-BLK-L,Oversized Black Tee,1,799,COD,DTDC,Shopify,fashion COD pilot,RTO,Customer requested future delivery,2,rto
NS-L-02061,SH987650061,2026-04-06,Vikram Das,9700000061,customer61@example.com,"House 81, Tower B, Ghaziabad Residency, Sector 2",Opposite Star Bazaar,201001,Ghaziabad,Uttar Pradesh,SNEAK-WHT-8,White Sneakers,1,1999,COD,Shiprocket,Instagram,,Delivered,,0,delivered
NS-L-02062,SH987650062,2026-04-07,Anjali Gupta,9700000062,customer62@example.com,"House 82, Gali 3, Bengaluru Residency, Sector 3",Near D Mart,560095,Bengaluru,Karnataka,HOOD-GRN-M,Green Hoodie,2,1299,COD,Shadowfax,WooCommerce,,Delivered,,0,delivered
NS-L-02063,SH987650063,2026-04-08,Mohit Bansal,9700000063,customer63@example.com,"House 83, 2nd Floor, Ahmedabad Residency, Sector 4",Behind City Mall,380015,Ahmedabad,Gujarat,DRESS-RED-S,Red Summer Dress,1,2499,COD,Shiprocket,WhatsApp,fashion COD pilot,Undelivered,Phone not reachable,2,in_ndr
NS-L-02064,BL987650064,2026-04-09,Rahul Sharma,9700000064,customer64@example.com,Near mandir Jaipur main road only,,302001,Jaipur,Rajasthan,WATCH-BLK,Smart Fitness Watch,1,3999,COD,Bluedart,Shopify,,Delivered,,0,delivered
NS-L-02065,XP987650065,2026-04-10,Pooja Verma,9700000065,customer65@example.com,"House 85, Block A, Pune Residency, Sector 6",Near Metro Station,411045,Pune,Maharashtra,KURTI-BLU-M,Blue Printed Kurti,1,1299,COD,Xpressbees,Instagram,,Delivered,,0,delivered
NS-L-02066,BL987650066,2026-04-11,Amit Khan,9700000066,customer66@example.com,Near mandir Kolkata main road only,,700016,Kolkata,West Bengal,SERUM-VITC,Vitamin C Serum,1,499,COD,Bluedart,WooCommerce,beauty COD pilot,RTO,Phone not reachable,2,rto
NS-L-02067,DT987650067,2026-04-12,Sneha Iyer,9700000067,customer67@example.com,"House 87, Gali 3, Lucknow Residency, Sector 8",Near D Mart,226010,Lucknow,Uttar Pradesh,EARBUDS-PRO,Wireless Earbuds Pro,1,1999,Prepaid,DTDC,WhatsApp,,Delivered,,0,delivered
NS-L-02068,EK987650068,2026-04-13,Kiran Patel,9700000068,customer68@example.com,"House 88, 2nd Floor, Indore Residency, Sector 9",Behind City Mall,452010,Indore,Madhya Pradesh,BAG-TAN,Tan Sling Bag,1,799,Prepaid,Ekart,Shopify,,Delivered,,0,delivered
NS-L-02069,DE987650069,2026-04-14,Meena Kumari,9700000069,customer69@example.com,"House 89, Plot 72, Surat Residency, Sector 10",Near main market,395007,Surat,Gujarat,SUPP-ASHWA,Ashwagandha Gummies,1,1299,Prepaid,Delhivery,Instagram,wellness COD pilot,Delivered,,0,delivered
NS-L-02070,XP987650070,2026-04-15,Devansh Rao,9700000070,customer70@example.com,"House 90, Block A, Patna Residency, Sector 11",Near Metro Station,800001,Patna,Bihar,TSH-BLK-L,Oversized Black Tee,1,799,COD,Xpressbees,WooCommerce,,Undelivered,Customer refused delivery,1,in_ndr
NS-L-02071,DE987650071,2026-04-16,Farhan Ali,9700000071,customer71@example.com,"House 91, Tower B, Nagpur Residency, Sector 12",Opposite Star Bazaar,440010,Nagpur,Maharashtra,SNEAK-WHT-8,White Sneakers,1,1999,COD,Delhivery,WhatsApp,,Delivered,,0,delivered
NS-L-02072,XP987650072,2026-04-17,Nisha Jain,9700000072,customer72@example.com,"House 92, Gali 3, Delhi Residency, Sector 1",,110024,Delhi,Delhi,HOOD-GRN-M,Green Hoodie,1,1299,COD,Xpressbees,Shopify,fashion COD pilot,RTO,Customer not available,2,rto
NS-L-02073,EK987650073,2026-04-18,Arjun Mehta,9700000073,customer73@example.com,"House 93, 2nd Floor, Ghaziabad Residency, Sector 2",Behind City Mall,201001,Ghaziabad,Uttar Pradesh,DRESS-RED-S,Red Summer Dress,1,2499,COD,Ekart,Instagram,,Delivered,,0,delivered
NS-L-02074,DT987650074,2026-04-19,Sana Shaikh,9700000074,customer74@example.com,"House 94, Plot 72, Bengaluru Residency, Sector 3",Near main market,560095,Bengaluru,Karnataka,WATCH-BLK,Smart Fitness Watch,1,3999,COD,DTDC,WooCommerce,,Delivered,,0,delivered
NS-L-02075,EK987650075,2026-04-20,Rohit Singh,9700000075,customer75@example.com,"House 95, Block A, Ahmedabad Residency, Sector 4",Near Metro Station,380015,Ahmedabad,Gujarat,KURTI-BLU-M,Blue Printed Kurti,1,1299,COD,Ekart,WhatsApp,fashion COD pilot,Delivered,,0,delivered
NS-L-02076,DE987650076,2026-04-21,Priya Nair,9700000076,customer76@example.com,"House 96, Tower B, Jaipur Residency, Sector 5",Opposite Star Bazaar,302001,Jaipur,Rajasthan,SERUM-VITC,Vitamin C Serum,1,499,COD,Delhivery,Shopify,,Delivered,,0,delivered
NS-L-02077,SH987650077,2026-04-22,Vikram Das,9700000077,customer77@example.com,Near mandir Pune main road only,,411045,Pune,Maharashtra,EARBUDS-PRO,Wireless Earbuds Pro,1,1999,Prepaid,Shiprocket,Instagram,,Undelivered,Address insufficient,2,in_ndr
NS-L-02078,DE987650078,2026-04-23,Anjali Gupta,9700000078,customer78@example.com,"House 98, 2nd Floor, Kolkata Residency, Sector 7",,700016,Kolkata,West Bengal,BAG-TAN,Tan Sling Bag,1,799,Prepaid,Delhivery,WooCommerce,accessories COD pilot,Delivered,,0,delivered
NS-L-02079,XP987650079,2026-04-24,Mohit Bansal,9700000079,customer79@example.com,"House 99, Plot 72, Lucknow Residency, Sector 8",Near main market,226010,Lucknow,Uttar Pradesh,SUPP-ASHWA,Ashwagandha Gummies,1,1299,Prepaid,Xpressbees,WhatsApp,,Delivered,,0,delivered
NS-L-02080,BL987650080,2026-04-25,Rahul Sharma,9700000080,customer80@example.com,"House 100, Block A, Indore Residency, Sector 9",Near Metro Station,452010,Indore,Madhya Pradesh,TSH-BLK-L,Oversized Black Tee,1,799,COD,Bluedart,Shopify,,Delivered,,0,delivered
NS-L-02081,SH987650081,2026-04-26,Pooja Verma,9700000081,customer81@example.com,"House 101, Tower B, Surat Residency, Sector 10",Opposite Star Bazaar,395007,Surat,Gujarat,SNEAK-WHT-8,White Sneakers,1,1999,COD,Shadowfax,Instagram,footwear COD pilot,RTO,Customer not available,3,rto
NS-L-02082,SH987650082,2026-04-27,Amit Khan,9700000082,customer82@example.com,"House 102, Gali 3, Patna Residency, Sector 11",Near D Mart,800001,Patna,Bihar,HOOD-GRN-M,Green Hoodie,1,1299,COD,Shiprocket,WooCommerce,,Cancelled,,0,cancelled_before_shipping
NS-L-02083,SH987650083,2026-04-28,Sneha Iyer,9700000083,customer83@example.com,"House 103, 2nd Floor, Nagpur Residency, Sector 12",Behind City Mall,440010,Nagpur,Maharashtra,DRESS-RED-S,Red Summer Dress,1,2499,COD,Shadowfax,WhatsApp,,Delivered,,0,delivered
NS-L-02084,SH987650084,2026-04-01,Kiran Patel,9700000084,customer84@example.com,"House 104, Plot 72, Delhi Residency, Sector 1",,110024,Delhi,Delhi,WATCH-BLK,Smart Fitness Watch,1,3999,COD,Shiprocket,Shopify,gadgets COD pilot,RTO,Phone not reachable,2,rto
NS-L-02085,BL987650085,2026-04-02,Meena Kumari,9700000085,customer85@example.com,"House 105, Block A, Ghaziabad Residency, Sector 2",Near Metro Station,201001,Ghaziabad,Uttar Pradesh,KURTI-BLU-M,Blue Printed Kurti,1,1299,COD,Bluedart,Instagram,,Undelivered,No response on phone,2,in_ndr
NS-L-02086,XP987650086,2026-04-03,Devansh Rao,9700000086,customer86@example.com,"House 106, Tower B, Bengaluru Residency, Sector 3",Opposite Star Bazaar,560095,Bengaluru,Karnataka,SERUM-VITC,Vitamin C Serum,1,499,COD,Xpressbees,WooCommerce,,Delivered,,0,delivered
NS-L-02087,BL987650087,2026-04-04,Farhan Ali,9700000087,customer87@example.com,"House 107, Gali 3, Ahmedabad Residency, Sector 4",Near D Mart,380015,Ahmedabad,Gujarat,EARBUDS-PRO,Wireless Earbuds Pro,1,1999,Prepaid,Bluedart,WhatsApp,gadgets COD pilot,Delivered,,0,delivered
NS-L-02088,SH987650088,2026-04-05,Nisha Jain,9700000088,customer88@example.com,Near mandir Jaipur main road only,,302001,Jaipur,Rajasthan,BAG-TAN,Tan Sling Bag,1,799,Prepaid,Shadowfax,Shopify,,Delivered,,0,delivered
NS-L-02089,EK987650089,2026-04-06,Arjun Mehta,9700000089,customer89@example.com,"House 109, Plot 72, Pune Residency, Sector 6",Near main market,411045,Pune,Maharashtra,SUPP-ASHWA,Ashwagandha Gummies,1,1299,Prepaid,Ekart,Instagram,,Delivered,,0,delivered
NS-L-02090,SH987650090,2026-04-07,Sana Shaikh,9700000090,customer90@example.com,"House 110, Block A, Kolkata Residency, Sector 7",,700016,Kolkata,West Bengal,TSH-BLK-L,Oversized Black Tee,1,799,COD,Shadowfax,WooCommerce,fashion COD pilot,RTO,Customer not available,2,rto
NS-L-02091,SH987650091,2026-04-08,Rohit Singh,9700000091,customer91@example.com,"House 111, Tower B, Lucknow Residency, Sector 8",Opposite Star Bazaar,226010,Lucknow,Uttar Pradesh,SNEAK-WHT-8,White Sneakers,1,1999,COD,Shiprocket,WhatsApp,,Undelivered,Cash not ready,2,in_ndr
NS-L-02092,DE987650092,2026-04-09,Priya Nair,9700000092,customer92@example.com,"House 112, Gali 3, Indore Residency, Sector 9",Near D Mart,452010,Indore,Madhya Pradesh,HOOD-GRN-M,Green Hoodie,1,1299,COD,Delhivery,Shopify,,Delivered,,0,delivered
NS-L-02093,DT987650093,2026-04-10,Vikram Das,9700000093,customer93@example.com,"House 113, 2nd Floor, Surat Residency, Sector 10",Behind City Mall,395007,Surat,Gujarat,DRESS-RED-S,Red Summer Dress,2,2499,COD,DTDC,Instagram,fashion COD pilot,RTO,Phone not reachable,3,rto
NS-L-02094,EK987650094,2026-04-11,Anjali Gupta,9700000094,customer94@example.com,"House 114, Plot 72, Patna Residency, Sector 11",Near main market,800001,Patna,Bihar,WATCH-BLK,Smart Fitness Watch,1,3999,COD,Ekart,WooCommerce,,Delivered,,0,delivered
NS-L-02095,DT987650095,2026-04-12,Mohit Bansal,9700000095,customer95@example.com,"House 115, Block A, Nagpur Residency, Sector 12",Near Metro Station,440010,Nagpur,Maharashtra,KURTI-BLU-M,Blue Printed Kurti,1,1299,COD,DTDC,WhatsApp,,Delivered,,0,delivered
NS-L-02096,EK987650096,2026-04-13,Rahul Sharma,9700000096,customer96@example.com,"House 116, Tower B, Delhi Residency, Sector 1",,110024,Delhi,Delhi,SERUM-VITC,Vitamin C Serum,1,499,COD,Ekart,Shopify,beauty COD pilot,RTO,Customer requested future delivery,2,rto
NS-L-02097,DE987650097,2026-04-14,Pooja Verma,9700000097,customer97@example.com,"House 117, Gali 3, Ghaziabad Residency, Sector 2",Near D Mart,201001,Ghaziabad,Uttar Pradesh,EARBUDS-PRO,Wireless Earbuds Pro,1,1999,Prepaid,Delhivery,Instagram,,Delivered,,0,delivered
NS-L-02098,SH987650098,2026-04-15,Amit Khan,9700000098,customer98@example.com,"House 118, 2nd Floor, Bengaluru Residency, Sector 3",Behind City Mall,560095,Bengaluru,Karnataka,BAG-TAN,Tan Sling Bag,1,799,Prepaid,Shiprocket,WooCommerce,,Undelivered,Incorrect address,1,in_ndr
NS-L-02099,DE987650099,2026-04-16,Sneha Iyer,9700000099,customer99@example.com,Near mandir Ahmedabad main road only,,380015,Ahmedabad,Gujarat,SUPP-ASHWA,Ashwagandha Gummies,1,1299,Prepaid,Delhivery,WhatsApp,wellness COD pilot,In Transit,,0,in_transit
NS-L-02100,DT987650100,2026-04-17,Kiran Patel,9700000100,customer100@example.com,"House 120, Block A, Jaipur Residency, Sector 5",Near Metro Station,302001,Jaipur,Rajasthan,TSH-BLK-L,Oversized Black Tee,1,799,COD,DTDC,Shopify,,Undelivered,Cash not ready,1,in_ndr
NS-L-02101,BL987650101,2026-04-18,Meena Kumari,9700000101,customer101@example.com,"House 121, Tower B, Pune Residency, Sector 6",Opposite Star Bazaar,411045,Pune,Maharashtra,SNEAK-WHT-8,White Sneakers,1,1999,COD,Bluedart,Instagram,,Delivered,,0,delivered
NS-L-02102,DT987650102,2026-04-19,Devansh Rao,9700000102,customer102@example.com,"House 122, Gali 3, Kolkata Residency, Sector 7",,700016,Kolkata,West Bengal,HOOD-GRN-M,Green Hoodie,1,1299,COD,DTDC,WooCommerce,fashion COD pilot,RTO,Phone not reachable,2,rto
NS-L-02103,EK987650103,2026-04-20,Farhan Ali,9700000103,customer103@example.com,"House 123, 2nd Floor, Lucknow Residency, Sector 8",Behind City Mall,226010,Lucknow,Uttar Pradesh,DRESS-RED-S,Red Summer Dress,1,2499,COD,Ekart,WhatsApp,,Delivered,,0,delivered
NS-L-02104,SH987650104,2026-04-21,Nisha Jain,9700000104,customer104@example.com,"House 124, Plot 72, Indore Residency, Sector 9",Near main market,452010,Indore,Madhya Pradesh,WATCH-BLK,Smart Fitness Watch,1,3999,COD,Shadowfax,Shopify,,Delivered,,0,delivered
NS-L-02105,XP987650105,2026-04-22,Arjun Mehta,9700000105,customer105@example.com,"House 125, Block A, Surat Residency, Sector 10",Near Metro Station,395007,Surat,Gujarat,KURTI-BLU-M,Blue Printed Kurti,1,1299,COD,Xpressbees,Instagram,fashion COD pilot,RTO,Customer requested future delivery,3,rto
NS-L-02106,BL987650106,2026-04-23,Sana Shaikh,9700000106,customer106@example.com,"House 126, Tower B, Patna Residency, Sector 11",Opposite Star Bazaar,800001,Patna,Bihar,SERUM-VITC,Vitamin C Serum,1,499,COD,Bluedart,WooCommerce,,Delivered,,0,delivered
NS-L-02107,XP987650107,2026-04-24,Rohit Singh,9700000107,customer107@example.com,"House 127, Gali 3, Nagpur Residency, Sector 12",Near D Mart,440010,Nagpur,Maharashtra,EARBUDS-PRO,Wireless Earbuds Pro,1,1999,Prepaid,Xpressbees,WhatsApp,,Delivered,,0,delivered
NS-L-02108,BL987650108,2026-04-25,Priya Nair,9700000108,customer108@example.com,"House 128, 2nd Floor, Delhi Residency, Sector 1",,110024,Delhi,Delhi,BAG-TAN,Tan Sling Bag,1,799,Prepaid,Bluedart,Shopify,accessories COD pilot,In Transit,,0,in_transit
NS-L-02109,SH987650109,2026-04-26,Vikram Das,9700000109,customer109@example.com,"House 129, Plot 72, Ghaziabad Residency, Sector 2",Near main market,201001,Ghaziabad,Uttar Pradesh,SUPP-ASHWA,Ashwagandha Gummies,1,1299,Prepaid,Shadowfax,Instagram,,Delivered,,0,delivered
NS-L-02110,EK987650110,2026-04-27,Anjali Gupta,9700000110,customer110@example.com,Near mandir Bengaluru main road only,,560095,Bengaluru,Karnataka,TSH-BLK-L,Oversized Black Tee,1,799,COD,Ekart,WooCommerce,,Delivered,,0,delivered
NS-L-02111,SH987650111,2026-04-28,Mohit Bansal,9700000111,customer111@example.com,"House 131, Tower B, Ahmedabad Residency, Sector 4",Opposite Star Bazaar,380015,Ahmedabad,Gujarat,SNEAK-WHT-8,White Sneakers,1,1999,COD,Shadowfax,WhatsApp,footwear COD pilot,Delivered,,0,delivered
NS-L-02112,XP987650112,2026-04-01,Rahul Sharma,9700000112,customer112@example.com,Near mandir Jaipur main road only,,302001,Jaipur,Rajasthan,HOOD-GRN-M,Green Hoodie,1,1299,COD,Xpressbees,Shopify,,Undelivered,No response on phone,1,in_ndr
NS-L-02113,DE987650113,2026-04-02,Pooja Verma,9700000113,customer113@example.com,"House 133, 2nd Floor, Pune Residency, Sector 6",Behind City Mall,411045,Pune,Maharashtra,DRESS-RED-S,Red Summer Dress,1,2499,COD,Delhivery,Instagram,,Delivered,,0,delivered
NS-L-02114,XP987650114,2026-04-03,Amit Khan,9700000114,customer114@example.com,"House 134, Plot 72, Kolkata Residency, Sector 7",,700016,Kolkata,West Bengal,WATCH-BLK,Smart Fitness Watch,1,3999,COD,Xpressbees,WooCommerce,gadgets COD pilot,RTO,Customer requested future delivery,2,rto
NS-L-02115,BL987650115,2026-04-04,Sneha Iyer,9700000115,customer115@example.com,"House 135, Block A, Lucknow Residency, Sector 8",Near Metro Station,226010,Lucknow,Uttar Pradesh,KURTI-BLU-M,Blue Printed Kurti,1,1299,COD,Bluedart,WhatsApp,,Delivered,,0,delivered
NS-L-02116,DT987650116,2026-04-05,Kiran Patel,9700000116,customer116@example.com,"House 136, Tower B, Indore Residency, Sector 9",Opposite Star Bazaar,452010,Indore,Madhya Pradesh,SERUM-VITC,Vitamin C Serum,1,499,COD,DTDC,Shopify,,Delivered,,0,delivered
NS-L-02117,SH987650117,2026-04-06,Meena Kumari,9700000117,customer117@example.com,"House 137, Gali 3, Surat Residency, Sector 10",Near D Mart,395007,Surat,Gujarat,EARBUDS-PRO,Wireless Earbuds Pro,1,1999,Prepaid,Shiprocket,Instagram,gadgets COD pilot,RTO,Customer not available,3,rto
NS-L-02118,DE987650118,2026-04-07,Devansh Rao,9700000118,customer118@example.com,"House 138, 2nd Floor, Patna Residency, Sector 11",Behind City Mall,800001,Patna,Bihar,BAG-TAN,Tan Sling Bag,1,799,Prepaid,Delhivery,WooCommerce,,Delivered,,0,delivered
NS-L-02119,SH987650119,2026-04-08,Farhan Ali,9700000119,customer119@example.com,"House 139, Plot 72, Nagpur Residency, Sector 12",Near main market,440010,Nagpur,Maharashtra,SUPP-ASHWA,Ashwagandha Gummies,1,1299,Prepaid,Shiprocket,WhatsApp,,Undelivered,Door locked,2,in_ndr
NS-L-02120,DE987650120,2026-04-09,Nisha Jain,9700000120,customer120@example.com,"House 140, Block A, Delhi Residency, Sector 1",,110024,Delhi,Delhi,TSH-BLK-L,Oversized Black Tee,1,799,COD,Delhivery,Shopify,fashion COD pilot,RTO,Phone not reachable,2,rto
NS-L-02121,DT987650121,2026-04-10,Arjun Mehta,9700000121,customer121@example.com,Near mandir Ghaziabad main road only,,201001,Ghaziabad,Uttar Pradesh,SNEAK-WHT-8,White Sneakers,1,1999,COD,DTDC,Instagram,,Delivered,,0,delivered
NS-L-02122,BL987650122,2026-04-11,Sana Shaikh,9700000122,customer122@example.com,"House 142, Gali 3, Bengaluru Residency, Sector 3",Near D Mart,560095,Bengaluru,Karnataka,HOOD-GRN-M,Green Hoodie,1,1299,COD,Bluedart,WooCommerce,,Delivered,,0,delivered
NS-L-02123,DT987650123,2026-04-12,Rohit Singh,9700000123,customer123@example.com,"House 143, 2nd Floor, Ahmedabad Residency, Sector 4",Behind City Mall,380015,Ahmedabad,Gujarat,DRESS-RED-S,Red Summer Dress,1,2499,COD,DTDC,WhatsApp,fashion COD pilot,Cancelled,,0,cancelled_before_shipping
NS-L-02124,SH987650124,2026-04-13,Priya Nair,9700000124,customer124@example.com,"House 144, Plot 72, Jaipur Residency, Sector 5",Near main market,302001,Jaipur,Rajasthan,WATCH-BLK,Smart Fitness Watch,2,3999,COD,Shiprocket,Shopify,,Delivered,,0,delivered
NS-L-02125,SH987650125,2026-04-14,Vikram Das,9700000125,customer125@example.com,"House 145, Block A, Pune Residency, Sector 6",Near Metro Station,411045,Pune,Maharashtra,KURTI-BLU-M,Blue Printed Kurti,1,1299,COD,Shadowfax,Instagram,,Delivered,,0,delivered
NS-L-02126,SH987650126,2026-04-15,Anjali Gupta,9700000126,customer126@example.com,"House 146, Tower B, Kolkata Residency, Sector 7",,700016,Kolkata,West Bengal,SERUM-VITC,Vitamin C Serum,1,499,COD,Shiprocket,WooCommerce,beauty COD pilot,RTO,Customer not available,2,rto
NS-L-02127,DE987650127,2026-04-16,Mohit Bansal,9700000127,customer127@example.com,"House 147, Gali 3, Lucknow Residency, Sector 8",Near D Mart,226010,Lucknow,Uttar Pradesh,EARBUDS-PRO,Wireless Earbuds Pro,1,1999,Prepaid,Delhivery,WhatsApp,,Delivered,,0,delivered
NS-L-02128,XP987650128,2026-04-17,Rahul Sharma,9700000128,customer128@example.com,"House 148, 2nd Floor, Indore Residency, Sector 9",Behind City Mall,452010,Indore,Madhya Pradesh,BAG-TAN,Tan Sling Bag,1,799,Prepaid,Xpressbees,Shopify,,Delivered,,0,delivered
NS-L-02129,EK987650129,2026-04-18,Pooja Verma,9700000129,customer129@example.com,"House 149, Plot 72, Surat Residency, Sector 10",Near main market,395007,Surat,Gujarat,SUPP-ASHWA,Ashwagandha Gummies,1,1299,Prepaid,Ekart,Instagram,wellness COD pilot,Delivered,,0,delivered
NS-L-02130,SH987650130,2026-04-19,Amit Khan,9700000130,customer130@example.com,"House 150, Block A, Patna Residency, Sector 11",Near Metro Station,800001,Patna,Bihar,TSH-BLK-L,Oversized Black Tee,1,799,COD,Shadowfax,WooCommerce,,Undelivered,No response on phone,1,in_ndr
NS-L-02131,EK987650131,2026-04-20,Sneha Iyer,9700000131,customer131@example.com,"House 151, Tower B, Nagpur Residency, Sector 12",Opposite Star Bazaar,440010,Nagpur,Maharashtra,SNEAK-WHT-8,White Sneakers,1,1999,COD,Ekart,WhatsApp,,Delivered,,0,delivered
NS-L-02132,SH987650132,2026-04-21,Kiran Patel,9700000132,customer132@example.com,Near mandir Delhi main road only,,110024,Delhi,Delhi,HOOD-GRN-M,Green Hoodie,1,1299,COD,Shadowfax,Shopify,fashion COD pilot,RTO,Customer requested future delivery,2,rto
NS-L-02133,XP987650133,2026-04-22,Meena Kumari,9700000133,customer133@example.com,"House 153, 2nd Floor, Ghaziabad Residency, Sector 2",Behind City Mall,201001,Ghaziabad,Uttar Pradesh,DRESS-RED-S,Red Summer Dress,1,2499,COD,Xpressbees,Instagram,,Undelivered,Customer refused delivery,2,in_ndr
NS-L-02134,DE987650134,2026-04-23,Devansh Rao,9700000134,customer134@example.com,"House 154, Plot 72, Bengaluru Residency, Sector 3",Near main market,560095,Bengaluru,Karnataka,WATCH-BLK,Smart Fitness Watch,1,3999,COD,Delhivery,WooCommerce,,Delivered,,0,delivered
NS-L-02135,XP987650135,2026-04-24,Farhan Ali,9700000135,customer135@example.com,"House 155, Block A, Ahmedabad Residency, Sector 4",Near Metro Station,380015,Ahmedabad,Gujarat,KURTI-BLU-M,Blue Printed Kurti,1,1299,COD,Xpressbees,WhatsApp,fashion COD pilot,In Transit,,0,in_transit
NS-L-02136,EK987650136,2026-04-25,Nisha Jain,9700000136,customer136@example.com,Near mandir Jaipur main road only,,302001,Jaipur,Rajasthan,SERUM-VITC,Vitamin C Serum,1,499,COD,Ekart,Shopify,,Delivered,,0,delivered
NS-L-02137,DT987650137,2026-04-26,Arjun Mehta,9700000137,customer137@example.com,"House 157, Gali 3, Pune Residency, Sector 6",Near D Mart,411045,Pune,Maharashtra,EARBUDS-PRO,Wireless Earbuds Pro,1,1999,Prepaid,DTDC,Instagram,,Delivered,,0,delivered
NS-L-02138,EK987650138,2026-04-27,Sana Shaikh,9700000138,customer138@example.com,"House 158, 2nd Floor, Kolkata Residency, Sector 7",,700016,Kolkata,West Bengal,BAG-TAN,Tan Sling Bag,1,799,Prepaid,Ekart,WooCommerce,accessories COD pilot,Delivered,,0,delivered
NS-L-02139,SH987650139,2026-04-28,Rohit Singh,9700000139,customer139@example.com,"House 159, Plot 72, Lucknow Residency, Sector 8",Near main market,226010,Lucknow,Uttar Pradesh,SUPP-ASHWA,Ashwagandha Gummies,1,1299,Prepaid,Shadowfax,WhatsApp,,Delivered,,0,delivered
NS-L-02140,SH987650140,2026-04-01,Priya Nair,9700000140,customer140@example.com,"House 160, Block A, Indore Residency, Sector 9",Near Metro Station,452010,Indore,Madhya Pradesh,TSH-BLK-L,Oversized Black Tee,1,799,COD,Shiprocket,Shopify,,Undelivered,Address insufficient,1,in_ndr
NS-L-02141,BL987650141,2026-04-02,Vikram Das,9700000141,customer141@example.com,"House 161, Tower B, Surat Residency, Sector 10",Opposite Star Bazaar,395007,Surat,Gujarat,SNEAK-WHT-8,White Sneakers,1,1999,COD,Bluedart,Instagram,footwear COD pilot,RTO,Customer requested future delivery,3,rto
NS-L-02142,DT987650142,2026-04-03,Anjali Gupta,9700000142,customer142@example.com,"House 162, Gali 3, Patna Residency, Sector 11",Near D Mart,800001,Patna,Bihar,HOOD-GRN-M,Green Hoodie,1,1299,COD,DTDC,WooCommerce,,Delivered,,0,delivered
NS-L-02143,BL987650143,2026-04-04,Mohit Bansal,9700000143,customer143@example.com,Near mandir Nagpur main road only,,440010,Nagpur,Maharashtra,DRESS-RED-S,Red Summer Dress,1,2499,COD,Bluedart,WhatsApp,,Delivered,,0,delivered
NS-L-02144,DT987650144,2026-04-05,Rahul Sharma,9700000144,customer144@example.com,"House 164, Plot 72, Delhi Residency, Sector 1",,110024,Delhi,Delhi,WATCH-BLK,Smart Fitness Watch,1,3999,COD,DTDC,Shopify,gadgets COD pilot,RTO,Customer not available,2,rto
NS-L-02145,SH987650145,2026-04-06,Pooja Verma,9700000145,customer145@example.com,"House 165, Block A, Ghaziabad Residency, Sector 2",Near Metro Station,201001,Ghaziabad,Uttar Pradesh,KURTI-BLU-M,Blue Printed Kurti,1,1299,COD,Shiprocket,Instagram,,Undelivered,Cash not ready,2,in_ndr
NS-L-02146,SH987650146,2026-04-07,Amit Khan,9700000146,customer146@example.com,"House 166, Tower B, Bengaluru Residency, Sector 3",Opposite Star Bazaar,560095,Bengaluru,Karnataka,SERUM-VITC,Vitamin C Serum,1,499,COD,Shadowfax,WooCommerce,,Delivered,,0,delivered
NS-L-02147,SH987650147,2026-04-08,Sneha Iyer,9700000147,customer147@example.com,"House 167, Gali 3, Ahmedabad Residency, Sector 4",Near D Mart,380015,Ahmedabad,Gujarat,EARBUDS-PRO,Wireless Earbuds Pro,1,1999,Prepaid,Shiprocket,WhatsApp,gadgets COD pilot,Undelivered,Customer requested future delivery,2,in_ndr
NS-L-02148,BL987650148,2026-04-09,Kiran Patel,9700000148,customer148@example.com,"House 168, 2nd Floor, Jaipur Residency, Sector 5",Behind City Mall,302001,Jaipur,Rajasthan,BAG-TAN,Tan Sling Bag,1,799,Prepaid,Bluedart,Shopify,,Delivered,,0,delivered
NS-L-02149,XP987650149,2026-04-10,Meena Kumari,9700000149,customer149@example.com,"House 169, Plot 72, Pune Residency, Sector 6",Near main market,411045,Pune,Maharashtra,SUPP-ASHWA,Ashwagandha Gummies,1,1299,Prepaid,Xpressbees,Instagram,,Delivered,,0,delivered
NS-L-02150,BL987650150,2026-04-11,Devansh Rao,9700000150,customer150@example.com,"House 170, Block A, Kolkata Residency, Sector 7",,700016,Kolkata,West Bengal,TSH-BLK-L,Oversized Black Tee,1,799,COD,Bluedart,WooCommerce,fashion COD pilot,RTO,Customer requested future delivery,2,rto
NS-L-02151,DT987650151,2026-04-12,Farhan Ali,9700000151,customer151@example.com,"House 171, Tower B, Lucknow Residency, Sector 8",Opposite Star Bazaar,226010,Lucknow,Uttar Pradesh,SNEAK-WHT-8,White Sneakers,1,1999,COD,DTDC,WhatsApp,,Delivered,,0,delivered
NS-L-02152,EK987650152,2026-04-13,Nisha Jain,9700000152,customer152@example.com,"House 172, Gali 3, Indore Residency, Sector 9",Near D Mart,452010,Indore,Madhya Pradesh,HOOD-GRN-M,Green Hoodie,1,1299,COD,Ekart,Shopify,,Delivered,,0,delivered
NS-L-02153,DE987650153,2026-04-14,Arjun Mehta,9700000153,customer153@example.com,"House 173, 2nd Floor, Surat Residency, Sector 10",Behind City Mall,395007,Surat,Gujarat,DRESS-RED-S,Red Summer Dress,1,2499,COD,Delhivery,Instagram,fashion COD pilot,RTO,Customer not available,3,rto
NS-L-02154,XP987650154,2026-04-15,Sana Shaikh,9700000154,customer154@example.com,Near mandir Patna main road only,,800001,Patna,Bihar,WATCH-BLK,Smart Fitness Watch,1,3999,COD,Xpressbees,WooCommerce,,Undelivered,Cash not ready,1,in_ndr
NS-L-02155,DE987650155,2026-04-16,Rohit Singh,9700000155,customer155@example.com,"House 175, Block A, Nagpur Residency, Sector 12",Near Metro Station,440010,Nagpur,Maharashtra,KURTI-BLU-M,Blue Printed Kurti,2,1299,COD,Delhivery,WhatsApp,,Delivered,,0,delivered
NS-L-02156,XP987650156,2026-04-17,Priya Nair,9700000156,customer156@example.com,"House 176, Tower B, Delhi Residency, Sector 1",,110024,Delhi,Delhi,SERUM-VITC,Vitamin C Serum,1,499,COD,Xpressbees,Shopify,beauty COD pilot,RTO,Phone not reachable,2,rto
NS-L-02157,EK987650157,2026-04-18,Vikram Das,9700000157,customer157@example.com,"House 177, Gali 3, Ghaziabad Residency, Sector 2",Near D Mart,201001,Ghaziabad,Uttar Pradesh,EARBUDS-PRO,Wireless Earbuds Pro,1,1999,Prepaid,Ekart,Instagram,,Delivered,,0,delivered
NS-L-02158,DT987650158,2026-04-19,Anjali Gupta,9700000158,customer158@example.com,"House 178, 2nd Floor, Bengaluru Residency, Sector 3",Behind City Mall,560095,Bengaluru,Karnataka,BAG-TAN,Tan Sling Bag,1,799,Prepaid,DTDC,WooCommerce,,Delivered,,0,delivered
NS-L-02159,EK987650159,2026-04-20,Mohit Bansal,9700000159,customer159@example.com,"House 179, Plot 72, Ahmedabad Residency, Sector 4",Near main market,380015,Ahmedabad,Gujarat,SUPP-ASHWA,Ashwagandha Gummies,1,1299,Prepaid,Ekart,WhatsApp,wellness COD pilot,Delivered,,0,delivered
NS-L-02160,DE987650160,2026-04-21,Rahul Sharma,9700000160,customer160@example.com,Near mandir Jaipur main road only,,302001,Jaipur,Rajasthan,TSH-BLK-L,Oversized Black Tee,1,799,COD,Delhivery,Shopify,,Undelivered,Customer refused delivery,1,in_ndr
NS-L-02161,SH987650161,2026-04-22,Pooja Verma,9700000161,customer161@example.com,"House 181, Tower B, Pune Residency, Sector 6",Opposite Star Bazaar,411045,Pune,Maharashtra,SNEAK-WHT-8,White Sneakers,1,1999,COD,Shiprocket,Instagram,,Undelivered,Incorrect address,2,in_ndr
NS-L-02162,DE987650162,2026-04-23,Amit Khan,9700000162,customer162@example.com,"House 182, Gali 3, Kolkata Residency, Sector 7",,700016,Kolkata,West Bengal,HOOD-GRN-M,Green Hoodie,1,1299,COD,Delhivery,WooCommerce,fashion COD pilot,RTO,Customer not available,2,rto
NS-L-02163,XP987650163,2026-04-24,Sneha Iyer,9700000163,customer163@example.com,"House 183, 2nd Floor, Lucknow Residency, Sector 8",Behind City Mall,226010,Lucknow,Uttar Pradesh,DRESS-RED-S,Red Summer Dress,1,2499,COD,Xpressbees,WhatsApp,,Delivered,,0,delivered
NS-L-02164,BL987650164,2026-04-25,Kiran Patel,9700000164,customer164@example.com,"House 184, Plot 72, Indore Residency, Sector 9",Near main market,452010,Indore,Madhya Pradesh,WATCH-BLK,Smart Fitness Watch,1,3999,COD,Bluedart,Shopify,,Cancelled,,0,cancelled_before_shipping
NS-L-02165,SH987650165,2026-04-26,Meena Kumari,9700000165,customer165@example.com,Near mandir Surat main road only,,395007,Surat,Gujarat,KURTI-BLU-M,Blue Printed Kurti,1,1299,COD,Shadowfax,Instagram,fashion COD pilot,RTO,Phone not reachable,3,rto
NS-L-02166,SH987650166,2026-04-27,Devansh Rao,9700000166,customer166@example.com,"House 186, Tower B, Patna Residency, Sector 11",Opposite Star Bazaar,800001,Patna,Bihar,SERUM-VITC,Vitamin C Serum,1,499,COD,Shiprocket,WooCommerce,,Delivered,,0,delivered
NS-L-02167,SH987650167,2026-04-28,Farhan Ali,9700000167,customer167@example.com,"House 187, Gali 3, Nagpur Residency, Sector 12",Near D Mart,440010,Nagpur,Maharashtra,EARBUDS-PRO,Wireless Earbuds Pro,1,1999,Prepaid,Shadowfax,WhatsApp,,Delivered,,0,delivered
NS-L-02168,SH987650168,2026-04-01,Nisha Jain,9700000168,customer168@example.com,"House 188, 2nd Floor, Delhi Residency, Sector 1",,110024,Delhi,Delhi,BAG-TAN,Tan Sling Bag,1,799,Prepaid,Shiprocket,Shopify,accessories COD pilot,Undelivered,Customer not available,1,in_ndr
NS-L-02169,BL987650169,2026-04-02,Arjun Mehta,9700000169,customer169@example.com,"House 189, Plot 72, Ghaziabad Residency, Sector 2",Near main market,201001,Ghaziabad,Uttar Pradesh,SUPP-ASHWA,Ashwagandha Gummies,1,1299,Prepaid,Bluedart,Instagram,,RTO,No response on phone,3,rto
NS-L-02170,XP987650170,2026-04-03,Sana Shaikh,9700000170,customer170@example.com,"House 20, Block A, Bengaluru Residency, Sector 3",Near Metro Station,560095,Bengaluru,Karnataka,TSH-BLK-L,Oversized Black Tee,1,799,COD,Xpressbees,WooCommerce,,Delivered,,0,delivered
NS-L-02171,BL987650171,2026-04-04,Rohit Singh,9700000171,customer171@example.com,"House 21, Tower B, Ahmedabad Residency, Sector 4",Opposite Star Bazaar,380015,Ahmedabad,Gujarat,SNEAK-WHT-8,White Sneakers,1,1999,COD,Bluedart,WhatsApp,footwear COD pilot,In Transit,,0,in_transit
NS-L-02172,SH987650172,2026-04-05,Priya Nair,9700000172,customer172@example.com,"House 22, Gali 3, Jaipur Residency, Sector 5",Near D Mart,302001,Jaipur,Rajasthan,HOOD-GRN-M,Green Hoodie,1,1299,COD,Shadowfax,Shopify,,Delivered,,0,delivered
NS-L-02173,EK987650173,2026-04-06,Vikram Das,9700000173,customer173@example.com,"House 23, 2nd Floor, Pune Residency, Sector 6",Behind City Mall,411045,Pune,Maharashtra,DRESS-RED-S,Red Summer Dress,1,2499,COD,Ekart,Instagram,,Delivered,,0,delivered
NS-L-02174,SH987650174,2026-04-07,Anjali Gupta,9700000174,customer174@example.com,"House 24, Plot 72, Kolkata Residency, Sector 7",,700016,Kolkata,West Bengal,WATCH-BLK,Smart Fitness Watch,1,3999,COD,Shadowfax,WooCommerce,gadgets COD pilot,RTO,Phone not reachable,2,rto
NS-L-02175,SH987650175,2026-04-08,Mohit Bansal,9700000175,customer175@example.com,"House 25, Block A, Lucknow Residency, Sector 8",Near Metro Station,226010,Lucknow,Uttar Pradesh,KURTI-BLU-M,Blue Printed Kurti,1,1299,COD,Shiprocket,WhatsApp,,Undelivered,No response on phone,2,in_ndr
NS-L-02176,DE987650176,2026-04-09,Rahul Sharma,9700000176,customer176@example.com,Near mandir Indore main road only,,452010,Indore,Madhya Pradesh,SERUM-VITC,Vitamin C Serum,1,499,COD,Delhivery,Shopify,,Delivered,,0,delivered
NS-L-02177,DT987650177,2026-04-10,Pooja Verma,9700000177,customer177@example.com,"House 27, Gali 3, Surat Residency, Sector 10",Near D Mart,395007,Surat,Gujarat,EARBUDS-PRO,Wireless Earbuds Pro,1,1999,Prepaid,DTDC,Instagram,gadgets COD pilot,Delivered,,0,delivered
NS-L-02178,EK987650178,2026-04-11,Amit Khan,9700000178,customer178@example.com,"House 28, 2nd Floor, Patna Residency, Sector 11",Behind City Mall,800001,Patna,Bihar,BAG-TAN,Tan Sling Bag,1,799,Prepaid,Ekart,WooCommerce,,Delivered,,0,delivered
NS-L-02179,DT987650179,2026-04-12,Sneha Iyer,9700000179,customer179@example.com,"House 29, Plot 72, Nagpur Residency, Sector 12",Near main market,440010,Nagpur,Maharashtra,SUPP-ASHWA,Ashwagandha Gummies,1,1299,Prepaid,DTDC,WhatsApp,,Delivered,,0,delivered
NS-L-02180,EK987650180,2026-04-13,Kiran Patel,9700000180,customer180@example.com,"House 30, Block A, Delhi Residency, Sector 1",,110024,Delhi,Delhi,TSH-BLK-L,Oversized Black Tee,1,799,COD,Ekart,Shopify,fashion COD pilot,RTO,Customer not available,2,rto
NS-L-02181,DE987650181,2026-04-14,Meena Kumari,9700000181,customer181@example.com,"House 31, Tower B, Ghaziabad Residency, Sector 2",Opposite Star Bazaar,201001,Ghaziabad,Uttar Pradesh,SNEAK-WHT-8,White Sneakers,1,1999,COD,Delhivery,Instagram,,Delivered,,0,delivered
NS-L-02182,SH987650182,2026-04-15,Devansh Rao,9700000182,customer182@example.com,"House 32, Gali 3, Bengaluru Residency, Sector 3",Near D Mart,560095,Bengaluru,Karnataka,HOOD-GRN-M,Green Hoodie,1,1299,COD,Shiprocket,WooCommerce,,Undelivered,Door locked,1,in_ndr
NS-L-02183,DE987650183,2026-04-16,Farhan Ali,9700000183,customer183@example.com,"House 33, 2nd Floor, Ahmedabad Residency, Sector 4",Behind City Mall,380015,Ahmedabad,Gujarat,DRESS-RED-S,Red Summer Dress,1,2499,COD,Delhivery,WhatsApp,fashion COD pilot,Delivered,,0,delivered
NS-L-02184,DT987650184,2026-04-17,Nisha Jain,9700000184,customer184@example.com,Near mandir Jaipur main road only,,302001,Jaipur,Rajasthan,WATCH-BLK,Smart Fitness Watch,1,3999,COD,DTDC,Shopify,,Delivered,,0,delivered
NS-L-02185,BL987650185,2026-04-18,Arjun Mehta,9700000185,customer185@example.com,"House 35, Block A, Pune Residency, Sector 6",Near Metro Station,411045,Pune,Maharashtra,KURTI-BLU-M,Blue Printed Kurti,1,1299,COD,Bluedart,Instagram,,Delivered,,0,delivered
NS-L-02186,DT987650186,2026-04-19,Sana Shaikh,9700000186,customer186@example.com,"House 36, Tower B, Kolkata Residency, Sector 7",,700016,Kolkata,West Bengal,SERUM-VITC,Vitamin C Serum,2,499,COD,DTDC,WooCommerce,beauty COD pilot,RTO,Customer requested future delivery,2,rto
NS-L-02187,EK987650187,2026-04-20,Rohit Singh,9700000187,customer187@example.com,Near mandir Lucknow main road only,,226010,Lucknow,Uttar Pradesh,EARBUDS-PRO,Wireless Earbuds Pro,1,1999,Prepaid,Ekart,WhatsApp,,Delivered,,0,delivered
NS-L-02188,SH987650188,2026-04-21,Priya Nair,9700000188,customer188@example.com,"House 38, 2nd Floor, Indore Residency, Sector 9",Behind City Mall,452010,Indore,Madhya Pradesh,BAG-TAN,Tan Sling Bag,1,799,Prepaid,Shadowfax,Shopify,,Delivered,,0,delivered
NS-L-02189,XP987650189,2026-04-22,Vikram Das,9700000189,customer189@example.com,"House 39, Plot 72, Surat Residency, Sector 10",Near main market,395007,Surat,Gujarat,SUPP-ASHWA,Ashwagandha Gummies,1,1299,Prepaid,Xpressbees,Instagram,wellness COD pilot,Undelivered,Phone not reachable,2,in_ndr
NS-L-02190,BL987650190,2026-04-23,Anjali Gupta,9700000190,customer190@example.com,"House 40, Block A, Patna Residency, Sector 11",Near Metro Station,800001,Patna,Bihar,TSH-BLK-L,Oversized Black Tee,1,799,COD,Bluedart,WooCommerce,,Undelivered,Cash not ready,1,in_ndr
NS-L-02191,XP987650191,2026-04-24,Mohit Bansal,9700000191,customer191@example.com,"House 41, Tower B, Nagpur Residency, Sector 12",Opposite Star Bazaar,440010,Nagpur,Maharashtra,SNEAK-WHT-8,White Sneakers,1,1999,COD,Xpressbees,WhatsApp,,Delivered,,0,delivered
NS-L-02192,BL987650192,2026-04-25,Rahul Sharma,9700000192,customer192@example.com,"House 42, Gali 3, Delhi Residency, Sector 1",,110024,Delhi,Delhi,HOOD-GRN-M,Green Hoodie,1,1299,COD,Bluedart,Shopify,fashion COD pilot,RTO,Phone not reachable,2,rto
NS-L-02193,SH987650193,2026-04-26,Pooja Verma,9700000193,customer193@example.com,"House 43, 2nd Floor, Ghaziabad Residency, Sector 2",Behind City Mall,201001,Ghaziabad,Uttar Pradesh,DRESS-RED-S,Red Summer Dress,1,2499,COD,Shadowfax,Instagram,,Delivered,,0,delivered
NS-L-02194,EK987650194,2026-04-27,Amit Khan,9700000194,customer194@example.com,"House 44, Plot 72, Bengaluru Residency, Sector 3",Near main market,560095,Bengaluru,Karnataka,WATCH-BLK,Smart Fitness Watch,1,3999,COD,Ekart,WooCommerce,,Delivered,,0,delivered
NS-L-02195,SH987650195,2026-04-28,Sneha Iyer,9700000195,customer195@example.com,"House 45, Block A, Ahmedabad Residency, Sector 4",Near Metro Station,380015,Ahmedabad,Gujarat,KURTI-BLU-M,Blue Printed Kurti,1,1299,COD,Shadowfax,WhatsApp,fashion COD pilot,Delivered,,0,delivered
NS-L-02196,XP987650196,2026-04-01,Kiran Patel,9700000196,customer196@example.com,"House 46, Tower B, Jaipur Residency, Sector 5",Opposite Star Bazaar,302001,Jaipur,Rajasthan,SERUM-VITC,Vitamin C Serum,1,499,COD,Xpressbees,Shopify,,Undelivered,Customer refused delivery,1,in_ndr
NS-L-02197,DE987650197,2026-04-02,Meena Kumari,9700000197,customer197@example.com,"House 47, Gali 3, Pune Residency, Sector 6",Near D Mart,411045,Pune,Maharashtra,EARBUDS-PRO,Wireless Earbuds Pro,1,1999,Prepaid,Delhivery,Instagram,,Delivered,,0,delivered
NS-L-02198,XP987650198,2026-04-03,Devansh Rao,9700000198,customer198@example.com,Near mandir Kolkata main road only,,700016,Kolkata,West Bengal,BAG-TAN,Tan Sling Bag,1,799,Prepaid,Xpressbees,WooCommerce,accessories COD pilot,In Transit,,0,in_transit
NS-L-02199,BL987650199,2026-04-04,Farhan Ali,9700000199,customer199@example.com,"House 49, Plot 72, Lucknow Residency, Sector 8",Near main market,226010,Lucknow,Uttar Pradesh,SUPP-ASHWA,Ashwagandha Gummies,1,1299,Prepaid,Bluedart,WhatsApp,,Delivered,,0,delivered
NS-L-02200,DT987650200,2026-04-05,Nisha Jain,9700000200,customer200@example.com,"House 50, Block A, Indore Residency, Sector 9",Near Metro Station,452010,Indore,Madhya Pradesh,TSH-BLK-L,Oversized Black Tee,1,799,COD,DTDC,Shopify,,Delivered,,0,delivered
NS-L-02201,SH987650201,2026-04-06,Arjun Mehta,9700000201,customer201@example.com,"House 51, Tower B, Surat Residency, Sector 10",Opposite Star Bazaar,395007,Surat,Gujarat,SNEAK-WHT-8,White Sneakers,1,1999,COD,Shiprocket,Instagram,footwear COD pilot,RTO,Phone not reachable,3,rto
NS-L-02202,DE987650202,2026-04-07,Sana Shaikh,9700000202,customer202@example.com,"House 52, Gali 3, Patna Residency, Sector 11",Near D Mart,800001,Patna,Bihar,HOOD-GRN-M,Green Hoodie,1,1299,COD,Delhivery,WooCommerce,,Delivered,,0,delivered
NS-L-02203,SH987650203,2026-04-08,Rohit Singh,9700000203,customer203@example.com,"House 53, 2nd Floor, Nagpur Residency, Sector 12",Behind City Mall,440010,Nagpur,Maharashtra,DRESS-RED-S,Red Summer Dress,1,2499,COD,Shiprocket,WhatsApp,,Undelivered,Address insufficient,2,in_ndr
NS-L-02204,DE987650204,2026-04-09,Priya Nair,9700000204,customer204@example.com,"House 54, Plot 72, Delhi Residency, Sector 1",,110024,Delhi,Delhi,WATCH-BLK,Smart Fitness Watch,1,3999,COD,Delhivery,Shopify,gadgets COD pilot,RTO,Customer requested future delivery,2,rto
NS-L-02205,DT987650205,2026-04-10,Vikram Das,9700000205,customer205@example.com,"House 55, Block A, Ghaziabad Residency, Sector 2",Near Metro Station,201001,Ghaziabad,Uttar Pradesh,KURTI-BLU-M,Blue Printed Kurti,1,1299,COD,DTDC,Instagram,,Cancelled,,0,cancelled_before_shipping
NS-L-02206,BL987650206,2026-04-11,Anjali Gupta,9700000206,customer206@example.com,"House 56, Tower B, Bengaluru Residency, Sector 3",Opposite Star Bazaar,560095,Bengaluru,Karnataka,SERUM-VITC,Vitamin C Serum,1,499,COD,Bluedart,WooCommerce,,Delivered,,0,delivered
NS-L-02207,DT987650207,2026-04-12,Mohit Bansal,9700000207,customer207@example.com,"House 57, Gali 3, Ahmedabad Residency, Sector 4",Near D Mart,380015,Ahmedabad,Gujarat,EARBUDS-PRO,Wireless Earbuds Pro,1,1999,Prepaid,DTDC,WhatsApp,gadgets COD pilot,In Transit,,0,in_transit
NS-L-02208,SH987650208,2026-04-13,Rahul Sharma,9700000208,customer208@example.com,Near mandir Jaipur main road only,,302001,Jaipur,Rajasthan,BAG-TAN,Tan Sling Bag,1,799,Prepaid,Shiprocket,Shopify,,RTO,Customer refused delivery,2,rto
NS-L-02209,SH987650209,2026-04-14,Pooja Verma,9700000209,customer209@example.com,Near mandir Pune main road only,,411045,Pune,Maharashtra,SUPP-ASHWA,Ashwagandha Gummies,1,1299,Prepaid,Shadowfax,Instagram,,RTO,Incorrect address,3,rto
NS-L-02210,SH987650210,2026-04-15,Amit Khan,9700000210,customer210@example.com,"House 60, Block A, Kolkata Residency, Sector 7",,700016,Kolkata,West Bengal,TSH-BLK-L,Oversized Black Tee,1,799,COD,Shiprocket,WooCommerce,fashion COD pilot,RTO,Phone not reachable,2,rto
NS-L-02211,DE987650211,2026-04-16,Sneha Iyer,9700000211,customer211@example.com,"House 61, Tower B, Lucknow Residency, Sector 8",Opposite Star Bazaar,226010,Lucknow,Uttar Pradesh,SNEAK-WHT-8,White Sneakers,1,1999,COD,Delhivery,WhatsApp,,Delivered,,0,delivered
NS-L-02212,XP987650212,2026-04-17,Kiran Patel,9700000212,customer212@example.com,"House 62, Gali 3, Indore Residency, Sector 9",Near D Mart,452010,Indore,Madhya Pradesh,HOOD-GRN-M,Green Hoodie,1,1299,COD,Xpressbees,Shopify,,Delivered,,0,delivered
NS-L-02213,EK987650213,2026-04-18,Meena Kumari,9700000213,customer213@example.com,"House 63, 2nd Floor, Surat Residency, Sector 10",Behind City Mall,395007,Surat,Gujarat,DRESS-RED-S,Red Summer Dress,1,2499,COD,Ekart,Instagram,fashion COD pilot,RTO,Customer requested future delivery,3,rto
NS-L-02214,SH987650214,2026-04-19,Devansh Rao,9700000214,customer214@example.com,"House 64, Plot 72, Patna Residency, Sector 11",Near main market,800001,Patna,Bihar,WATCH-BLK,Smart Fitness Watch,1,3999,COD,Shadowfax,WooCommerce,,Delivered,,0,delivered
NS-L-02215,EK987650215,2026-04-20,Farhan Ali,9700000215,customer215@example.com,"House 65, Block A, Nagpur Residency, Sector 12",Near Metro Station,440010,Nagpur,Maharashtra,KURTI-BLU-M,Blue Printed Kurti,1,1299,COD,Ekart,WhatsApp,,Delivered,,0,delivered
NS-L-02216,SH987650216,2026-04-21,Nisha Jain,9700000216,customer216@example.com,"House 66, Tower B, Delhi Residency, Sector 1",,110024,Delhi,Delhi,SERUM-VITC,Vitamin C Serum,1,499,COD,Shadowfax,Shopify,beauty COD pilot,RTO,Customer not available,2,rto
NS-L-02217,XP987650217,2026-04-22,Arjun Mehta,9700000217,customer217@example.com,"House 67, Gali 3, Ghaziabad Residency, Sector 2",Near D Mart,201001,Ghaziabad,Uttar Pradesh,EARBUDS-PRO,Wireless Earbuds Pro,2,1999,Prepaid,Xpressbees,Instagram,,Undelivered,Cash not ready,2,in_ndr
NS-L-02218,DE987650218,2026-04-23,Sana Shaikh,9700000218,customer218@example.com,"House 68, 2nd Floor, Bengaluru Residency, Sector 3",Behind City Mall,560095,Bengaluru,Karnataka,BAG-TAN,Tan Sling Bag,1,799,Prepaid,Delhivery,WooCommerce,,Delivered,,0,delivered
NS-L-02219,XP987650219,2026-04-24,Rohit Singh,9700000219,customer219@example.com,"House 69, Plot 72, Ahmedabad Residency, Sector 4",Near main market,380015,Ahmedabad,Gujarat,SUPP-ASHWA,Ashwagandha Gummies,1,1299,Prepaid,Xpressbees,WhatsApp,wellness COD pilot,Delivered,,0,delivered
NS-L-02220,EK987650220,2026-04-25,Priya Nair,9700000220,customer220@example.com,Near mandir Jaipur main road only,,302001,Jaipur,Rajasthan,TSH-BLK-L,Oversized Black Tee,1,799,COD,Ekart,Shopify,,Undelivered,No response on phone,1,in_ndr
NS-L-02221,DT987650221,2026-04-26,Vikram Das,9700000221,customer221@example.com,"House 71, Tower B, Pune Residency, Sector 6",Opposite Star Bazaar,411045,Pune,Maharashtra,SNEAK-WHT-8,White Sneakers,1,1999,COD,DTDC,Instagram,,Delivered,,0,delivered
NS-L-02222,EK987650222,2026-04-27,Anjali Gupta,9700000222,customer222@example.com,"House 72, Gali 3, Kolkata Residency, Sector 7",,700016,Kolkata,West Bengal,HOOD-GRN-M,Green Hoodie,1,1299,COD,Ekart,WooCommerce,fashion COD pilot,RTO,Customer requested future delivery,2,rto
NS-L-02223,SH987650223,2026-04-28,Mohit Bansal,9700000223,customer223@example.com,"House 73, 2nd Floor, Lucknow Residency, Sector 8",Behind City Mall,226010,Lucknow,Uttar Pradesh,DRESS-RED-S,Red Summer Dress,1,2499,COD,Shadowfax,WhatsApp,,Delivered,,0,delivered
NS-L-02224,SH987650224,2026-04-01,Rahul Sharma,9700000224,customer224@example.com,"House 74, Plot 72, Indore Residency, Sector 9",Near main market,452010,Indore,Madhya Pradesh,WATCH-BLK,Smart Fitness Watch,1,3999,COD,Shiprocket,Shopify,,Undelivered,Incorrect address,1,in_ndr
NS-L-02225,BL987650225,2026-04-02,Pooja Verma,9700000225,customer225@example.com,"House 75, Block A, Surat Residency, Sector 10",Near Metro Station,395007,Surat,Gujarat,KURTI-BLU-M,Blue Printed Kurti,1,1299,COD,Bluedart,Instagram,fashion COD pilot,RTO,Customer not available,3,rto
NS-L-02226,DT987650226,2026-04-03,Amit Khan,9700000226,customer226@example.com,"House 76, Tower B, Patna Residency, Sector 11",Opposite Star Bazaar,800001,Patna,Bihar,SERUM-VITC,Vitamin C Serum,1,499,COD,DTDC,WooCommerce,,Delivered,,0,delivered
NS-L-02227,BL987650227,2026-04-04,Sneha Iyer,9700000227,customer227@example.com,"House 77, Gali 3, Nagpur Residency, Sector 12",Near D Mart,440010,Nagpur,Maharashtra,EARBUDS-PRO,Wireless Earbuds Pro,1,1999,Prepaid,Bluedart,WhatsApp,,Delivered,,0,delivered
NS-L-02228,DT987650228,2026-04-05,Kiran Patel,9700000228,customer228@example.com,"House 78, 2nd Floor, Delhi Residency, Sector 1",,110024,Delhi,Delhi,BAG-TAN,Tan Sling Bag,1,799,Prepaid,DTDC,Shopify,accessories COD pilot,RTO,Phone not reachable,2,rto
NS-L-02229,SH987650229,2026-04-06,Meena Kumari,9700000229,customer229@example.com,"House 79, Plot 72, Ghaziabad Residency, Sector 2",Near main market,201001,Ghaziabad,Uttar Pradesh,SUPP-ASHWA,Ashwagandha Gummies,1,1299,Prepaid,Shiprocket,Instagram,,Delivered,,0,delivered
NS-L-02230,SH987650230,2026-04-07,Devansh Rao,9700000230,customer230@example.com,"House 80, Block A, Bengaluru Residency, Sector 3",Near Metro Station,560095,Bengaluru,Karnataka,TSH-BLK-L,Oversized Black Tee,1,799,COD,Shadowfax,WooCommerce,,Delivered,,0,delivered
NS-L-02231,SH987650231,2026-04-08,Farhan Ali,9700000231,customer231@example.com,Near mandir Ahmedabad main road only,,380015,Ahmedabad,Gujarat,SNEAK-WHT-8,White Sneakers,1,1999,COD,Shiprocket,WhatsApp,footwear COD pilot,Undelivered,Customer not available,2,in_ndr
NS-L-02232,BL987650232,2026-04-09,Nisha Jain,9700000232,customer232@example.com,Near mandir Jaipur main road only,,302001,Jaipur,Rajasthan,HOOD-GRN-M,Green Hoodie,1,1299,COD,Bluedart,Shopify,,Delivered,,0,delivered
NS-L-02233,XP987650233,2026-04-10,Arjun Mehta,9700000233,customer233@example.com,"House 83, 2nd Floor, Pune Residency, Sector 6",Behind City Mall,411045,Pune,Maharashtra,DRESS-RED-S,Red Summer Dress,1,2499,COD,Xpressbees,Instagram,,Delivered,,0,delivered
NS-L-02234,BL987650234,2026-04-11,Sana Shaikh,9700000234,customer234@example.com,"House 84, Plot 72, Kolkata Residency, Sector 7",,700016,Kolkata,West Bengal,WATCH-BLK,Smart Fitness Watch,1,3999,COD,Bluedart,WooCommerce,gadgets COD pilot,RTO,Customer not available,2,rto
NS-L-02235,DT987650235,2026-04-12,Rohit Singh,9700000235,customer235@example.com,"House 85, Block A, Lucknow Residency, Sector 8",Near Metro Station,226010,Lucknow,Uttar Pradesh,KURTI-BLU-M,Blue Printed Kurti,1,1299,COD,DTDC,WhatsApp,,Delivered,,0,delivered
NS-L-02236,EK987650236,2026-04-13,Priya Nair,9700000236,customer236@example.com,"House 86, Tower B, Indore Residency, Sector 9",Opposite Star Bazaar,452010,Indore,Madhya Pradesh,SERUM-VITC,Vitamin C Serum,1,499,COD,Ekart,Shopify,,Delivered,,0,delivered
NS-L-02237,DE987650237,2026-04-14,Vikram Das,9700000237,customer237@example.com,"House 87, Gali 3, Surat Residency, Sector 10",Near D Mart,395007,Surat,Gujarat,EARBUDS-PRO,Wireless Earbuds Pro,1,1999,Prepaid,Delhivery,Instagram,gadgets COD pilot,Delivered,,0,delivered
NS-L-02238,XP987650238,2026-04-15,Anjali Gupta,9700000238,customer238@example.com,"House 88, 2nd Floor, Patna Residency, Sector 11",Behind City Mall,800001,Patna,Bihar,BAG-TAN,Tan Sling Bag,1,799,Prepaid,Xpressbees,WooCommerce,,Undelivered,No response on phone,1,in_ndr
NS-L-02239,DE987650239,2026-04-16,Mohit Bansal,9700000239,customer239@example.com,"House 89, Plot 72, Nagpur Residency, Sector 12",Near main market,440010,Nagpur,Maharashtra,SUPP-ASHWA,Ashwagandha Gummies,1,1299,Prepaid,Delhivery,WhatsApp,,Delivered,,0,delivered
NS-L-02240,XP987650240,2026-04-17,Rahul Sharma,9700000240,customer240@example.com,"House 90, Block A, Delhi Residency, Sector 1",,110024,Delhi,Delhi,TSH-BLK-L,Oversized Black Tee,1,799,COD,Xpressbees,Shopify,fashion COD pilot,RTO,Customer requested future delivery,2,rto
NS-L-02241,EK987650241,2026-04-18,Pooja Verma,9700000241,customer241@example.com,"House 91, Tower B, Ghaziabad Residency, Sector 2",Opposite Star Bazaar,201001,Ghaziabad,Uttar Pradesh,SNEAK-WHT-8,White Sneakers,1,1999,COD,Ekart,Instagram,,Delivered,,0,delivered
NS-L-02242,DT987650242,2026-04-19,Amit Khan,9700000242,customer242@example.com,Near mandir Bengaluru main road only,,560095,Bengaluru,Karnataka,HOOD-GRN-M,Green Hoodie,1,1299,COD,DTDC,WooCommerce,,Delivered,,0,delivered
NS-L-02243,EK987650243,2026-04-20,Sneha Iyer,9700000243,customer243@example.com,"House 93, 2nd Floor, Ahmedabad Residency, Sector 4",Behind City Mall,380015,Ahmedabad,Gujarat,DRESS-RED-S,Red Summer Dress,1,2499,COD,Ekart,WhatsApp,fashion COD pilot,In Transit,,0,in_transit
NS-L-02244,DE987650244,2026-04-21,Kiran Patel,9700000244,customer244@example.com,"House 94, Plot 72, Jaipur Residency, Sector 5",Near main market,302001,Jaipur,Rajasthan,WATCH-BLK,Smart Fitness Watch,1,3999,COD,Delhivery,Shopify,,Delivered,,0,delivered
NS-L-02245,SH987650245,2026-04-22,Meena Kumari,9700000245,customer245@example.com,"House 95, Block A, Pune Residency, Sector 6",Near Metro Station,411045,Pune,Maharashtra,KURTI-BLU-M,Blue Printed Kurti,1,1299,COD,Shiprocket,Instagram,,Undelivered,Door locked,2,in_ndr
NS-L-02246,DE987650246,2026-04-23,Devansh Rao,9700000246,customer246@example.com,"House 96, Tower B, Kolkata Residency, Sector 7",,700016,Kolkata,West Bengal,SERUM-VITC,Vitamin C Serum,1,499,COD,Delhivery,WooCommerce,beauty COD pilot,Cancelled,,0,cancelled_before_shipping
NS-L-02247,XP987650247,2026-04-24,Farhan Ali,9700000247,customer247@example.com,"House 97, Gali 3, Lucknow Residency, Sector 8",Near D Mart,226010,Lucknow,Uttar Pradesh,EARBUDS-PRO,Wireless Earbuds Pro,1,1999,Prepaid,Xpressbees,WhatsApp,,RTO,Cash not ready,3,rto
NS-L-02248,BL987650248,2026-04-25,Nisha Jain,9700000248,customer248@example.com,"House 98, 2nd Floor, Indore Residency, Sector 9",Behind City Mall,452010,Indore,Madhya Pradesh,BAG-TAN,Tan Sling Bag,2,799,Prepaid,Bluedart,Shopify,,Delivered,,0,delivered
NS-L-02249,SH987650249,2026-04-26,Arjun Mehta,9700000249,customer249@example.com,"House 99, Plot 72, Surat Residency, Sector 10",Near main market,395007,Surat,Gujarat,SUPP-ASHWA,Ashwagandha Gummies,1,1299,Prepaid,Shadowfax,Instagram,wellness COD pilot,Delivered,,0,delivered
NS-L-02250,SH987650250,2026-04-27,Sana Shaikh,9700000250,customer250@example.com,"House 100, Block A, Patna Residency, Sector 11",Near Metro Station,800001,Patna,Bihar,TSH-BLK-L,Oversized Black Tee,1,799,COD,Shiprocket,WooCommerce,,Undelivered,Customer refused delivery,1,in_ndr
NS-L-02251,SH987650251,2026-04-28,Rohit Singh,9700000251,customer251@example.com,"House 101, Tower B, Nagpur Residency, Sector 12",Opposite Star Bazaar,440010,Nagpur,Maharashtra,SNEAK-WHT-8,White Sneakers,1,1999,COD,Shadowfax,WhatsApp,,Delivered,,0,delivered
NS-L-02252,SH987650252,2026-04-01,Priya Nair,9700000252,customer252@example.com,"House 102, Gali 3, Delhi Residency, Sector 1",,110024,Delhi,Delhi,HOOD-GRN-M,Green Hoodie,1,1299,COD,Shiprocket,Shopify,fashion COD pilot,RTO,Customer not available,2,rto
NS-L-02253,BL987650253,2026-04-02,Vikram Das,9700000253,customer253@example.com,Near mandir Ghaziabad main road only,,201001,Ghaziabad,Uttar Pradesh,DRESS-RED-S,Red Summer Dress,1,2499,COD,Bluedart,Instagram,,Delivered,,0,delivered
NS-L-02254,XP987650254,2026-04-03,Anjali Gupta,9700000254,customer254@example.com,"House 104, Plot 72, Bengaluru Residency, Sector 3",Near main market,560095,Bengaluru,Karnataka,WATCH-BLK,Smart Fitness Watch,1,3999,COD,Xpressbees,WooCommerce,,Delivered,,0,delivered
NS-L-02255,BL987650255,2026-04-04,Mohit Bansal,9700000255,customer255@example.com,"House 105, Block A, Ahmedabad Residency, Sector 4",Near Metro Station,380015,Ahmedabad,Gujarat,KURTI-BLU-M,Blue Printed Kurti,1,1299,COD,Bluedart,WhatsApp,fashion COD pilot,Delivered,,0,delivered
NS-L-02256,SH987650256,2026-04-05,Rahul Sharma,9700000256,customer256@example.com,Near mandir Jaipur main road only,,302001,Jaipur,Rajasthan,SERUM-VITC,Vitamin C Serum,1,499,COD,Shadowfax,Shopify,,Delivered,,0,delivered
NS-L-02257,EK987650257,2026-04-06,Pooja Verma,9700000257,customer257@example.com,"House 107, Gali 3, Pune Residency, Sector 6",Near D Mart,411045,Pune,Maharashtra,EARBUDS-PRO,Wireless Earbuds Pro,1,1999,Prepaid,Ekart,Instagram,,Delivered,,0,delivered
NS-L-02258,SH987650258,2026-04-07,Amit Khan,9700000258,customer258@example.com,"House 108, 2nd Floor, Kolkata Residency, Sector 7",,700016,Kolkata,West Bengal,BAG-TAN,Tan Sling Bag,1,799,Prepaid,Shadowfax,WooCommerce,accessories COD pilot,Delivered,,0,delivered
NS-L-02259,SH987650259,2026-04-08,Sneha Iyer,9700000259,customer259@example.com,"House 109, Plot 72, Lucknow Residency, Sector 8",Near main market,226010,Lucknow,Uttar Pradesh,SUPP-ASHWA,Ashwagandha Gummies,1,1299,Prepaid,Shiprocket,WhatsApp,,Undelivered,Customer refused delivery,2,in_ndr
NS-L-02260,DE987650260,2026-04-09,Kiran Patel,9700000260,customer260@example.com,"House 110, Block A, Indore Residency, Sector 9",Near Metro Station,452010,Indore,Madhya Pradesh,TSH-BLK-L,Oversized Black Tee,1,799,COD,Delhivery,Shopify,,Delivered,,0,delivered
NS-L-02261,DT987650261,2026-04-10,Meena Kumari,9700000261,customer261@example.com,"House 111, Tower B, Surat Residency, Sector 10",Opposite Star Bazaar,395007,Surat,Gujarat,SNEAK-WHT-8,White Sneakers,1,1999,COD,DTDC,Instagram,footwear COD pilot,RTO,Customer not available,3,rto
NS-L-02262,EK987650262,2026-04-11,Devansh Rao,9700000262,customer262@example.com,"House 112, Gali 3, Patna Residency, Sector 11",Near D Mart,800001,Patna,Bihar,HOOD-GRN-M,Green Hoodie,1,1299,COD,Ekart,WooCommerce,,Delivered,,0,delivered
NS-L-02263,DT987650263,2026-04-12,Farhan Ali,9700000263,customer263@example.com,"House 113, 2nd Floor, Nagpur Residency, Sector 12",Behind City Mall,440010,Nagpur,Maharashtra,DRESS-RED-S,Red Summer Dress,1,2499,COD,DTDC,WhatsApp,,Delivered,,0,delivered
NS-L-02264,EK987650264,2026-04-13,Nisha Jain,9700000264,customer264@example.com,Near mandir Delhi main road only,,110024,Delhi,Delhi,WATCH-BLK,Smart Fitness Watch,1,3999,COD,Ekart,Shopify,gadgets COD pilot,RTO,Phone not reachable,2,rto
NS-L-02265,DE987650265,2026-04-14,Arjun Mehta,9700000265,customer265@example.com,"House 115, Block A, Ghaziabad Residency, Sector 2",Near Metro Station,201001,Ghaziabad,Uttar Pradesh,KURTI-BLU-M,Blue Printed Kurti,1,1299,COD,Delhivery,Instagram,,Undelivered,No response on phone,2,in_ndr
NS-L-02266,SH987650266,2026-04-15,Sana Shaikh,9700000266,customer266@example.com,"House 116, Tower B, Bengaluru Residency, Sector 3",Opposite Star Bazaar,560095,Bengaluru,Karnataka,SERUM-VITC,Vitamin C Serum,1,499,COD,Shiprocket,WooCommerce,,Undelivered,Address insufficient,1,in_ndr
NS-L-02267,DE987650267,2026-04-16,Rohit Singh,9700000267,customer267@example.com,"House 117, Gali 3, Ahmedabad Residency, Sector 4",Near D Mart,380015,Ahmedabad,Gujarat,EARBUDS-PRO,Wireless Earbuds Pro,1,1999,Prepaid,Delhivery,WhatsApp,gadgets COD pilot,Delivered,,0,delivered
NS-L-02268,DT987650268,2026-04-17,Priya Nair,9700000268,customer268@example.com,"House 118, 2nd Floor, Jaipur Residency, Sector 5",Behind City Mall,302001,Jaipur,Rajasthan,BAG-TAN,Tan Sling Bag,1,799,Prepaid,DTDC,Shopify,,Delivered,,0,delivered
NS-L-02269,BL987650269,2026-04-18,Vikram Das,9700000269,customer269@example.com,"House 119, Plot 72, Pune Residency, Sector 6",Near main market,411045,Pune,Maharashtra,SUPP-ASHWA,Ashwagandha Gummies,1,1299,Prepaid,Bluedart,Instagram,,Delivered,,0,delivered
NS-L-02270,DT987650270,2026-04-19,Anjali Gupta,9700000270,customer270@example.com,"House 120, Block A, Kolkata Residency, Sector 7",,700016,Kolkata,West Bengal,TSH-BLK-L,Oversized Black Tee,1,799,COD,DTDC,WooCommerce,fashion COD pilot,RTO,Customer not available,2,rto
NS-L-02271,EK987650271,2026-04-20,Mohit Bansal,9700000271,customer271@example.com,"House 121, Tower B, Lucknow Residency, Sector 8",Opposite Star Bazaar,226010,Lucknow,Uttar Pradesh,SNEAK-WHT-8,White Sneakers,1,1999,COD,Ekart,WhatsApp,,Delivered,,0,delivered
NS-L-02272,SH987650272,2026-04-21,Rahul Sharma,9700000272,customer272@example.com,"House 122, Gali 3, Indore Residency, Sector 9",Near D Mart,452010,Indore,Madhya Pradesh,HOOD-GRN-M,Green Hoodie,1,1299,COD,Shadowfax,Shopify,,Delivered,,0,delivered
NS-L-02273,XP987650273,2026-04-22,Pooja Verma,9700000273,customer273@example.com,"House 123, 2nd Floor, Surat Residency, Sector 10",Behind City Mall,395007,Surat,Gujarat,DRESS-RED-S,Red Summer Dress,1,2499,COD,Xpressbees,Instagram,fashion COD pilot,RTO,Phone not reachable,3,rto
NS-L-02274,BL987650274,2026-04-23,Amit Khan,9700000274,customer274@example.com,"House 124, Plot 72, Patna Residency, Sector 11",Near main market,800001,Patna,Bihar,WATCH-BLK,Smart Fitness Watch,1,3999,COD,Bluedart,WooCommerce,,Delivered,,0,delivered
NS-L-02275,XP987650275,2026-04-24,Sneha Iyer,9700000275,customer275@example.com,Near mandir Nagpur main road only,,440010,Nagpur,Maharashtra,KURTI-BLU-M,Blue Printed Kurti,1,1299,COD,Xpressbees,WhatsApp,,Delivered,,0,delivered
NS-L-02276,BL987650276,2026-04-25,Kiran Patel,9700000276,customer276@example.com,"House 126, Tower B, Delhi Residency, Sector 1",,110024,Delhi,Delhi,SERUM-VITC,Vitamin C Serum,1,499,COD,Bluedart,Shopify,beauty COD pilot,RTO,Customer requested future delivery,2,rto
NS-L-02277,SH987650277,2026-04-26,Meena Kumari,9700000277,customer277@example.com,"House 127, Gali 3, Ghaziabad Residency, Sector 2",Near D Mart,201001,Ghaziabad,Uttar Pradesh,EARBUDS-PRO,Wireless Earbuds Pro,1,1999,Prepaid,Shadowfax,Instagram,,Delivered,,0,delivered
NS-L-02278,EK987650278,2026-04-27,Devansh Rao,9700000278,customer278@example.com,"House 128, 2nd Floor, Bengaluru Residency, Sector 3",Behind City Mall,560095,Bengaluru,Karnataka,BAG-TAN,Tan Sling Bag,1,799,Prepaid,Ekart,WooCommerce,,Delivered,,0,delivered
NS-L-02279,SH987650279,2026-04-28,Farhan Ali,9700000279,customer279@example.com,"House 129, Plot 72, Ahmedabad Residency, Sector 4",Near main market,380015,Ahmedabad,Gujarat,SUPP-ASHWA,Ashwagandha Gummies,2,1299,Prepaid,Shadowfax,WhatsApp,wellness COD pilot,In Transit,,0,in_transit
NS-L-02280,XP987650280,2026-04-01,Nisha Jain,9700000000,customer280@example.com,Near mandir Jaipur main road only,,302001,Jaipur,Rajasthan,TSH-BLK-L,Oversized Black Tee,1,799,COD,Xpressbees,Shopify,,Undelivered,Cash not ready,1,in_ndr
NS-L-02281,DE987650281,2026-04-02,Arjun Mehta,9700000001,customer281@example.com,"House 131, Tower B, Pune Residency, Sector 6",Opposite Star Bazaar,411045,Pune,Maharashtra,SNEAK-WHT-8,White Sneakers,1,1999,COD,Delhivery,Instagram,,Delivered,,0,delivered
NS-L-02282,XP987650282,2026-04-03,Sana Shaikh,9700000002,customer282@example.com,"House 132, Gali 3, Kolkata Residency, Sector 7",,700016,Kolkata,West Bengal,HOOD-GRN-M,Green Hoodie,1,1299,COD,Xpressbees,WooCommerce,fashion COD pilot,RTO,Phone not reachable,2,rto
NS-L-02283,BL987650283,2026-04-04,Rohit Singh,9700000003,customer283@example.com,"House 133, 2nd Floor, Lucknow Residency, Sector 8",Behind City Mall,226010,Lucknow,Uttar Pradesh,DRESS-RED-S,Red Summer Dress,1,2499,COD,Bluedart,WhatsApp,,Delivered,,0,delivered
NS-L-02284,DT987650284,2026-04-05,Priya Nair,9700000004,customer284@example.com,"House 134, Plot 72, Indore Residency, Sector 9",Near main market,452010,Indore,Madhya Pradesh,WATCH-BLK,Smart Fitness Watch,1,3999,COD,DTDC,Shopify,,Delivered,,0,delivered
NS-L-02285,SH987650285,2026-04-06,Vikram Das,9700000005,customer285@example.com,"House 135, Block A, Surat Residency, Sector 10",Near Metro Station,395007,Surat,Gujarat,KURTI-BLU-M,Blue Printed Kurti,1,1299,COD,Shiprocket,Instagram,fashion COD pilot,RTO,Customer requested future delivery,3,rto
NS-L-02286,DE987650286,2026-04-07,Anjali Gupta,9700000006,customer286@example.com,Near mandir Patna main road only,,800001,Patna,Bihar,SERUM-VITC,Vitamin C Serum,1,499,COD,Delhivery,WooCommerce,,Delivered,,0,delivered
NS-L-02287,SH987650287,2026-04-08,Mohit Bansal,9700000007,customer287@example.com,"House 137, Gali 3, Nagpur Residency, Sector 12",Near D Mart,440010,Nagpur,Maharashtra,EARBUDS-PRO,Wireless Earbuds Pro,1,1999,Prepaid,Shiprocket,WhatsApp,,Cancelled,,0,cancelled_before_shipping
NS-L-02288,DE987650288,2026-04-09,Rahul Sharma,9700000008,customer288@example.com,"House 138, 2nd Floor, Delhi Residency, Sector 1",,110024,Delhi,Delhi,BAG-TAN,Tan Sling Bag,1,799,Prepaid,Delhivery,Shopify,accessories COD pilot,In Transit,,0,in_transit
NS-L-02289,DT987650289,2026-04-10,Pooja Verma,9700000009,customer289@example.com,"House 139, Plot 72, Ghaziabad Residency, Sector 2",Near main market,201001,Ghaziabad,Uttar Pradesh,SUPP-ASHWA,Ashwagandha Gummies,1,1299,Prepaid,DTDC,Instagram,,Delivered,,0,delivered
NS-L-02290,BL987650290,2026-04-11,Amit Khan,9700000010,customer290@example.com,"House 140, Block A, Bengaluru Residency, Sector 3",Near Metro Station,560095,Bengaluru,Karnataka,TSH-BLK-L,Oversized Black Tee,1,799,COD,Bluedart,WooCommerce,,Delivered,,0,delivered
NS-L-02291,DT987650291,2026-04-12,Sneha Iyer,9700000011,customer291@example.com,"House 141, Tower B, Ahmedabad Residency, Sector 4",Opposite Star Bazaar,380015,Ahmedabad,Gujarat,SNEAK-WHT-8,White Sneakers,1,1999,COD,DTDC,WhatsApp,footwear COD pilot,Delivered,,0,delivered
NS-L-02292,SH987650292,2026-04-13,Kiran Patel,9700000012,customer292@example.com,"House 142, Gali 3, Jaipur Residency, Sector 5",Near D Mart,302001,Jaipur,Rajasthan,HOOD-GRN-M,Green Hoodie,1,1299,COD,Shiprocket,Shopify,,Delivered,,0,delivered
NS-L-02293,SH987650293,2026-04-14,Meena Kumari,9700000013,customer293@example.com,"House 143, 2nd Floor, Pune Residency, Sector 6",Behind City Mall,411045,Pune,Maharashtra,DRESS-RED-S,Red Summer Dress,1,2499,COD,Shadowfax,Instagram,,Delivered,,0,delivered
NS-L-02294,SH987650294,2026-04-15,Devansh Rao,9700000014,customer294@example.com,"House 144, Plot 72, Kolkata Residency, Sector 7",,700016,Kolkata,West Bengal,WATCH-BLK,Smart Fitness Watch,1,3999,COD,Shiprocket,WooCommerce,gadgets COD pilot,RTO,Customer requested future delivery,2,rto
NS-L-02295,DE987650295,2026-04-16,Farhan Ali,9700000015,customer295@example.com,"House 145, Block A, Lucknow Residency, Sector 8",Near Metro Station,226010,Lucknow,Uttar Pradesh,KURTI-BLU-M,Blue Printed Kurti,1,1299,COD,Delhivery,WhatsApp,,Delivered,,0,delivered
NS-L-02296,XP987650296,2026-04-17,Nisha Jain,9700000016,customer296@example.com,"House 146, Tower B, Indore Residency, Sector 9",Opposite Star Bazaar,452010,Indore,Madhya Pradesh,SERUM-VITC,Vitamin C Serum,1,499,COD,Xpressbees,Shopify,,Delivered,,0,delivered
NS-L-02297,EK987650297,2026-04-18,Arjun Mehta,9700000017,customer297@example.com,Near mandir Surat main road only,,395007,Surat,Gujarat,EARBUDS-PRO,Wireless Earbuds Pro,1,1999,Prepaid,Ekart,Instagram,gadgets COD pilot,In Transit,,0,in_transit
NS-L-02298,SH987650298,2026-04-19,Sana Shaikh,9700000018,customer298@example.com,"House 148, 2nd Floor, Patna Residency, Sector 11",Behind City Mall,800001,Patna,Bihar,BAG-TAN,Tan Sling Bag,1,799,Prepaid,Shadowfax,WooCommerce,,Delivered,,0,delivered
NS-L-02299,EK987650299,2026-04-20,Rohit Singh,9700000019,customer299@example.com,"House 149, Plot 72, Nagpur Residency, Sector 12",Near main market,440010,Nagpur,Maharashtra,SUPP-ASHWA,Ashwagandha Gummies,1,1299,Prepaid,Ekart,WhatsApp,,Delivered,,0,delivered
NS-L-02300,SH987650300,2026-04-21,Priya Nair,9700000020,customer300@example.com,"House 150, Block A, Delhi Residency, Sector 1",,110024,Delhi,Delhi,TSH-BLK-L,Oversized Black Tee,1,799,COD,Shadowfax,Shopify,fashion COD pilot,RTO,Phone not reachable,2,rto
NS-L-02301,XP987650301,2026-04-22,Vikram Das,9700000021,customer301@example.com,"House 151, Tower B, Ghaziabad Residency, Sector 2",Opposite Star Bazaar,201001,Ghaziabad,Uttar Pradesh,SNEAK-WHT-8,White Sneakers,1,1999,COD,Xpressbees,Instagram,,Undelivered,No response on phone,2,in_ndr
NS-L-02302,DE987650302,2026-04-23,Anjali Gupta,9700000022,customer302@example.com,"House 152, Gali 3, Bengaluru Residency, Sector 3",Near D Mart,560095,Bengaluru,Karnataka,HOOD-GRN-M,Green Hoodie,1,1299,COD,Delhivery,WooCommerce,,Delivered,,0,delivered
NS-L-02303,XP987650303,2026-04-24,Mohit Bansal,9700000023,customer303@example.com,"House 153, 2nd Floor, Ahmedabad Residency, Sector 4",Behind City Mall,380015,Ahmedabad,Gujarat,DRESS-RED-S,Red Summer Dress,1,2499,COD,Xpressbees,WhatsApp,fashion COD pilot,Delivered,,0,delivered
NS-L-02304,EK987650304,2026-04-25,Rahul Sharma,9700000024,customer304@example.com,Near mandir Jaipur main road only,,302001,Jaipur,Rajasthan,WATCH-BLK,Smart Fitness Watch,1,3999,COD,Ekart,Shopify,,Delivered,,0,delivered
NS-L-02305,DT987650305,2026-04-26,Pooja Verma,9700000025,customer305@example.com,"House 155, Block A, Pune Residency, Sector 6",Near Metro Station,411045,Pune,Maharashtra,KURTI-BLU-M,Blue Printed Kurti,1,1299,COD,DTDC,Instagram,,Delivered,,0,delivered
NS-L-02306,EK987650306,2026-04-27,Amit Khan,9700000026,customer306@example.com,"House 156, Tower B, Kolkata Residency, Sector 7",,700016,Kolkata,West Bengal,SERUM-VITC,Vitamin C Serum,1,499,COD,Ekart,WooCommerce,beauty COD pilot,RTO,Customer not available,2,rto
NS-L-02307,SH987650307,2026-04-28,Sneha Iyer,9700000027,customer307@example.com,"House 157, Gali 3, Lucknow Residency, Sector 8",Near D Mart,226010,Lucknow,Uttar Pradesh,EARBUDS-PRO,Wireless Earbuds Pro,1,1999,Prepaid,Shadowfax,WhatsApp,,Delivered,,0,delivered
NS-L-02308,SH987650308,2026-04-01,Kiran Patel,9700000028,customer308@example.com,Near mandir Indore main road only,,452010,Indore,Madhya Pradesh,BAG-TAN,Tan Sling Bag,1,799,Prepaid,Shiprocket,Shopify,,Undelivered,Door locked,1,in_ndr
NS-L-02309,BL987650309,2026-04-02,Meena Kumari,9700000029,customer309@example.com,"House 159, Plot 72, Surat Residency, Sector 10",Near main market,395007,Surat,Gujarat,SUPP-ASHWA,Ashwagandha Gummies,1,1299,Prepaid,Bluedart,Instagram,wellness COD pilot,Delivered,,0,delivered
NS-L-02310,DT987650310,2026-04-03,Devansh Rao,9700000030,customer310@example.com,"House 160, Block A, Patna Residency, Sector 11",Near Metro Station,800001,Patna,Bihar,TSH-BLK-L,Oversized Black Tee,2,799,COD,DTDC,WooCommerce,,Undelivered,No response on phone,1,in_ndr
NS-L-02311,BL987650311,2026-04-04,Farhan Ali,9700000031,customer311@example.com,"House 161, Tower B, Nagpur Residency, Sector 12",Opposite Star Bazaar,440010,Nagpur,Maharashtra,SNEAK-WHT-8,White Sneakers,1,1999,COD,Bluedart,WhatsApp,,Delivered,,0,delivered
NS-L-02312,DT987650312,2026-04-05,Nisha Jain,9700000032,customer312@example.com,"House 162, Gali 3, Delhi Residency, Sector 1",,110024,Delhi,Delhi,HOOD-GRN-M,Green Hoodie,1,1299,COD,DTDC,Shopify,fashion COD pilot,RTO,Customer requested future delivery,2,rto
NS-L-02313,SH987650313,2026-04-06,Arjun Mehta,9700000033,customer313@example.com,"House 163, 2nd Floor, Ghaziabad Residency, Sector 2",Behind City Mall,201001,Ghaziabad,Uttar Pradesh,DRESS-RED-S,Red Summer Dress,1,2499,COD,Shiprocket,Instagram,,Delivered,,0,delivered
NS-L-02314,SH987650314,2026-04-07,Sana Shaikh,9700000034,customer314@example.com,"House 164, Plot 72, Bengaluru Residency, Sector 3",Near main market,560095,Bengaluru,Karnataka,WATCH-BLK,Smart Fitness Watch,1,3999,COD,Shadowfax,WooCommerce,,Delivered,,0,delivered
NS-L-02315,SH987650315,2026-04-08,Rohit Singh,9700000035,customer315@example.com,"House 165, Block A, Ahmedabad Residency, Sector 4",Near Metro Station,380015,Ahmedabad,Gujarat,KURTI-BLU-M,Blue Printed Kurti,1,1299,COD,Shiprocket,WhatsApp,fashion COD pilot,Undelivered,Phone not reachable,2,in_ndr
NS-L-02316,BL987650316,2026-04-09,Priya Nair,9700000036,customer316@example.com,"House 166, Tower B, Jaipur Residency, Sector 5",Opposite Star Bazaar,302001,Jaipur,Rajasthan,SERUM-VITC,Vitamin C Serum,1,499,COD,Bluedart,Shopify,,Delivered,,0,delivered
NS-L-02317,XP987650317,2026-04-10,Vikram Das,9700000037,customer317@example.com,"House 167, Gali 3, Pune Residency, Sector 6",Near D Mart,411045,Pune,Maharashtra,EARBUDS-PRO,Wireless Earbuds Pro,1,1999,Prepaid,Xpressbees,Instagram,,Delivered,,0,delivered
NS-L-02318,BL987650318,2026-04-11,Anjali Gupta,9700000038,customer318@example.com,"House 168, 2nd Floor, Kolkata Residency, Sector 7",,700016,Kolkata,West Bengal,BAG-TAN,Tan Sling Bag,1,799,Prepaid,Bluedart,WooCommerce,accessories COD pilot,Delivered,,0,delivered
NS-L-02319,DT987650319,2026-04-12,Mohit Bansal,9700000039,customer319@example.com,Near mandir Lucknow main road only,,226010,Lucknow,Uttar Pradesh,SUPP-ASHWA,Ashwagandha Gummies,1,1299,Prepaid,DTDC,WhatsApp,,Delivered,,0,delivered
NS-L-02320,EK987650320,2026-04-13,Rahul Sharma,9700000040,customer320@example.com,"House 170, Block A, Indore Residency, Sector 9",Near Metro Station,452010,Indore,Madhya Pradesh,TSH-BLK-L,Oversized Black Tee,1,799,COD,Ekart,Shopify,,Delivered,,0,delivered
NS-L-02321,DE987650321,2026-04-14,Pooja Verma,9700000041,customer321@example.com,"House 171, Tower B, Surat Residency, Sector 10",Opposite Star Bazaar,395007,Surat,Gujarat,SNEAK-WHT-8,White Sneakers,1,1999,COD,Delhivery,Instagram,footwear COD pilot,RTO,Customer requested future delivery,3,rto
NS-L-02322,XP987650322,2026-04-15,Amit Khan,9700000042,customer322@example.com,"House 172, Gali 3, Patna Residency, Sector 11",Near D Mart,800001,Patna,Bihar,HOOD-GRN-M,Green Hoodie,1,1299,COD,Xpressbees,WooCommerce,,Undelivered,Customer refused delivery,1,in_ndr
NS-L-02323,DE987650323,2026-04-16,Sneha Iyer,9700000043,customer323@example.com,"House 173, 2nd Floor, Nagpur Residency, Sector 12",Behind City Mall,440010,Nagpur,Maharashtra,DRESS-RED-S,Red Summer Dress,1,2499,COD,Delhivery,WhatsApp,,Delivered,,0,delivered
NS-L-02324,XP987650324,2026-04-17,Kiran Patel,9700000044,customer324@example.com,"House 174, Plot 72, Delhi Residency, Sector 1",,110024,Delhi,Delhi,WATCH-BLK,Smart Fitness Watch,1,3999,COD,Xpressbees,Shopify,gadgets COD pilot,RTO,Customer not available,2,rto
NS-L-02325,EK987650325,2026-04-18,Meena Kumari,9700000045,customer325@example.com,"House 175, Block A, Ghaziabad Residency, Sector 2",Near Metro Station,201001,Ghaziabad,Uttar Pradesh,KURTI-BLU-M,Blue Printed Kurti,1,1299,COD,Ekart,Instagram,,Undelivered,Cash not ready,2,in_ndr
NS-L-02326,DT987650326,2026-04-19,Devansh Rao,9700000046,customer326@example.com,"House 176, Tower B, Bengaluru Residency, Sector 3",Opposite Star Bazaar,560095,Bengaluru,Karnataka,SERUM-VITC,Vitamin C Serum,1,499,COD,DTDC,WooCommerce,,Delivered,,0,delivered
NS-L-02327,EK987650327,2026-04-20,Farhan Ali,9700000047,customer327@example.com,"House 177, Gali 3, Ahmedabad Residency, Sector 4",Near D Mart,380015,Ahmedabad,Gujarat,EARBUDS-PRO,Wireless Earbuds Pro,1,1999,Prepaid,Ekart,WhatsApp,gadgets COD pilot,Delivered,,0,delivered
NS-L-02328,DE987650328,2026-04-21,Nisha Jain,9700000048,customer328@example.com,Near mandir Jaipur main road only,,302001,Jaipur,Rajasthan,BAG-TAN,Tan Sling Bag,1,799,Prepaid,Delhivery,Shopify,,Cancelled,,0,cancelled_before_shipping
NS-L-02329,SH987650329,2026-04-22,Arjun Mehta,9700000049,customer329@example.com,"House 179, Plot 72, Pune Residency, Sector 6",Near main market,411045,Pune,Maharashtra,SUPP-ASHWA,Ashwagandha Gummies,1,1299,Prepaid,Shiprocket,Instagram,,Undelivered,Address insufficient,2,in_ndr
NS-L-02330,DE987650330,2026-04-23,Sana Shaikh,9700000050,customer330@example.com,Near mandir Kolkata main road only,,700016,Kolkata,West Bengal,TSH-BLK-L,Oversized Black Tee,1,799,COD,Delhivery,WooCommerce,fashion COD pilot,RTO,Customer requested future delivery,2,rto
NS-L-02331,XP987650331,2026-04-24,Rohit Singh,9700000051,customer331@example.com,"House 181, Tower B, Lucknow Residency, Sector 8",Opposite Star Bazaar,226010,Lucknow,Uttar Pradesh,SNEAK-WHT-8,White Sneakers,1,1999,COD,Xpressbees,WhatsApp,,Delivered,,0,delivered
NS-L-02332,BL987650332,2026-04-25,Priya Nair,9700000052,customer332@example.com,"House 182, Gali 3, Indore Residency, Sector 9",Near D Mart,452010,Indore,Madhya Pradesh,HOOD-GRN-M,Green Hoodie,1,1299,COD,Bluedart,Shopify,,Delivered,,0,delivered
NS-L-02333,SH987650333,2026-04-26,Vikram Das,9700000053,customer333@example.com,"House 183, 2nd Floor, Surat Residency, Sector 10",Behind City Mall,395007,Surat,Gujarat,DRESS-RED-S,Red Summer Dress,1,2499,COD,Shadowfax,Instagram,fashion COD pilot,RTO,Customer not available,3,rto
NS-L-02334,SH987650334,2026-04-27,Anjali Gupta,9700000054,customer334@example.com,"House 184, Plot 72, Patna Residency, Sector 11",Near main market,800001,Patna,Bihar,WATCH-BLK,Smart Fitness Watch,1,3999,COD,Shiprocket,WooCommerce,,Delivered,,0,delivered
NS-L-02335,SH987650335,2026-04-28,Mohit Bansal,9700000055,customer335@example.com,"House 185, Block A, Nagpur Residency, Sector 12",Near Metro Station,440010,Nagpur,Maharashtra,KURTI-BLU-M,Blue Printed Kurti,1,1299,COD,Shadowfax,WhatsApp,,Delivered,,0,delivered
NS-L-02336,SH987650336,2026-04-01,Rahul Sharma,9700000056,customer336@example.com,"House 186, Tower B, Delhi Residency, Sector 1",,110024,Delhi,Delhi,SERUM-VITC,Vitamin C Serum,1,499,COD,Shiprocket,Shopify,beauty COD pilot,RTO,Phone not reachable,2,rto
NS-L-02337,BL987650337,2026-04-02,Pooja Verma,9700000057,customer337@example.com,"House 187, Gali 3, Ghaziabad Residency, Sector 2",Near D Mart,201001,Ghaziabad,Uttar Pradesh,EARBUDS-PRO,Wireless Earbuds Pro,1,1999,Prepaid,Bluedart,Instagram,,Delivered,,0,delivered
NS-L-02338,XP987650338,2026-04-03,Amit Khan,9700000058,customer338@example.com,"House 188, 2nd Floor, Bengaluru Residency, Sector 3",Behind City Mall,560095,Bengaluru,Karnataka,BAG-TAN,Tan Sling Bag,1,799,Prepaid,Xpressbees,WooCommerce,,Delivered,,0,delivered
NS-L-02339,BL987650339,2026-04-04,Sneha Iyer,9700000059,customer339@example.com,"House 189, Plot 72, Ahmedabad Residency, Sector 4",Near main market,380015,Ahmedabad,Gujarat,SUPP-ASHWA,Ashwagandha Gummies,1,1299,Prepaid,Bluedart,WhatsApp,wellness COD pilot,Delivered,,0,delivered
NS-L-02340,SH987650340,2026-04-05,Kiran Patel,9700000060,customer340@example.com,"House 20, Block A, Jaipur Residency, Sector 5",Near Metro Station,302001,Jaipur,Rajasthan,TSH-BLK-L,Oversized Black Tee,1,799,COD,Shadowfax,Shopify,,Undelivered,Customer refused delivery,1,in_ndr
NS-L-02341,EK987650341,2026-04-06,Meena Kumari,9700000061,customer341@example.com,Near mandir Pune main road only,,411045,Pune,Maharashtra,SNEAK-WHT-8,White Sneakers,2,1999,COD,Ekart,Instagram,,Delivered,,0,delivered
NS-L-02342,SH987650342,2026-04-07,Devansh Rao,9700000062,customer342@example.com,"House 22, Gali 3, Kolkata Residency, Sector 7",,700016,Kolkata,West Bengal,HOOD-GRN-M,Green Hoodie,1,1299,COD,Shadowfax,WooCommerce,fashion COD pilot,RTO,Customer not available,2,rto
NS-L-02343,SH987650343,2026-04-08,Farhan Ali,9700000063,customer343@example.com,"House 23, 2nd Floor, Lucknow Residency, Sector 8",Behind City Mall,226010,Lucknow,Uttar Pradesh,DRESS-RED-S,Red Summer Dress,1,2499,COD,Shiprocket,WhatsApp,,Undelivered,Cash not ready,2,in_ndr
NS-L-02344,DE987650344,2026-04-09,Nisha Jain,9700000064,customer344@example.com,"House 24, Plot 72, Indore Residency, Sector 9",Near main market,452010,Indore,Madhya Pradesh,WATCH-BLK,Smart Fitness Watch,1,3999,COD,Delhivery,Shopify,,Delivered,,0,delivered
NS-L-02345,DT987650345,2026-04-10,Arjun Mehta,9700000065,customer345@example.com,"House 25, Block A, Surat Residency, Sector 10",Near Metro Station,395007,Surat,Gujarat,KURTI-BLU-M,Blue Printed Kurti,1,1299,COD,DTDC,Instagram,fashion COD pilot,RTO,Phone not reachable,3,rto
NS-L-02346,EK987650346,2026-04-11,Sana Shaikh,9700000066,customer346@example.com,"House 26, Tower B, Patna Residency, Sector 11",Opposite Star Bazaar,800001,Patna,Bihar,SERUM-VITC,Vitamin C Serum,1,499,COD,Ekart,WooCommerce,,Delivered,,0,delivered
NS-L-02347,DT987650347,2026-04-12,Rohit Singh,9700000067,customer347@example.com,"House 27, Gali 3, Nagpur Residency, Sector 12",Near D Mart,440010,Nagpur,Maharashtra,EARBUDS-PRO,Wireless Earbuds Pro,1,1999,Prepaid,DTDC,WhatsApp,,Delivered,,0,delivered
NS-L-02348,EK987650348,2026-04-13,Priya Nair,9700000068,customer348@example.com,"House 28, 2nd Floor, Delhi Residency, Sector 1",,110024,Delhi,Delhi,BAG-TAN,Tan Sling Bag,1,799,Prepaid,Ekart,Shopify,accessories COD pilot,Delivered,,0,delivered
NS-L-02349,DE987650349,2026-04-14,Vikram Das,9700000069,customer349@example.com,"House 29, Plot 72, Ghaziabad Residency, Sector 2",Near main market,201001,Ghaziabad,Uttar Pradesh,SUPP-ASHWA,Ashwagandha Gummies,1,1299,Prepaid,Delhivery,Instagram,,Delivered,,0,delivered
NS-L-02350,SH987650350,2026-04-15,Anjali Gupta,9700000070,customer350@example.com,"House 30, Block A, Bengaluru Residency, Sector 3",Near Metro Station,560095,Bengaluru,Karnataka,TSH-BLK-L,Oversized Black Tee,1,799,COD,Shiprocket,WooCommerce,,Undelivered,Incorrect address,1,in_ndr
NS-L-02351,DE987650351,2026-04-16,Mohit Bansal,9700000071,customer351@example.com,"House 31, Tower B, Ahmedabad Residency, Sector 4",Opposite Star Bazaar,380015,Ahmedabad,Gujarat,SNEAK-WHT-8,White Sneakers,1,1999,COD,Delhivery,WhatsApp,footwear COD pilot,In Transit,,0,in_transit
NS-L-02352,DT987650352,2026-04-17,Rahul Sharma,9700000072,customer352@example.com,Near mandir Jaipur main road only,,302001,Jaipur,Rajasthan,HOOD-GRN-M,Green Hoodie,1,1299,COD,DTDC,Shopify,,Delivered,,0,delivered
NS-L-02353,BL987650353,2026-04-18,Pooja Verma,9700000073,customer353@example.com,"House 33, 2nd Floor, Pune Residency, Sector 6",Behind City Mall,411045,Pune,Maharashtra,DRESS-RED-S,Red Summer Dress,1,2499,COD,Bluedart,Instagram,,Delivered,,0,delivered
NS-L-02354,DT987650354,2026-04-19,Amit Khan,9700000074,customer354@example.com,"House 34, Plot 72, Kolkata Residency, Sector 7",,700016,Kolkata,West Bengal,WATCH-BLK,Smart Fitness Watch,1,3999,COD,DTDC,WooCommerce,gadgets COD pilot,RTO,Phone not reachable,2,rto
NS-L-02355,EK987650355,2026-04-20,Sneha Iyer,9700000075,customer355@example.com,"House 35, Block A, Lucknow Residency, Sector 8",Near Metro Station,226010,Lucknow,Uttar Pradesh,KURTI-BLU-M,Blue Printed Kurti,1,1299,COD,Ekart,WhatsApp,,Delivered,,0,delivered
NS-L-02356,SH987650356,2026-04-21,Kiran Patel,9700000076,customer356@example.com,"House 36, Tower B, Indore Residency, Sector 9",Opposite Star Bazaar,452010,Indore,Madhya Pradesh,SERUM-VITC,Vitamin C Serum,1,499,COD,Shadowfax,Shopify,,Delivered,,0,delivered
NS-L-02357,XP987650357,2026-04-22,Meena Kumari,9700000077,customer357@example.com,"House 37, Gali 3, Surat Residency, Sector 10",Near D Mart,395007,Surat,Gujarat,EARBUDS-PRO,Wireless Earbuds Pro,1,1999,Prepaid,Xpressbees,Instagram,gadgets COD pilot,Undelivered,Customer not available,2,in_ndr
NS-L-02358,BL987650358,2026-04-23,Devansh Rao,9700000078,customer358@example.com,"House 38, 2nd Floor, Patna Residency, Sector 11",Behind City Mall,800001,Patna,Bihar,BAG-TAN,Tan Sling Bag,1,799,Prepaid,Bluedart,WooCommerce,,Delivered,,0,delivered
NS-L-02359,XP987650359,2026-04-24,Farhan Ali,9700000079,customer359@example.com,"House 39, Plot 72, Nagpur Residency, Sector 12",Near main market,440010,Nagpur,Maharashtra,SUPP-ASHWA,Ashwagandha Gummies,1,1299,Prepaid,Xpressbees,WhatsApp,,Delivered,,0,delivered
NS-L-02360,BL987650360,2026-04-25,Nisha Jain,9700000080,customer360@example.com,"House 40, Block A, Delhi Residency, Sector 1",,110024,Delhi,Delhi,TSH-BLK-L,Oversized Black Tee,1,799,COD,Bluedart,Shopify,fashion COD pilot,RTO,Customer not available,2,rto
NS-L-02361,SH987650361,2026-04-26,Arjun Mehta,9700000081,customer361@example.com,"House 41, Tower B, Ghaziabad Residency, Sector 2",Opposite Star Bazaar,201001,Ghaziabad,Uttar Pradesh,SNEAK-WHT-8,White Sneakers,1,1999,COD,Shadowfax,Instagram,,Delivered,,0,delivered
NS-L-02362,EK987650362,2026-04-27,Sana Shaikh,9700000082,customer362@example.com,"House 42, Gali 3, Bengaluru Residency, Sector 3",Near D Mart,560095,Bengaluru,Karnataka,HOOD-GRN-M,Green Hoodie,1,1299,COD,Ekart,WooCommerce,,Delivered,,0,delivered
NS-L-02363,SH987650363,2026-04-28,Rohit Singh,9700000083,customer363@example.com,Near mandir Ahmedabad main road only,,380015,Ahmedabad,Gujarat,DRESS-RED-S,Red Summer Dress,1,2499,COD,Shadowfax,WhatsApp,fashion COD pilot,Delivered,,0,delivered
NS-L-02364,XP987650364,2026-04-01,Priya Nair,9700000084,customer364@example.com,"House 44, Plot 72, Jaipur Residency, Sector 5",Near main market,302001,Jaipur,Rajasthan,WATCH-BLK,Smart Fitness Watch,1,3999,COD,Xpressbees,Shopify,,Undelivered,No response on phone,1,in_ndr
NS-L-02365,DE987650365,2026-04-02,Vikram Das,9700000085,customer365@example.com,"House 45, Block A, Pune Residency, Sector 6",Near Metro Station,411045,Pune,Maharashtra,KURTI-BLU-M,Blue Printed Kurti,1,1299,COD,Delhivery,Instagram,,Delivered,,0,delivered
NS-L-02366,XP987650366,2026-04-03,Anjali Gupta,9700000086,customer366@example.com,"House 46, Tower B, Kolkata Residency, Sector 7",,700016,Kolkata,West Bengal,SERUM-VITC,Vitamin C Serum,1,499,COD,Xpressbees,WooCommerce,beauty COD pilot,RTO,Customer requested future delivery,2,rto
NS-L-02367,BL987650367,2026-04-04,Mohit Bansal,9700000087,customer367@example.com,"House 47, Gali 3, Lucknow Residency, Sector 8",Near D Mart,226010,Lucknow,Uttar Pradesh,EARBUDS-PRO,Wireless Earbuds Pro,1,1999,Prepaid,Bluedart,WhatsApp,,Delivered,,0,delivered
NS-L-02368,DT987650368,2026-04-05,Rahul Sharma,9700000088,customer368@example.com,"House 48, 2nd Floor, Indore Residency, Sector 9",Behind City Mall,452010,Indore,Madhya Pradesh,BAG-TAN,Tan Sling Bag,1,799,Prepaid,DTDC,Shopify,,Delivered,,0,delivered
NS-L-02369,SH987650369,2026-04-06,Pooja Verma,9700000089,customer369@example.com,"House 49, Plot 72, Surat Residency, Sector 10",Near main market,395007,Surat,Gujarat,SUPP-ASHWA,Ashwagandha Gummies,1,1299,Prepaid,Shiprocket,Instagram,wellness COD pilot,Cancelled,,0,cancelled_before_shipping
NS-L-02370,DE987650370,2026-04-07,Amit Khan,9700000090,customer370@example.com,"House 50, Block A, Patna Residency, Sector 11",Near Metro Station,800001,Patna,Bihar,TSH-BLK-L,Oversized Black Tee,1,799,COD,Delhivery,WooCommerce,,Undelivered,Cash not ready,1,in_ndr
NS-L-02371,SH987650371,2026-04-08,Sneha Iyer,9700000091,customer371@example.com,"House 51, Tower B, Nagpur Residency, Sector 12",Opposite Star Bazaar,440010,Nagpur,Maharashtra,SNEAK-WHT-8,White Sneakers,1,1999,COD,Shiprocket,WhatsApp,,Undelivered,Door locked,2,in_ndr
NS-L-02372,DE987650372,2026-04-09,Kiran Patel,9700000092,customer372@example.com,"House 52, Gali 3, Delhi Residency, Sector 1",,110024,Delhi,Delhi,HOOD-GRN-M,Green Hoodie,2,1299,COD,Delhivery,Shopify,fashion COD pilot,RTO,Phone not reachable,2,rto
NS-L-02373,DT987650373,2026-04-10,Meena Kumari,9700000093,customer373@example.com,"House 53, 2nd Floor, Ghaziabad Residency, Sector 2",Behind City Mall,201001,Ghaziabad,Uttar Pradesh,DRESS-RED-S,Red Summer Dress,1,2499,COD,DTDC,Instagram,,Delivered,,0,delivered
NS-L-02374,BL987650374,2026-04-11,Devansh Rao,9700000094,customer374@example.com,Near mandir Bengaluru main road only,,560095,Bengaluru,Karnataka,WATCH-BLK,Smart Fitness Watch,1,3999,COD,Bluedart,WooCommerce,,Delivered,,0,delivered
NS-L-02375,DT987650375,2026-04-12,Farhan Ali,9700000095,customer375@example.com,"House 55, Block A, Ahmedabad Residency, Sector 4",Near Metro Station,380015,Ahmedabad,Gujarat,KURTI-BLU-M,Blue Printed Kurti,1,1299,COD,DTDC,WhatsApp,fashion COD pilot,Delivered,,0,delivered
NS-L-02376,SH987650376,2026-04-13,Nisha Jain,9700000096,customer376@example.com,Near mandir Jaipur main road only,,302001,Jaipur,Rajasthan,SERUM-VITC,Vitamin C Serum,1,499,COD,Shiprocket,Shopify,,Delivered,,0,delivered
NS-L-02377,SH987650377,2026-04-14,Arjun Mehta,9700000097,customer377@example.com,"House 57, Gali 3, Pune Residency, Sector 6",Near D Mart,411045,Pune,Maharashtra,EARBUDS-PRO,Wireless Earbuds Pro,1,1999,Prepaid,Shadowfax,Instagram,,Delivered,,0,delivered
NS-L-02378,SH987650378,2026-04-15,Sana Shaikh,9700000098,customer378@example.com,"House 58, 2nd Floor, Kolkata Residency, Sector 7",,700016,Kolkata,West Bengal,BAG-TAN,Tan Sling Bag,1,799,Prepaid,Shiprocket,WooCommerce,accessories COD pilot,Undelivered,Phone not reachable,1,in_ndr
NS-L-02379,DE987650379,2026-04-16,Rohit Singh,9700000099,customer379@example.com,"House 59, Plot 72, Lucknow Residency, Sector 8",Near main market,226010,Lucknow,Uttar Pradesh,SUPP-ASHWA,Ashwagandha Gummies,1,1299,Prepaid,Delhivery,WhatsApp,,Delivered,,0,delivered
NS-L-02380,XP987650380,2026-04-17,Priya Nair,9700000100,customer380@example.com,"House 60, Block A, Indore Residency, Sector 9",Near Metro Station,452010,Indore,Madhya Pradesh,TSH-BLK-L,Oversized Black Tee,1,799,COD,Xpressbees,Shopify,,Delivered,,0,delivered
NS-L-02381,EK987650381,2026-04-18,Vikram Das,9700000101,customer381@example.com,"House 61, Tower B, Surat Residency, Sector 10",Opposite Star Bazaar,395007,Surat,Gujarat,SNEAK-WHT-8,White Sneakers,1,1999,COD,Ekart,Instagram,footwear COD pilot,RTO,Phone not reachable,3,rto
NS-L-02382,SH987650382,2026-04-19,Anjali Gupta,9700000102,customer382@example.com,"House 62, Gali 3, Patna Residency, Sector 11",Near D Mart,800001,Patna,Bihar,HOOD-GRN-M,Green Hoodie,1,1299,COD,Shadowfax,WooCommerce,,Delivered,,0,delivered
NS-L-02383,EK987650383,2026-04-20,Mohit Bansal,9700000103,customer383@example.com,"House 63, 2nd Floor, Nagpur Residency, Sector 12",Behind City Mall,440010,Nagpur,Maharashtra,DRESS-RED-S,Red Summer Dress,1,2499,COD,Ekart,WhatsApp,,Delivered,,0,delivered
NS-L-02384,SH987650384,2026-04-21,Rahul Sharma,9700000104,customer384@example.com,"House 64, Plot 72, Delhi Residency, Sector 1",,110024,Delhi,Delhi,WATCH-BLK,Smart Fitness Watch,1,3999,COD,Shadowfax,Shopify,gadgets COD pilot,RTO,Customer requested future delivery,2,rto
NS-L-02385,XP987650385,2026-04-22,Pooja Verma,9700000105,customer385@example.com,Near mandir Ghaziabad main road only,,201001,Ghaziabad,Uttar Pradesh,KURTI-BLU-M,Blue Printed Kurti,1,1299,COD,Xpressbees,Instagram,,Undelivered,Customer refused delivery,2,in_ndr
NS-L-02386,DE987650386,2026-04-23,Amit Khan,9700000106,customer386@example.com,"House 66, Tower B, Bengaluru Residency, Sector 3",Opposite Star Bazaar,560095,Bengaluru,Karnataka,SERUM-VITC,Vitamin C Serum,1,499,COD,Delhivery,WooCommerce,,Delivered,,0,delivered
NS-L-02387,XP987650387,2026-04-24,Sneha Iyer,9700000107,customer387@example.com,"House 67, Gali 3, Ahmedabad Residency, Sector 4",Near D Mart,380015,Ahmedabad,Gujarat,EARBUDS-PRO,Wireless Earbuds Pro,1,1999,Prepaid,Xpressbees,WhatsApp,gadgets COD pilot,In Transit,,0,in_transit
NS-L-02388,EK987650388,2026-04-25,Kiran Patel,9700000108,customer388@example.com,"House 68, 2nd Floor, Jaipur Residency, Sector 5",Behind City Mall,302001,Jaipur,Rajasthan,BAG-TAN,Tan Sling Bag,1,799,Prepaid,Ekart,Shopify,,Delivered,,0,delivered
NS-L-02389,DT987650389,2026-04-26,Meena Kumari,9700000109,customer389@example.com,"House 69, Plot 72, Pune Residency, Sector 6",Near main market,411045,Pune,Maharashtra,SUPP-ASHWA,Ashwagandha Gummies,1,1299,Prepaid,DTDC,Instagram,,Delivered,,0,delivered
NS-L-02390,EK987650390,2026-04-27,Devansh Rao,9700000110,customer390@example.com,"House 70, Block A, Kolkata Residency, Sector 7",,700016,Kolkata,West Bengal,TSH-BLK-L,Oversized Black Tee,1,799,COD,Ekart,WooCommerce,fashion COD pilot,RTO,Phone not reachable,2,rto
NS-L-02391,SH987650391,2026-04-28,Farhan Ali,9700000111,customer391@example.com,"House 71, Tower B, Lucknow Residency, Sector 8",Opposite Star Bazaar,226010,Lucknow,Uttar Pradesh,SNEAK-WHT-8,White Sneakers,1,1999,COD,Shadowfax,WhatsApp,,Delivered,,0,delivered
NS-L-02392,SH987650392,2026-04-01,Nisha Jain,9700000112,customer392@example.com,"House 72, Gali 3, Indore Residency, Sector 9",Near D Mart,452010,Indore,Madhya Pradesh,HOOD-GRN-M,Green Hoodie,1,1299,COD,Shiprocket,Shopify,,Undelivered,Address insufficient,1,in_ndr
NS-L-02393,BL987650393,2026-04-02,Arjun Mehta,9700000113,customer393@example.com,"House 73, 2nd Floor, Surat Residency, Sector 10",Behind City Mall,395007,Surat,Gujarat,DRESS-RED-S,Red Summer Dress,1,2499,COD,Bluedart,Instagram,fashion COD pilot,RTO,Customer requested future delivery,3,rto
NS-L-02394,DT987650394,2026-04-03,Sana Shaikh,9700000114,customer394@example.com,"House 74, Plot 72, Patna Residency, Sector 11",Near main market,800001,Patna,Bihar,WATCH-BLK,Smart Fitness Watch,1,3999,COD,DTDC,WooCommerce,,Delivered,,0,delivered
NS-L-02395,BL987650395,2026-04-04,Rohit Singh,9700000115,customer395@example.com,"House 75, Block A, Nagpur Residency, Sector 12",Near Metro Station,440010,Nagpur,Maharashtra,KURTI-BLU-M,Blue Printed Kurti,1,1299,COD,Bluedart,WhatsApp,,Delivered,,0,delivered
NS-L-02396,DT987650396,2026-04-05,Priya Nair,9700000116,customer396@example.com,Near mandir Delhi main road only,,110024,Delhi,Delhi,SERUM-VITC,Vitamin C Serum,1,499,COD,DTDC,Shopify,beauty COD pilot,RTO,Customer not available,2,rto
NS-L-02397,SH987650397,2026-04-06,Vikram Das,9700000117,customer397@example.com,"House 77, Gali 3, Ghaziabad Residency, Sector 2",Near D Mart,201001,Ghaziabad,Uttar Pradesh,EARBUDS-PRO,Wireless Earbuds Pro,1,1999,Prepaid,Shiprocket,Instagram,,Delivered,,0,delivered
NS-L-02398,SH987650398,2026-04-07,Anjali Gupta,9700000118,customer398@example.com,"House 78, 2nd Floor, Bengaluru Residency, Sector 3",Behind City Mall,560095,Bengaluru,Karnataka,BAG-TAN,Tan Sling Bag,1,799,Prepaid,Shadowfax,WooCommerce,,Delivered,,0,delivered
NS-L-02399,SH987650399,2026-04-08,Mohit Bansal,9700000119,customer399@example.com,"House 79, Plot 72, Ahmedabad Residency, Sector 4",Near main market,380015,Ahmedabad,Gujarat,SUPP-ASHWA,Ashwagandha Gummies,1,1299,Prepaid,Shiprocket,WhatsApp,wellness COD pilot,RTO,Phone not reachable,3,rto
NS-L-02400,BL987650400,2026-04-09,Rahul Sharma,9700000120,customer400@example.com,Near mandir Jaipur main road only,,302001,Jaipur,Rajasthan,TSH-BLK-L,Oversized Black Tee,1,799,COD,Bluedart,Shopify,,Undelivered,No response on phone,1,in_ndr
NS-L-02401,XP987650401,2026-04-10,Pooja Verma,9700000121,customer401@example.com,"House 81, Tower B, Pune Residency, Sector 6",Opposite Star Bazaar,411045,Pune,Maharashtra,SNEAK-WHT-8,White Sneakers,1,1999,COD,Xpressbees,Instagram,,Delivered,,0,delivered
NS-L-02402,BL987650402,2026-04-11,Amit Khan,9700000122,customer402@example.com,"House 82, Gali 3, Kolkata Residency, Sector 7",,700016,Kolkata,West Bengal,HOOD-GRN-M,Green Hoodie,1,1299,COD,Bluedart,WooCommerce,fashion COD pilot,RTO,Customer requested future delivery,2,rto
NS-L-02403,DT987650403,2026-04-12,Sneha Iyer,9700000123,customer403@example.com,"House 83, 2nd Floor, Lucknow Residency, Sector 8",Behind City Mall,226010,Lucknow,Uttar Pradesh,DRESS-RED-S,Red Summer Dress,2,2499,COD,DTDC,WhatsApp,,Delivered,,0,delivered
NS-L-02404,EK987650404,2026-04-13,Kiran Patel,9700000124,customer404@example.com,"House 84, Plot 72, Indore Residency, Sector 9",Near main market,452010,Indore,Madhya Pradesh,WATCH-BLK,Smart Fitness Watch,1,3999,COD,Ekart,Shopify,,Delivered,,0,delivered
NS-L-02405,DE987650405,2026-04-14,Meena Kumari,9700000125,customer405@example.com,"House 85, Block A, Surat Residency, Sector 10",Near Metro Station,395007,Surat,Gujarat,KURTI-BLU-M,Blue Printed Kurti,1,1299,COD,Delhivery,Instagram,fashion COD pilot,RTO,Customer not available,3,rto
NS-L-02406,XP987650406,2026-04-15,Devansh Rao,9700000126,customer406@example.com,"House 86, Tower B, Patna Residency, Sector 11",Opposite Star Bazaar,800001,Patna,Bihar,SERUM-VITC,Vitamin C Serum,1,499,COD,Xpressbees,WooCommerce,,Undelivered,Cash not ready,1,in_ndr
NS-L-02407,DE987650407,2026-04-16,Farhan Ali,9700000127,customer407@example.com,Near mandir Nagpur main road only,,440010,Nagpur,Maharashtra,EARBUDS-PRO,Wireless Earbuds Pro,1,1999,Prepaid,Delhivery,WhatsApp,,Delivered,,0,delivered
NS-L-02408,XP987650408,2026-04-17,Nisha Jain,9700000128,customer408@example.com,"House 88, 2nd Floor, Delhi Residency, Sector 1",,110024,Delhi,Delhi,BAG-TAN,Tan Sling Bag,1,799,Prepaid,Xpressbees,Shopify,accessories COD pilot,Delivered,,0,delivered
NS-L-02409,EK987650409,2026-04-18,Arjun Mehta,9700000129,customer409@example.com,"House 89, Plot 72, Ghaziabad Residency, Sector 2",Near main market,201001,Ghaziabad,Uttar Pradesh,SUPP-ASHWA,Ashwagandha Gummies,1,1299,Prepaid,Ekart,Instagram,,Delivered,,0,delivered
NS-L-02410,DT987650410,2026-04-19,Sana Shaikh,9700000130,customer410@example.com,"House 90, Block A, Bengaluru Residency, Sector 3",Near Metro Station,560095,Bengaluru,Karnataka,TSH-BLK-L,Oversized Black Tee,1,799,COD,DTDC,WooCommerce,,Cancelled,,0,cancelled_before_shipping
NS-L-02411,EK987650411,2026-04-20,Rohit Singh,9700000131,customer411@example.com,"House 91, Tower B, Ahmedabad Residency, Sector 4",Opposite Star Bazaar,380015,Ahmedabad,Gujarat,SNEAK-WHT-8,White Sneakers,1,1999,COD,Ekart,WhatsApp,footwear COD pilot,Delivered,,0,delivered
NS-L-02412,DE987650412,2026-04-21,Priya Nair,9700000132,customer412@example.com,"House 92, Gali 3, Jaipur Residency, Sector 5",Near D Mart,302001,Jaipur,Rajasthan,HOOD-GRN-M,Green Hoodie,1,1299,COD,Delhivery,Shopify,,Delivered,,0,delivered
NS-L-02413,SH987650413,2026-04-22,Vikram Das,9700000133,customer413@example.com,"House 93, 2nd Floor, Pune Residency, Sector 6",Behind City Mall,411045,Pune,Maharashtra,DRESS-RED-S,Red Summer Dress,1,2499,COD,Shiprocket,Instagram,,Undelivered,Incorrect address,2,in_ndr
NS-L-02414,DE987650414,2026-04-23,Anjali Gupta,9700000134,customer414@example.com,"House 94, Plot 72, Kolkata Residency, Sector 7",,700016,Kolkata,West Bengal,WATCH-BLK,Smart Fitness Watch,1,3999,COD,Delhivery,WooCommerce,gadgets COD pilot,RTO,Customer not available,2,rto
NS-L-02415,XP987650415,2026-04-24,Mohit Bansal,9700000135,customer415@example.com,"House 95, Block A, Lucknow Residency, Sector 8",Near Metro Station,226010,Lucknow,Uttar Pradesh,KURTI-BLU-M,Blue Printed Kurti,1,1299,COD,Xpressbees,WhatsApp,,Delivered,,0,delivered
NS-L-02416,BL987650416,2026-04-25,Rahul Sharma,9700000136,customer416@example.com,"House 96, Tower B, Indore Residency, Sector 9",Opposite Star Bazaar,452010,Indore,Madhya Pradesh,SERUM-VITC,Vitamin C Serum,1,499,COD,Bluedart,Shopify,,Delivered,,0,delivered
NS-L-02417,SH987650417,2026-04-26,Pooja Verma,9700000137,customer417@example.com,"House 97, Gali 3, Surat Residency, Sector 10",Near D Mart,395007,Surat,Gujarat,EARBUDS-PRO,Wireless Earbuds Pro,1,1999,Prepaid,Shadowfax,Instagram,gadgets COD pilot,Delivered,,0,delivered
NS-L-02418,SH987650418,2026-04-27,Amit Khan,9700000138,customer418@example.com,Near mandir Patna main road only,,800001,Patna,Bihar,BAG-TAN,Tan Sling Bag,1,799,Prepaid,Shiprocket,WooCommerce,,Delivered,,0,delivered
NS-L-02419,SH987650419,2026-04-28,Sneha Iyer,9700000139,customer419@example.com,"House 99, Plot 72, Nagpur Residency, Sector 12",Near main market,440010,Nagpur,Maharashtra,SUPP-ASHWA,Ashwagandha Gummies,1,1299,Prepaid,Shadowfax,WhatsApp,,Delivered,,0,delivered
NS-L-02420,SH987650420,2026-04-01,Kiran Patel,9700000140,customer420@example.com,"House 100, Block A, Delhi Residency, Sector 1",,110024,Delhi,Delhi,TSH-BLK-L,Oversized Black Tee,1,799,COD,Shiprocket,Shopify,fashion COD pilot,RTO,Customer requested future delivery,2,rto
NS-L-02421,BL987650421,2026-04-02,Meena Kumari,9700000141,customer421@example.com,"House 101, Tower B, Ghaziabad Residency, Sector 2",Opposite Star Bazaar,201001,Ghaziabad,Uttar Pradesh,SNEAK-WHT-8,White Sneakers,1,1999,COD,Bluedart,Instagram,,Delivered,,0,delivered
NS-L-02422,XP987650422,2026-04-03,Devansh Rao,9700000142,customer422@example.com,"House 102, Gali 3, Bengaluru Residency, Sector 3",Near D Mart,560095,Bengaluru,Karnataka,HOOD-GRN-M,Green Hoodie,1,1299,COD,Xpressbees,WooCommerce,,Delivered,,0,delivered
NS-L-02423,BL987650423,2026-04-04,Farhan Ali,9700000143,customer423@example.com,"House 103, 2nd Floor, Ahmedabad Residency, Sector 4",Behind City Mall,380015,Ahmedabad,Gujarat,DRESS-RED-S,Red Summer Dress,1,2499,COD,Bluedart,WhatsApp,fashion COD pilot,In Transit,,0,in_transit
NS-L-02424,SH987650424,2026-04-05,Nisha Jain,9700000144,customer424@example.com,Near mandir Jaipur main road only,,302001,Jaipur,Rajasthan,WATCH-BLK,Smart Fitness Watch,1,3999,COD,Shadowfax,Shopify,,Delivered,,0,delivered
NS-L-02425,EK987650425,2026-04-06,Arjun Mehta,9700000145,customer425@example.com,"House 105, Block A, Pune Residency, Sector 6",Near Metro Station,411045,Pune,Maharashtra,KURTI-BLU-M,Blue Printed Kurti,1,1299,COD,Ekart,Instagram,,Delivered,,0,delivered
NS-L-02426,SH987650426,2026-04-07,Sana Shaikh,9700000146,customer426@example.com,"House 106, Tower B, Kolkata Residency, Sector 7",,700016,Kolkata,West Bengal,SERUM-VITC,Vitamin C Serum,1,499,COD,Shadowfax,WooCommerce,beauty COD pilot,RTO,Phone not reachable,2,rto
NS-L-02427,SH987650427,2026-04-08,Rohit Singh,9700000147,customer427@example.com,"House 107, Gali 3, Lucknow Residency, Sector 8",Near D Mart,226010,Lucknow,Uttar Pradesh,EARBUDS-PRO,Wireless Earbuds Pro,1,1999,Prepaid,Shiprocket,WhatsApp,,Undelivered,No response on phone,2,in_ndr
NS-L-02428,DE987650428,2026-04-09,Priya Nair,9700000148,customer428@example.com,"House 108, 2nd Floor, Indore Residency, Sector 9",Behind City Mall,452010,Indore,Madhya Pradesh,BAG-TAN,Tan Sling Bag,1,799,Prepaid,Delhivery,Shopify,,Delivered,,0,delivered
NS-L-02429,DT987650429,2026-04-10,Vikram Das,9700000149,customer429@example.com,Near mandir Surat main road only,,395007,Surat,Gujarat,SUPP-ASHWA,Ashwagandha Gummies,1,1299,Prepaid,DTDC,Instagram,wellness COD pilot,RTO,Customer requested future delivery,3,rto
NS-L-02430,EK987650430,2026-04-11,Anjali Gupta,9700000150,customer430@example.com,"House 110, Block A, Patna Residency, Sector 11",Near Metro Station,800001,Patna,Bihar,TSH-BLK-L,Oversized Black Tee,1,799,COD,Ekart,WooCommerce,,Undelivered,Customer refused delivery,1,in_ndr
NS-L-02431,DT987650431,2026-04-12,Mohit Bansal,9700000151,customer431@example.com,"House 111, Tower B, Nagpur Residency, Sector 12",Opposite Star Bazaar,440010,Nagpur,Maharashtra,SNEAK-WHT-8,White Sneakers,1,1999,COD,DTDC,WhatsApp,,Delivered,,0,delivered
NS-L-02432,EK987650432,2026-04-13,Rahul Sharma,9700000152,customer432@example.com,"House 112, Gali 3, Delhi Residency, Sector 1",,110024,Delhi,Delhi,HOOD-GRN-M,Green Hoodie,1,1299,COD,Ekart,Shopify,fashion COD pilot,RTO,Customer not available,2,rto
NS-L-02433,DE987650433,2026-04-14,Pooja Verma,9700000153,customer433@example.com,"House 113, 2nd Floor, Ghaziabad Residency, Sector 2",Behind City Mall,201001,Ghaziabad,Uttar Pradesh,DRESS-RED-S,Red Summer Dress,1,2499,COD,Delhivery,Instagram,,Delivered,,0,delivered
NS-L-02434,SH987650434,2026-04-15,Amit Khan,9700000154,customer434@example.com,"House 114, Plot 72, Bengaluru Residency, Sector 3",Near main market,560095,Bengaluru,Karnataka,WATCH-BLK,Smart Fitness Watch,2,3999,COD,Shiprocket,WooCommerce,,Undelivered,Door locked,1,in_ndr
NS-L-02435,DE987650435,2026-04-16,Sneha Iyer,9700000155,customer435@example.com,"House 115, Block A, Ahmedabad Residency, Sector 4",Near Metro Station,380015,Ahmedabad,Gujarat,KURTI-BLU-M,Blue Printed Kurti,1,1299,COD,Delhivery,WhatsApp,fashion COD pilot,Delivered,,0,delivered
NS-L-02436,DT987650436,2026-04-17,Kiran Patel,9700000156,customer436@example.com,"House 116, Tower B, Jaipur Residency, Sector 5",Opposite Star Bazaar,302001,Jaipur,Rajasthan,SERUM-VITC,Vitamin C Serum,1,499,COD,DTDC,Shopify,,Delivered,,0,delivered
NS-L-02437,BL987650437,2026-04-18,Meena Kumari,9700000157,customer437@example.com,"House 117, Gali 3, Pune Residency, Sector 6",Near D Mart,411045,Pune,Maharashtra,EARBUDS-PRO,Wireless Earbuds Pro,1,1999,Prepaid,Bluedart,Instagram,,RTO,Door locked,3,rto
NS-L-02438,DT987650438,2026-04-19,Devansh Rao,9700000158,customer438@example.com,"House 118, 2nd Floor, Kolkata Residency, Sector 7",,700016,Kolkata,West Bengal,BAG-TAN,Tan Sling Bag,1,799,Prepaid,DTDC,WooCommerce,accessories COD pilot,Delivered,,0,delivered
NS-L-02439,EK987650439,2026-04-20,Farhan Ali,9700000159,customer439@example.com,"House 119, Plot 72, Lucknow Residency, Sector 8",Near main market,226010,Lucknow,Uttar Pradesh,SUPP-ASHWA,Ashwagandha Gummies,1,1299,Prepaid,Ekart,WhatsApp,,Delivered,,0,delivered
NS-L-02440,SH987650440,2026-04-21,Nisha Jain,9700000160,customer440@example.com,Near mandir Indore main road only,,452010,Indore,Madhya Pradesh,TSH-BLK-L,Oversized Black Tee,1,799,COD,Shadowfax,Shopify,,Delivered,,0,delivered
NS-L-02441,XP987650441,2026-04-22,Arjun Mehta,9700000161,customer441@example.com,"House 121, Tower B, Surat Residency, Sector 10",Opposite Star Bazaar,395007,Surat,Gujarat,SNEAK-WHT-8,White Sneakers,1,1999,COD,Xpressbees,Instagram,footwear COD pilot,RTO,Customer not available,3,rto
NS-L-02442,BL987650442,2026-04-23,Sana Shaikh,9700000162,customer442@example.com,"House 122, Gali 3, Patna Residency, Sector 11",Near D Mart,800001,Patna,Bihar,HOOD-GRN-M,Green Hoodie,1,1299,COD,Bluedart,WooCommerce,,Delivered,,0,delivered
NS-L-02443,XP987650443,2026-04-24,Rohit Singh,9700000163,customer443@example.com,"House 123, 2nd Floor, Nagpur Residency, Sector 12",Behind City Mall,440010,Nagpur,Maharashtra,DRESS-RED-S,Red Summer Dress,1,2499,COD,Xpressbees,WhatsApp,,Delivered,,0,delivered
NS-L-02444,BL987650444,2026-04-25,Priya Nair,9700000164,customer444@example.com,"House 124, Plot 72, Delhi Residency, Sector 1",,110024,Delhi,Delhi,WATCH-BLK,Smart Fitness Watch,1,3999,COD,Bluedart,Shopify,gadgets COD pilot,RTO,Phone not reachable,2,rto
NS-L-02445,SH987650445,2026-04-26,Vikram Das,9700000165,customer445@example.com,"House 125, Block A, Ghaziabad Residency, Sector 2",Near Metro Station,201001,Ghaziabad,Uttar Pradesh,KURTI-BLU-M,Blue Printed Kurti,1,1299,COD,Shadowfax,Instagram,,Undelivered,No response on phone,2,in_ndr
NS-L-02446,EK987650446,2026-04-27,Anjali Gupta,9700000166,customer446@example.com,"House 126, Tower B, Bengaluru Residency, Sector 3",Opposite Star Bazaar,560095,Bengaluru,Karnataka,SERUM-VITC,Vitamin C Serum,1,499,COD,Ekart,WooCommerce,,Delivered,,0,delivered
NS-L-02447,SH987650447,2026-04-28,Mohit Bansal,9700000167,customer447@example.com,"House 127, Gali 3, Ahmedabad Residency, Sector 4",Near D Mart,380015,Ahmedabad,Gujarat,EARBUDS-PRO,Wireless Earbuds Pro,1,1999,Prepaid,Shadowfax,WhatsApp,gadgets COD pilot,Delivered,,0,delivered
NS-L-02448,XP987650448,2026-04-01,Rahul Sharma,9700000168,customer448@example.com,Near mandir Jaipur main road only,,302001,Jaipur,Rajasthan,BAG-TAN,Tan Sling Bag,1,799,Prepaid,Xpressbees,Shopify,,Undelivered,Customer refused delivery,1,in_ndr
NS-L-02449,DE987650449,2026-04-02,Pooja Verma,9700000169,customer449@example.com,"House 129, Plot 72, Pune Residency, Sector 6",Near main market,411045,Pune,Maharashtra,SUPP-ASHWA,Ashwagandha Gummies,1,1299,Prepaid,Delhivery,Instagram,,Delivered,,0,delivered
NS-L-02450,XP987650450,2026-04-03,Amit Khan,9700000170,customer450@example.com,"House 130, Block A, Kolkata Residency, Sector 7",,700016,Kolkata,West Bengal,TSH-BLK-L,Oversized Black Tee,1,799,COD,Xpressbees,WooCommerce,fashion COD pilot,RTO,Customer not available,2,rto
NS-L-02451,BL987650451,2026-04-04,Sneha Iyer,9700000171,customer451@example.com,Near mandir Lucknow main road only,,226010,Lucknow,Uttar Pradesh,SNEAK-WHT-8,White Sneakers,1,1999,COD,Bluedart,WhatsApp,,Cancelled,,0,cancelled_before_shipping
NS-L-02452,DT987650452,2026-04-05,Kiran Patel,9700000172,customer452@example.com,"House 132, Gali 3, Indore Residency, Sector 9",Near D Mart,452010,Indore,Madhya Pradesh,HOOD-GRN-M,Green Hoodie,1,1299,COD,DTDC,Shopify,,Delivered,,0,delivered
NS-L-02453,SH987650453,2026-04-06,Meena Kumari,9700000173,customer453@example.com,"House 133, 2nd Floor, Surat Residency, Sector 10",Behind City Mall,395007,Surat,Gujarat,DRESS-RED-S,Red Summer Dress,1,2499,COD,Shiprocket,Instagram,fashion COD pilot,RTO,Phone not reachable,3,rto
NS-L-02454,DE987650454,2026-04-07,Devansh Rao,9700000174,customer454@example.com,"House 134, Plot 72, Patna Residency, Sector 11",Near main market,800001,Patna,Bihar,WATCH-BLK,Smart Fitness Watch,1,3999,COD,Delhivery,WooCommerce,,Delivered,,0,delivered
NS-L-02455,SH987650455,2026-04-08,Farhan Ali,9700000175,customer455@example.com,"House 135, Block A, Nagpur Residency, Sector 12",Near Metro Station,440010,Nagpur,Maharashtra,KURTI-BLU-M,Blue Printed Kurti,1,1299,COD,Shiprocket,WhatsApp,,Undelivered,Address insufficient,2,in_ndr
NS-L-02456,DE987650456,2026-04-09,Nisha Jain,9700000176,customer456@example.com,"House 136, Tower B, Delhi Residency, Sector 1",,110024,Delhi,Delhi,SERUM-VITC,Vitamin C Serum,1,499,COD,Delhivery,Shopify,beauty COD pilot,RTO,Customer requested future delivery,2,rto
NS-L-02457,DT987650457,2026-04-10,Arjun Mehta,9700000177,customer457@example.com,"House 137, Gali 3, Ghaziabad Residency, Sector 2",Near D Mart,201001,Ghaziabad,Uttar Pradesh,EARBUDS-PRO,Wireless Earbuds Pro,1,1999,Prepaid,DTDC,Instagram,,Delivered,,0,delivered
NS-L-02458,BL987650458,2026-04-11,Sana Shaikh,9700000178,customer458@example.com,"House 138, 2nd Floor, Bengaluru Residency, Sector 3",Behind City Mall,560095,Bengaluru,Karnataka,BAG-TAN,Tan Sling Bag,1,799,Prepaid,Bluedart,WooCommerce,,Delivered,,0,delivered
NS-L-02459,DT987650459,2026-04-12,Rohit Singh,9700000179,customer459@example.com,"House 139, Plot 72, Ahmedabad Residency, Sector 4",Near main market,380015,Ahmedabad,Gujarat,SUPP-ASHWA,Ashwagandha Gummies,1,1299,Prepaid,DTDC,WhatsApp,wellness COD pilot,In Transit,,0,in_transit
NS-L-02460,SH987650460,2026-04-13,Priya Nair,9700000180,customer460@example.com,"House 140, Block A, Jaipur Residency, Sector 5",Near Metro Station,302001,Jaipur,Rajasthan,TSH-BLK-L,Oversized Black Tee,1,799,COD,Shiprocket,Shopify,,Undelivered,Cash not ready,1,in_ndr
NS-L-02461,SH987650461,2026-04-14,Vikram Das,9700000181,customer461@example.com,"House 141, Tower B, Pune Residency, Sector 6",Opposite Star Bazaar,411045,Pune,Maharashtra,SNEAK-WHT-8,White Sneakers,1,1999,COD,Shadowfax,Instagram,,Delivered,,0,delivered
NS-L-02462,SH987650462,2026-04-15,Anjali Gupta,9700000182,customer462@example.com,Near mandir Kolkata main road only,,700016,Kolkata,West Bengal,HOOD-GRN-M,Green Hoodie,1,1299,COD,Shiprocket,WooCommerce,fashion COD pilot,RTO,Phone not reachable,2,rto
NS-L-02463,DE987650463,2026-04-16,Mohit Bansal,9700000183,customer463@example.com,"House 143, 2nd Floor, Lucknow Residency, Sector 8",Behind City Mall,226010,Lucknow,Uttar Pradesh,DRESS-RED-S,Red Summer Dress,1,2499,COD,Delhivery,WhatsApp,,Delivered,,0,delivered
NS-L-02464,XP987650464,2026-04-17,Rahul Sharma,9700000184,customer464@example.com,"House 144, Plot 72, Indore Residency, Sector 9",Near main market,452010,Indore,Madhya Pradesh,WATCH-BLK,Smart Fitness Watch,1,3999,COD,Xpressbees,Shopify,,Delivered,,0,delivered
NS-L-02465,EK987650465,2026-04-18,Pooja Verma,9700000185,customer465@example.com,"House 145, Block A, Surat Residency, Sector 10",Near Metro Station,395007,Surat,Gujarat,KURTI-BLU-M,Blue Printed Kurti,2,1299,COD,Ekart,Instagram,fashion COD pilot,RTO,Customer requested future delivery,3,rto
NS-L-02466,SH987650466,2026-04-19,Amit Khan,9700000186,customer466@example.com,"House 146, Tower B, Patna Residency, Sector 11",Opposite Star Bazaar,800001,Patna,Bihar,SERUM-VITC,Vitamin C Serum,1,499,COD,Shadowfax,WooCommerce,,Delivered,,0,delivered
NS-L-02467,EK987650467,2026-04-20,Sneha Iyer,9700000187,customer467@example.com,"House 147, Gali 3, Nagpur Residency, Sector 12",Near D Mart,440010,Nagpur,Maharashtra,EARBUDS-PRO,Wireless Earbuds Pro,1,1999,Prepaid,Ekart,WhatsApp,,Delivered,,0,delivered
NS-L-02468,SH987650468,2026-04-21,Kiran Patel,9700000188,customer468@example.com,"House 148, 2nd Floor, Delhi Residency, Sector 1",,110024,Delhi,Delhi,BAG-TAN,Tan Sling Bag,1,799,Prepaid,Shadowfax,Shopify,accessories COD pilot,In Transit,,0,in_transit
NS-L-02469,XP987650469,2026-04-22,Meena Kumari,9700000189,customer469@example.com,"House 149, Plot 72, Ghaziabad Residency, Sector 2",Near main market,201001,Ghaziabad,Uttar Pradesh,SUPP-ASHWA,Ashwagandha Gummies,1,1299,Prepaid,Xpressbees,Instagram,,Undelivered,Cash not ready,2,in_ndr
NS-L-02470,DE987650470,2026-04-23,Devansh Rao,9700000190,customer470@example.com,"House 150, Block A, Bengaluru Residency, Sector 3",Near Metro Station,560095,Bengaluru,Karnataka,TSH-BLK-L,Oversized Black Tee,1,799,COD,Delhivery,WooCommerce,,Delivered,,0,delivered
NS-L-02471,XP987650471,2026-04-24,Farhan Ali,9700000191,customer471@example.com,"House 151, Tower B, Ahmedabad Residency, Sector 4",Opposite Star Bazaar,380015,Ahmedabad,Gujarat,SNEAK-WHT-8,White Sneakers,1,1999,COD,Xpressbees,WhatsApp,footwear COD pilot,Delivered,,0,delivered
NS-L-02472,EK987650472,2026-04-25,Nisha Jain,9700000192,customer472@example.com,Near mandir Jaipur main road only,,302001,Jaipur,Rajasthan,HOOD-GRN-M,Green Hoodie,1,1299,COD,Ekart,Shopify,,Delivered,,0,delivered
NS-L-02473,DT987650473,2026-04-26,Arjun Mehta,9700000193,customer473@example.com,Near mandir Pune main road only,,411045,Pune,Maharashtra,DRESS-RED-S,Red Summer Dress,1,2499,COD,DTDC,Instagram,,Delivered,,0,delivered
NS-L-02474,EK987650474,2026-04-27,Sana Shaikh,9700000194,customer474@example.com,"House 154, Plot 72, Kolkata Residency, Sector 7",,700016,Kolkata,West Bengal,WATCH-BLK,Smart Fitness Watch,1,3999,COD,Ekart,WooCommerce,gadgets COD pilot,RTO,Customer requested future delivery,2,rto
NS-L-02475,SH987650475,2026-04-28,Rohit Singh,9700000195,customer475@example.com,"House 155, Block A, Lucknow Residency, Sector 8",Near Metro Station,226010,Lucknow,Uttar Pradesh,KURTI-BLU-M,Blue Printed Kurti,1,1299,COD,Shadowfax,WhatsApp,,Delivered,,0,delivered
NS-L-02476,SH987650476,2026-04-01,Priya Nair,9700000196,customer476@example.com,"House 156, Tower B, Indore Residency, Sector 9",Opposite Star Bazaar,452010,Indore,Madhya Pradesh,SERUM-VITC,Vitamin C Serum,1,499,COD,Shiprocket,Shopify,,Undelivered,Incorrect address,1,in_ndr
NS-L-02477,BL987650477,2026-04-02,Vikram Das,9700000197,customer477@example.com,"House 157, Gali 3, Surat Residency, Sector 10",Near D Mart,395007,Surat,Gujarat,EARBUDS-PRO,Wireless Earbuds Pro,1,1999,Prepaid,Bluedart,Instagram,gadgets COD pilot,In Transit,,0,in_transit
NS-L-02478,DT987650478,2026-04-03,Anjali Gupta,9700000198,customer478@example.com,"House 158, 2nd Floor, Patna Residency, Sector 11",Behind City Mall,800001,Patna,Bihar,BAG-TAN,Tan Sling Bag,1,799,Prepaid,DTDC,WooCommerce,,Delivered,,0,delivered
NS-L-02479,BL987650479,2026-04-04,Mohit Bansal,9700000199,customer479@example.com,"House 159, Plot 72, Nagpur Residency, Sector 12",Near main market,440010,Nagpur,Maharashtra,SUPP-ASHWA,Ashwagandha Gummies,1,1299,Prepaid,Bluedart,WhatsApp,,Delivered,,0,delivered
NS-L-02480,DT987650480,2026-04-05,Rahul Sharma,9700000200,customer480@example.com,"House 160, Block A, Delhi Residency, Sector 1",,110024,Delhi,Delhi,TSH-BLK-L,Oversized Black Tee,1,799,COD,DTDC,Shopify,fashion COD pilot,RTO,Phone not reachable,2,rto
NS-L-02481,SH987650481,2026-04-06,Pooja Verma,9700000201,customer481@example.com,"House 161, Tower B, Ghaziabad Residency, Sector 2",Opposite Star Bazaar,201001,Ghaziabad,Uttar Pradesh,SNEAK-WHT-8,White Sneakers,1,1999,COD,Shiprocket,Instagram,,Delivered,,0,delivered
NS-L-02482,SH987650482,2026-04-07,Amit Khan,9700000202,customer482@example.com,"House 162, Gali 3, Bengaluru Residency, Sector 3",Near D Mart,560095,Bengaluru,Karnataka,HOOD-GRN-M,Green Hoodie,1,1299,COD,Shadowfax,WooCommerce,,Delivered,,0,delivered
NS-L-02483,SH987650483,2026-04-08,Sneha Iyer,9700000203,customer483@example.com,"House 163, 2nd Floor, Ahmedabad Residency, Sector 4",Behind City Mall,380015,Ahmedabad,Gujarat,DRESS-RED-S,Red Summer Dress,1,2499,COD,Shiprocket,WhatsApp,fashion COD pilot,Undelivered,Customer not available,2,in_ndr
NS-L-02484,BL987650484,2026-04-09,Kiran Patel,9700000204,customer484@example.com,Near mandir Jaipur main road only,,302001,Jaipur,Rajasthan,WATCH-BLK,Smart Fitness Watch,1,3999,COD,Bluedart,Shopify,,Delivered,,0,delivered
NS-L-02485,XP987650485,2026-04-10,Meena Kumari,9700000205,customer485@example.com,"House 165, Block A, Pune Residency, Sector 6",Near Metro Station,411045,Pune,Maharashtra,KURTI-BLU-M,Blue Printed Kurti,1,1299,COD,Xpressbees,Instagram,,Delivered,,0,delivered
NS-L-02486,BL987650486,2026-04-11,Devansh Rao,9700000206,customer486@example.com,"House 166, Tower B, Kolkata Residency, Sector 7",,700016,Kolkata,West Bengal,SERUM-VITC,Vitamin C Serum,1,499,COD,Bluedart,WooCommerce,beauty COD pilot,RTO,Customer not available,2,rto
NS-L-02487,DT987650487,2026-04-12,Farhan Ali,9700000207,customer487@example.com,"House 167, Gali 3, Lucknow Residency, Sector 8",Near D Mart,226010,Lucknow,Uttar Pradesh,EARBUDS-PRO,Wireless Earbuds Pro,1,1999,Prepaid,DTDC,WhatsApp,,Delivered,,0,delivered
NS-L-02488,EK987650488,2026-04-13,Nisha Jain,9700000208,customer488@example.com,"House 168, 2nd Floor, Indore Residency, Sector 9",Behind City Mall,452010,Indore,Madhya Pradesh,BAG-TAN,Tan Sling Bag,1,799,Prepaid,Ekart,Shopify,,Delivered,,0,delivered
NS-L-02489,DE987650489,2026-04-14,Arjun Mehta,9700000209,customer489@example.com,"House 169, Plot 72, Surat Residency, Sector 10",Near main market,395007,Surat,Gujarat,SUPP-ASHWA,Ashwagandha Gummies,1,1299,Prepaid,Delhivery,Instagram,wellness COD pilot,Delivered,,0,delivered
NS-L-02490,XP987650490,2026-04-15,Sana Shaikh,9700000210,customer490@example.com,"House 170, Block A, Patna Residency, Sector 11",Near Metro Station,800001,Patna,Bihar,TSH-BLK-L,Oversized Black Tee,1,799,COD,Xpressbees,WooCommerce,,Undelivered,No response on phone,1,in_ndr
NS-L-02491,DE987650491,2026-04-16,Rohit Singh,9700000211,customer491@example.com,"House 171, Tower B, Nagpur Residency, Sector 12",Opposite Star Bazaar,440010,Nagpur,Maharashtra,SNEAK-WHT-8,White Sneakers,1,1999,COD,Delhivery,WhatsApp,,Delivered,,0,delivered
NS-L-02492,XP987650492,2026-04-17,Priya Nair,9700000212,customer492@example.com,"House 172, Gali 3, Delhi Residency, Sector 1",,110024,Delhi,Delhi,HOOD-GRN-M,Green Hoodie,1,1299,COD,Xpressbees,Shopify,fashion COD pilot,Cancelled,,0,cancelled_before_shipping
NS-L-02493,EK987650493,2026-04-18,Vikram Das,9700000213,customer493@example.com,"House 173, 2nd Floor, Ghaziabad Residency, Sector 2",Behind City Mall,201001,Ghaziabad,Uttar Pradesh,DRESS-RED-S,Red Summer Dress,1,2499,COD,Ekart,Instagram,,Delivered,,0,delivered
NS-L-02494,DT987650494,2026-04-19,Anjali Gupta,9700000214,customer494@example.com,"House 174, Plot 72, Bengaluru Residency, Sector 3",Near main market,560095,Bengaluru,Karnataka,WATCH-BLK,Smart Fitness Watch,1,3999,COD,DTDC,WooCommerce,,Delivered,,0,delivered
NS-L-02495,EK987650495,2026-04-20,Mohit Bansal,9700000215,customer495@example.com,Near mandir Ahmedabad main road only,,380015,Ahmedabad,Gujarat,KURTI-BLU-M,Blue Printed Kurti,1,1299,COD,Ekart,WhatsApp,fashion COD pilot,In Transit,,0,in_transit
NS-L-02496,DE987650496,2026-04-21,Rahul Sharma,9700000216,customer496@example.com,Near mandir Jaipur main road only,,302001,Jaipur,Rajasthan,SERUM-VITC,Vitamin C Serum,2,499,COD,Delhivery,Shopify,,Delivered,,0,delivered
NS-L-02497,SH987650497,2026-04-22,Pooja Verma,9700000217,customer497@example.com,"House 177, Gali 3, Pune Residency, Sector 6",Near D Mart,411045,Pune,Maharashtra,EARBUDS-PRO,Wireless Earbuds Pro,1,1999,Prepaid,Shiprocket,Instagram,,Undelivered,Door locked,2,in_ndr
NS-L-02498,DE987650498,2026-04-23,Amit Khan,9700000218,customer498@example.com,"House 178, 2nd Floor, Kolkata Residency, Sector 7",,700016,Kolkata,West Bengal,BAG-TAN,Tan Sling Bag,1,799,Prepaid,Delhivery,WooCommerce,accessories COD pilot,Delivered,,0,delivered
NS-L-02499,XP987650499,2026-04-24,Sneha Iyer,9700000219,customer499@example.com,"House 179, Plot 72, Lucknow Residency, Sector 8",Near main market,226010,Lucknow,Uttar Pradesh,SUPP-ASHWA,Ashwagandha Gummies,1,1299,Prepaid,Xpressbees,WhatsApp,,Delivered,,0,delivered
NS-L-02500,BL987650500,2026-04-25,Kiran Patel,9700000220,customer500@example.com,"House 180, Block A, Indore Residency, Sector 9",Near Metro Station,452010,Indore,Madhya Pradesh,TSH-BLK-L,Oversized Black Tee,1,799,COD,Bluedart,Shopify,,Delivered,,0,delivered
NS-L-02501,SH987650501,2026-04-26,Meena Kumari,9700000221,customer501@example.com,"House 181, Tower B, Surat Residency, Sector 10",Opposite Star Bazaar,395007,Surat,Gujarat,SNEAK-WHT-8,White Sneakers,1,1999,COD,Shadowfax,Instagram,footwear COD pilot,RTO,Customer requested future delivery,3,rto
NS-L-02502,SH987650502,2026-04-27,Devansh Rao,9700000222,customer502@example.com,"House 182, Gali 3, Patna Residency, Sector 11",Near D Mart,800001,Patna,Bihar,HOOD-GRN-M,Green Hoodie,1,1299,COD,Shiprocket,WooCommerce,,Delivered,,0,delivered
NS-L-02503,SH987650503,2026-04-28,Farhan Ali,9700000223,customer503@example.com,"House 183, 2nd Floor, Nagpur Residency, Sector 12",Behind City Mall,440010,Nagpur,Maharashtra,DRESS-RED-S,Red Summer Dress,1,2499,COD,Shadowfax,WhatsApp,,Delivered,,0,delivered
NS-L-02504,SH987650504,2026-04-01,Nisha Jain,9700000224,customer504@example.com,"House 184, Plot 72, Delhi Residency, Sector 1",,110024,Delhi,Delhi,WATCH-BLK,Smart Fitness Watch,1,3999,COD,Shiprocket,Shopify,gadgets COD pilot,RTO,Customer not available,2,rto
NS-L-02505,BL987650505,2026-04-02,Arjun Mehta,9700000225,customer505@example.com,"House 185, Block A, Ghaziabad Residency, Sector 2",Near Metro Station,201001,Ghaziabad,Uttar Pradesh,KURTI-BLU-M,Blue Printed Kurti,1,1299,COD,Bluedart,Instagram,,Undelivered,Cash not ready,2,in_ndr
NS-L-02506,XP987650506,2026-04-03,Sana Shaikh,9700000226,customer506@example.com,Near mandir Bengaluru main road only,,560095,Bengaluru,Karnataka,SERUM-VITC,Vitamin C Serum,1,499,COD,Xpressbees,WooCommerce,,Delivered,,0,delivered
NS-L-02507,BL987650507,2026-04-04,Rohit Singh,9700000227,customer507@example.com,"House 187, Gali 3, Ahmedabad Residency, Sector 4",Near D Mart,380015,Ahmedabad,Gujarat,EARBUDS-PRO,Wireless Earbuds Pro,1,1999,Prepaid,Bluedart,WhatsApp,gadgets COD pilot,Delivered,,0,delivered
NS-L-02508,SH987650508,2026-04-05,Priya Nair,9700000228,customer508@example.com,"House 188, 2nd Floor, Jaipur Residency, Sector 5",Behind City Mall,302001,Jaipur,Rajasthan,BAG-TAN,Tan Sling Bag,1,799,Prepaid,Shadowfax,Shopify,,Delivered,,0,delivered
NS-L-02509,EK987650509,2026-04-06,Vikram Das,9700000229,customer509@example.com,"House 189, Plot 72, Pune Residency, Sector 6",Near main market,411045,Pune,Maharashtra,SUPP-ASHWA,Ashwagandha Gummies,1,1299,Prepaid,Ekart,Instagram,,Delivered,,0,delivered
NS-L-02510,SH987650510,2026-04-07,Anjali Gupta,9700000230,customer510@example.com,"House 20, Block A, Kolkata Residency, Sector 7",,700016,Kolkata,West Bengal,TSH-BLK-L,Oversized Black Tee,1,799,COD,Shadowfax,WooCommerce,fashion COD pilot,RTO,Customer requested future delivery,2,rto
NS-L-02511,SH987650511,2026-04-08,Mohit Bansal,9700000231,customer511@example.com,"House 21, Tower B, Lucknow Residency, Sector 8",Opposite Star Bazaar,226010,Lucknow,Uttar Pradesh,SNEAK-WHT-8,White Sneakers,1,1999,COD,Shiprocket,WhatsApp,,Undelivered,Customer refused delivery,2,in_ndr
NS-L-02512,DE987650512,2026-04-09,Rahul Sharma,9700000232,customer512@example.com,"House 22, Gali 3, Indore Residency, Sector 9",Near D Mart,452010,Indore,Madhya Pradesh,HOOD-GRN-M,Green Hoodie,1,1299,COD,Delhivery,Shopify,,Delivered,,0,delivered
NS-L-02513,DT987650513,2026-04-10,Pooja Verma,9700000233,customer513@example.com,"House 23, 2nd Floor, Surat Residency, Sector 10",Behind City Mall,395007,Surat,Gujarat,DRESS-RED-S,Red Summer Dress,1,2499,COD,DTDC,Instagram,fashion COD pilot,RTO,Customer not available,3,rto
NS-L-02514,EK987650514,2026-04-11,Amit Khan,9700000234,customer514@example.com,"House 24, Plot 72, Patna Residency, Sector 11",Near main market,800001,Patna,Bihar,WATCH-BLK,Smart Fitness Watch,1,3999,COD,Ekart,WooCommerce,,Delivered,,0,delivered
NS-L-02515,DT987650515,2026-04-12,Sneha Iyer,9700000235,customer515@example.com,"House 25, Block A, Nagpur Residency, Sector 12",Near Metro Station,440010,Nagpur,Maharashtra,KURTI-BLU-M,Blue Printed Kurti,1,1299,COD,DTDC,WhatsApp,,Delivered,,0,delivered
NS-L-02516,EK987650516,2026-04-13,Kiran Patel,9700000236,customer516@example.com,"House 26, Tower B, Delhi Residency, Sector 1",,110024,Delhi,Delhi,SERUM-VITC,Vitamin C Serum,1,499,COD,Ekart,Shopify,beauty COD pilot,RTO,Phone not reachable,2,rto
NS-L-02517,DE987650517,2026-04-14,Meena Kumari,9700000237,customer517@example.com,Near mandir Ghaziabad main road only,,201001,Ghaziabad,Uttar Pradesh,EARBUDS-PRO,Wireless Earbuds Pro,1,1999,Prepaid,Delhivery,Instagram,,Delivered,,0,delivered
NS-L-02518,SH987650518,2026-04-15,Devansh Rao,9700000238,customer518@example.com,"House 28, 2nd Floor, Bengaluru Residency, Sector 3",Behind City Mall,560095,Bengaluru,Karnataka,BAG-TAN,Tan Sling Bag,1,799,Prepaid,Shiprocket,WooCommerce,,Undelivered,Address insufficient,1,in_ndr
NS-L-02519,DE987650519,2026-04-16,Farhan Ali,9700000239,customer519@example.com,"House 29, Plot 72, Ahmedabad Residency, Sector 4",Near main market,380015,Ahmedabad,Gujarat,SUPP-ASHWA,Ashwagandha Gummies,1,1299,Prepaid,Delhivery,WhatsApp,wellness COD pilot,Delivered,,0,delivered
NS-L-02520,DT987650520,2026-04-17,Nisha Jain,9700000240,customer520@example.com,Near mandir Jaipur main road only,,302001,Jaipur,Rajasthan,TSH-BLK-L,Oversized Black Tee,1,799,COD,DTDC,Shopify,,Undelivered,Customer refused delivery,1,in_ndr